,Date,TeamName,ScoreOff,FirstDownOff,ThirdDownPctOff,RushAttOff,RushYdsOff,PassAttOff,PassCompOff,PassYdsOff,PassIntOff,FumblesOff,SackYdsOff,PenYdsOff,TimePossOff,PuntAvgOff,Opponent,ScoreDef,FirstDownDef,ThirdDownPctDef,RushAttDef,RushYdsDef,PassAttDef,PassCompDef,PassYdsDef,PassIntDef,FumblesDef,SackYdsDef,PenYdsDef,TimePossDef,Site,Line,Totalline,ScoreDiff,FirstDownDiff,ThirdDownPctDiff,RushAttDiff,RushYdsDiff,PassAttDiff,PassCompDiff,PassYdsDiff,PassIntDiff,FumblesDiff,SackYdsDiff,PenYdsDiff,TimePossDiff
0,09/05/2002,New York Giants,13,21,56,22,43,46,28,339,3,0,24,80,32,35,San Francisco 49ers,16,13,33,25,113,26,16,166,1,0,0,29,27,H,-4.0,39.0,-3,8,23,-3,-70,20,12,173,2,0,24,51,5
1,09/05/2002,San Francisco 49ers,16,13,33,25,113,26,16,166,1,0,0,29,27,44,New York Giants,13,21,56,22,43,46,28,339,3,0,24,80,32,V,4.0,39.0,3,-8,-23,3,70,-20,-12,-173,-2,0,-24,-51,-5
2,09/08/2002,Arizona Cardinals,23,14,31,21,70,36,14,187,1,0,0,5,25,45,Washington Redskins,31,21,56,32,122,40,28,327,1,0,7,56,34,V,-6.0,44.5,-8,-7,-25,-11,-52,-4,-14,-140,0,0,-7,-51,-9
3,09/08/2002,Atlanta Falcons,34,22,50,30,180,23,15,209,0,1,15,82,30,39,Green Bay Packers,37,29,53,38,211,36,25,284,0,1,11,15,38,V,-7.0,42.5,-3,-7,-3,-8,-31,-13,-10,-75,0,0,4,67,-8
4,09/08/2002,Baltimore Ravens,7,15,36,19,77,34,20,218,1,0,6,45,26,36,Carolina Panthers,10,15,36,36,145,19,12,136,0,0,16,35,33,V,0.0,33.0,-3,0,0,-17,-68,15,8,82,1,0,-10,10,-7
5,09/08/2002,Buffalo Bills,31,26,41,32,142,39,26,271,2,1,29,82,39,32,New York Jets,37,18,25,14,73,30,24,210,0,1,17,90,21,H,-3.0,43.0,-6,8,16,18,69,9,2,61,2,0,12,-8,18
6,09/08/2002,Carolina Panthers,10,15,36,36,145,19,12,136,0,0,16,35,33,42,Baltimore Ravens,7,15,36,19,77,34,20,218,1,0,6,45,26,H,0.0,33.0,3,0,0,17,68,-15,-8,-82,-1,0,10,-10,7
7,09/08/2002,Chicago Bears,27,20,54,26,80,33,20,297,1,1,9,33,28,41,Minnesota Vikings,23,19,39,32,136,29,16,234,2,1,6,52,31,H,4.5,41.0,4,1,15,-6,-56,4,4,63,-1,0,3,-19,-3
8,09/08/2002,Cincinnati Bengals,6,13,36,13,36,31,18,198,1,0,31,57,22,44,San Diego Chargers,34,27,60,45,241,19,15,160,0,0,0,39,37,H,3.0,37.0,-28,-14,-24,-32,-205,12,3,38,1,0,31,18,-15
9,09/08/2002,Cleveland Browns,39,24,36,20,59,40,28,359,0,1,7,38,29,37,Kansas City Chiefs,40,24,46,30,194,29,20,276,1,0,0,87,30,H,2.0,36.0,-1,0,-10,-10,-135,11,8,83,-1,1,7,-49,-1
10,09/08/2002,Dallas Cowboys,10,11,15,24,155,30,13,131,1,1,19,117,26,38,Houston Texans,19,13,13,35,78,22,10,145,1,0,22,80,33,V,8.5,33.5,-9,-2,2,-11,77,8,3,-14,0,1,-3,37,-7
11,09/08/2002,Denver Broncos,23,18,20,26,104,27,18,202,2,0,15,31,28,52,St Louis Rams,16,15,25,13,32,41,32,315,1,1,20,44,31,H,-3.0,51.0,7,3,-5,13,72,-14,-14,-113,1,-1,-5,-13,-3
12,09/08/2002,Detroit Lions,21,15,50,19,51,36,17,220,1,1,14,68,25,47,Miami Dolphins,49,27,50,41,182,27,18,207,0,0,0,54,34,V,-9.5,35.5,-28,-12,0,-22,-131,9,-1,13,1,1,14,14,-9
13,09/08/2002,Green Bay Packers,37,29,53,38,211,36,25,284,0,1,11,15,38,36,Atlanta Falcons,34,22,50,30,180,23,15,209,0,1,15,82,30,H,7.0,42.5,3,7,3,8,31,13,10,75,0,0,-4,-67,8
14,09/08/2002,Houston Texans,19,13,13,35,78,22,10,145,1,0,22,80,33,41,Dallas Cowboys,10,11,15,24,155,30,13,131,1,1,19,117,26,H,-8.5,33.5,9,2,-2,11,-77,-8,-3,14,0,-1,3,-37,7
15,09/08/2002,Indianapolis Colts,28,18,64,28,104,31,19,211,0,2,8,14,27,47,Jacksonville Jaguars,25,19,50,32,118,36,22,228,1,1,3,40,32,V,3.5,44.0,3,-1,14,-4,-14,-5,-3,-17,-1,1,5,-26,-5
16,09/08/2002,Jacksonville Jaguars,25,19,50,32,118,36,22,228,1,1,3,40,32,52,Indianapolis Colts,28,18,64,28,104,31,19,211,0,2,8,14,27,H,-3.5,44.0,-3,1,-14,4,14,5,3,17,1,-1,-5,26,5
17,09/08/2002,Kansas City Chiefs,40,24,46,30,194,29,20,276,1,0,0,87,30,41,Cleveland Browns,39,24,36,20,59,40,28,359,0,1,7,38,29,V,-2.0,36.0,1,0,10,10,135,-11,-8,-83,1,-1,-7,49,1
18,09/08/2002,Miami Dolphins,49,27,50,41,182,27,18,207,0,0,0,54,34,48,Detroit Lions,21,15,50,19,51,36,17,220,1,1,14,68,25,H,9.5,35.5,28,12,0,22,131,-9,1,-13,-1,-1,-14,-14,9
19,09/08/2002,Minnesota Vikings,23,19,39,32,136,29,16,234,2,1,6,52,31,39,Chicago Bears,27,20,54,26,80,33,20,297,1,1,9,33,28,V,-4.5,41.0,-4,-1,-15,6,56,-4,-4,-63,1,0,-3,19,3
20,09/08/2002,New Orleans Saints,26,21,50,34,118,42,24,260,1,0,10,45,40,38,Tampa Bay Buccaneers,20,19,37,21,72,53,28,278,1,0,17,85,31,V,-6.0,37.5,6,2,13,13,46,-11,-4,-18,0,0,-7,-40,9
21,09/08/2002,New York Jets,37,18,25,14,73,30,24,210,0,1,17,90,21,38,Buffalo Bills,31,26,41,32,142,39,26,271,2,1,29,82,39,V,3.0,43.0,6,-8,-16,-18,-69,-9,-2,-61,-2,0,-12,8,-18
22,09/08/2002,Oakland Raiders,31,27,58,40,221,28,19,214,1,1,12,45,34,51,Seattle Seahawks,17,14,9,16,43,32,23,155,0,0,12,105,25,H,7.5,40.0,14,13,49,24,178,-4,-4,59,1,1,0,-60,9
23,09/08/2002,Philadelphia Eagles,24,17,47,22,80,36,18,212,2,1,31,113,29,44,Tennessee Titans,27,22,60,25,61,34,24,269,1,3,2,50,30,V,-2.0,37.0,-3,-5,-13,-3,19,2,-6,-57,1,-2,29,63,-1
24,09/08/2002,San Diego Chargers,34,27,60,45,241,19,15,160,0,0,0,39,37,44,Cincinnati Bengals,6,13,36,13,36,31,18,198,1,0,31,57,22,V,-3.0,37.0,28,14,24,32,205,-12,-3,-38,-1,0,-31,-18,15
25,09/08/2002,Seattle Seahawks,17,14,9,16,43,32,23,155,0,0,12,105,25,41,Oakland Raiders,31,27,58,40,221,28,19,214,1,1,12,45,34,V,-7.5,40.0,-14,-13,-49,-24,-178,4,4,-59,-1,-1,0,60,-9
26,09/08/2002,St Louis Rams,16,15,25,13,32,41,32,315,1,1,20,44,31,37,Denver Broncos,23,18,20,26,104,27,18,202,2,0,15,31,28,V,3.0,51.0,-7,-3,5,-13,-72,14,14,113,-1,1,5,13,3
27,09/08/2002,Tampa Bay Buccaneers,20,19,37,21,72,53,28,278,1,0,17,85,31,44,New Orleans Saints,26,21,50,34,118,42,24,260,1,0,10,45,40,H,6.0,37.5,-6,-2,-13,-13,-46,11,4,18,0,0,7,40,-9
28,09/08/2002,Tennessee Titans,27,22,60,25,61,34,24,269,1,3,2,50,30,50,Philadelphia Eagles,24,17,47,22,80,36,18,212,2,1,31,113,29,H,2.0,37.0,3,5,13,3,-19,-2,6,57,-1,2,-29,-63,1
29,09/08/2002,Washington Redskins,31,21,56,32,122,40,28,327,1,0,7,56,34,53,Arizona Cardinals,23,14,31,21,70,36,14,187,1,0,0,5,25,H,6.0,44.5,8,7,25,11,52,4,14,140,0,0,7,51,9
30,09/09/2002,New England Patriots,30,20,39,18,63,43,29,280,0,1,14,88,29,39,Pittsburgh Steelers,14,20,29,24,74,38,25,209,3,2,38,112,30,H,-2.5,37.5,16,0,10,-6,-11,5,4,71,-3,-1,-24,-24,-1
31,09/09/2002,Pittsburgh Steelers,14,20,29,24,74,38,25,209,3,2,38,112,30,39,New England Patriots,30,20,39,18,63,43,29,280,0,1,14,88,29,V,2.5,37.5,-16,0,-10,6,11,-5,-4,-71,3,1,24,24,1
32,09/15/2002,Arizona Cardinals,24,19,46,35,249,22,10,107,1,0,9,42,29,42,Seattle Seahawks,13,26,31,29,81,47,29,352,0,1,7,35,31,V,-4.0,40.5,11,-7,15,6,168,-25,-19,-245,1,-1,2,7,-2
33,09/15/2002,Atlanta Falcons,13,19,39,30,122,28,17,166,0,3,31,40,31,46,Chicago Bears,14,13,31,31,106,24,12,143,1,1,7,79,28,H,2.5,45.0,-1,6,8,-1,16,4,5,23,-1,2,24,-39,3
34,09/15/2002,Baltimore Ravens,0,12,27,20,55,38,16,141,1,0,23,25,24,41,Tampa Bay Buccaneers,25,17,43,30,74,31,24,211,0,0,6,74,35,H,-4.5,32.0,-25,-5,-16,-10,-19,7,-8,-70,1,0,17,-49,-11
35,09/15/2002,Buffalo Bills,45,26,33,14,31,49,35,463,0,0,26,65,30,41,Minnesota Vikings,39,31,44,39,213,46,25,281,0,3,45,65,39,V,-3.5,49.0,6,-5,-11,-25,-182,3,10,182,0,-3,-19,0,-9
36,09/15/2002,Carolina Panthers,31,20,21,30,75,33,21,310,0,0,0,55,33,49,Detroit Lions,7,12,7,22,73,30,12,106,2,1,57,100,26,H,3.0,35.5,24,8,14,8,2,3,9,204,-2,-1,-57,-45,7
37,09/15/2002,Chicago Bears,14,13,31,31,106,24,12,143,1,1,7,79,28,42,Atlanta Falcons,13,19,39,30,122,28,17,166,0,3,31,40,31,V,-2.5,45.0,1,-6,-8,1,-16,-4,-5,-23,1,-2,-24,39,-3
38,09/15/2002,Cincinnati Bengals,7,28,53,31,156,47,26,239,3,0,38,30,31,28,Cleveland Browns,20,15,33,27,75,30,17,198,0,0,8,87,28,V,-3.5,39.0,-13,13,20,4,81,17,9,41,3,0,30,-57,3
39,09/15/2002,Cleveland Browns,20,15,33,27,75,30,17,198,0,0,8,87,28,47,Cincinnati Bengals,7,28,53,31,156,47,26,239,3,0,38,30,31,H,3.5,39.0,13,-13,-20,-4,-81,-17,-9,-41,-3,0,-30,57,-3
40,09/15/2002,Dallas Cowboys,21,14,33,26,67,24,14,240,0,0,10,15,24,42,Tennessee Titans,13,19,41,26,98,43,23,259,1,0,24,40,35,H,-3.5,37.5,8,-5,-8,0,-31,-19,-9,-19,-1,0,-14,-25,-11
41,09/15/2002,Denver Broncos,24,21,50,36,201,19,14,119,0,1,21,30,30,37,San Francisco 49ers,14,18,62,20,71,36,27,205,1,1,15,114,29,V,-3.5,44.0,10,3,-12,16,130,-17,-13,-86,-1,0,6,-84,1
42,09/15/2002,Detroit Lions,7,12,7,22,73,30,12,106,2,1,57,100,26,46,Carolina Panthers,31,20,21,30,75,33,21,310,0,0,0,55,33,V,-3.0,35.5,-24,-8,-14,-8,-2,-3,-9,-204,2,1,57,45,-7
43,09/15/2002,Green Bay Packers,20,18,23,21,95,44,29,270,1,3,8,73,30,53,New Orleans Saints,35,16,58,28,146,28,16,217,2,0,6,59,29,V,2.5,45.5,-15,2,-35,-7,-51,16,13,53,-1,3,2,14,1
44,09/15/2002,Houston Texans,3,7,7,25,89,25,6,87,2,1,58,73,27,41,San Diego Chargers,24,16,29,35,124,28,15,163,1,0,20,35,32,V,-13.5,34.0,-21,-9,-22,-10,-35,-3,-9,-76,1,1,38,38,-5
45,09/15/2002,Indianapolis Colts,13,29,36,31,143,45,26,289,3,0,0,35,31,45,Miami Dolphins,21,17,50,34,163,18,13,187,1,0,8,68,28,H,0.0,47.0,-8,12,-14,-3,-20,27,13,102,2,0,-8,-33,3
46,09/15/2002,Jacksonville Jaguars,23,19,47,29,130,36,25,320,0,1,0,45,31,41,Kansas City Chiefs,16,18,46,28,140,32,16,199,2,0,3,48,28,V,-3.5,46.0,7,1,1,1,-10,4,9,121,-2,1,-3,-3,3
47,09/15/2002,Kansas City Chiefs,16,18,46,28,140,32,16,199,2,0,3,48,28,44,Jacksonville Jaguars,23,19,47,29,130,36,25,320,0,1,0,45,31,H,3.5,46.0,-7,-1,-1,-1,10,-4,-9,-121,2,-1,3,3,-3
48,09/15/2002,Miami Dolphins,21,17,50,34,163,18,13,187,1,0,8,68,28,47,Indianapolis Colts,13,29,36,31,143,45,26,289,3,0,0,35,31,V,0.0,47.0,8,-12,14,3,20,-27,-13,-102,-2,0,8,33,-3
49,09/15/2002,Minnesota Vikings,39,31,44,39,213,46,25,281,0,3,45,65,39,47,Buffalo Bills,45,26,33,14,31,49,35,463,0,0,26,65,30,H,3.5,49.0,-6,5,11,25,182,-3,-10,-182,0,3,19,0,9
50,09/15/2002,New England Patriots,44,24,63,40,163,35,25,269,1,1,0,36,38,42,New York Jets,7,9,8,9,32,33,18,189,1,1,21,55,21,V,-1.0,41.0,37,15,55,31,131,2,7,80,0,0,-21,-19,17
51,09/15/2002,New Orleans Saints,35,16,58,28,146,28,16,217,2,0,6,59,29,41,Green Bay Packers,20,18,23,21,95,44,29,270,1,3,8,73,30,H,-2.5,45.5,15,-2,35,7,51,-16,-13,-53,1,-3,-2,-14,-1
52,09/15/2002,New York Giants,26,16,40,38,103,26,22,307,1,0,16,30,35,43,St Louis Rams,21,18,33,17,92,39,26,266,2,2,6,40,24,V,-12.0,46.0,5,-2,7,21,11,-13,-4,41,-1,-2,10,-10,11
53,09/15/2002,New York Jets,7,9,8,9,32,33,18,189,1,1,21,55,21,46,New England Patriots,44,24,63,40,163,35,25,269,1,1,0,36,38,H,1.0,41.0,-37,-15,-55,-31,-131,-2,-7,-80,0,0,21,19,-17
54,09/15/2002,Oakland Raiders,30,27,60,17,95,65,43,369,2,0,34,69,39,37,Pittsburgh Steelers,17,14,40,18,72,34,18,201,1,4,0,57,20,V,-4.0,39.5,13,13,20,-1,23,31,25,168,1,-4,34,12,19
55,09/15/2002,Pittsburgh Steelers,17,14,40,18,72,34,18,201,1,4,0,57,20,46,Oakland Raiders,30,27,60,17,95,65,43,369,2,0,34,69,39,H,4.0,39.5,-13,-13,-20,1,-23,-31,-25,-168,-1,4,-34,-12,-19
56,09/15/2002,San Diego Chargers,24,16,29,35,124,28,15,163,1,0,20,35,32,39,Houston Texans,3,7,7,25,89,25,6,87,2,1,58,73,27,H,13.5,34.0,21,9,22,10,35,3,9,76,-1,-1,-38,-38,5
57,09/15/2002,San Francisco 49ers,14,18,62,20,71,36,27,205,1,1,15,114,29,39,Denver Broncos,24,21,50,36,201,19,14,119,0,1,21,30,30,H,3.5,44.0,-10,-3,12,-16,-130,17,13,86,1,0,-6,84,-1
58,09/15/2002,Seattle Seahawks,13,26,31,29,81,47,29,352,0,1,7,35,31,44,Arizona Cardinals,24,19,46,35,249,22,10,107,1,0,9,42,29,H,4.0,40.5,-11,7,-15,-6,-168,25,19,245,-1,1,-2,-7,2
59,09/15/2002,St Louis Rams,21,18,33,17,92,39,26,266,2,2,6,40,24,46,New York Giants,26,16,40,38,103,26,22,307,1,0,16,30,35,H,12.0,46.0,-5,2,-7,-21,-11,13,4,-41,1,2,-10,10,-11
60,09/15/2002,Tampa Bay Buccaneers,25,17,43,30,74,31,24,211,0,0,6,74,35,50,Baltimore Ravens,0,12,27,20,55,38,16,141,1,0,23,25,24,V,4.5,32.0,25,5,16,10,19,-7,8,70,-1,0,-17,49,11
61,09/15/2002,Tennessee Titans,13,19,41,26,98,43,23,259,1,0,24,40,35,48,Dallas Cowboys,21,14,33,26,67,24,14,240,0,0,10,15,24,V,3.5,37.5,-8,5,8,0,31,19,9,19,1,0,14,25,11
62,09/16/2002,Philadelphia Eagles,37,22,47,28,168,38,26,292,0,0,9,30,35,45,Washington Redskins,7,11,25,18,89,31,16,119,2,1,29,55,24,V,3.0,44.0,30,11,22,10,79,7,10,173,-2,-1,-20,-25,11
63,09/16/2002,Washington Redskins,7,11,25,18,89,31,16,119,2,1,29,55,24,40,Philadelphia Eagles,37,22,47,28,168,38,26,292,0,0,9,30,35,H,-3.0,44.0,-30,-11,-22,-10,-79,-7,-10,-173,2,1,20,25,-11
64,09/22/2002,Arizona Cardinals,15,15,44,21,97,35,17,229,2,1,29,25,25,40,San Diego Chargers,23,19,47,34,125,31,17,181,1,0,17,80,34,H,-2.5,39.0,-8,-4,-3,-13,-28,4,0,48,1,1,12,-55,-9
65,09/22/2002,Atlanta Falcons,30,18,36,36,143,26,16,174,0,0,11,70,36,35,Cincinnati Bengals,3,11,31,20,66,42,18,136,2,0,11,72,23,H,7.0,42.5,27,7,5,16,77,-16,-2,38,-2,0,0,-2,13
66,09/22/2002,Buffalo Bills,23,17,43,14,39,41,27,283,0,1,31,82,27,49,Denver Broncos,28,22,23,32,163,31,19,211,0,0,32,64,32,V,-7.5,47.0,-5,-5,20,-18,-124,10,8,72,0,1,-1,18,-5
67,09/22/2002,Carolina Panthers,21,20,40,33,164,30,20,221,2,0,15,41,35,42,Minnesota Vikings,14,13,20,18,73,30,19,191,4,1,14,55,24,V,-6.5,44.5,7,7,20,15,91,0,1,30,-2,-1,1,-14,11
68,09/22/2002,Chicago Bears,23,21,40,30,125,40,26,236,1,1,8,49,33,41,New Orleans Saints,29,18,33,24,73,34,22,233,1,2,4,91,26,H,-2.0,40.5,-6,3,7,6,52,6,4,3,0,-1,4,-42,7
69,09/22/2002,Cincinnati Bengals,3,11,31,20,66,42,18,136,2,0,11,72,23,38,Atlanta Falcons,30,18,36,36,143,26,16,174,0,0,11,70,36,V,-7.0,42.5,-27,-7,-5,-16,-77,16,2,-38,2,0,0,2,-13
70,09/22/2002,Cleveland Browns,31,26,53,20,92,50,36,326,1,3,15,57,31,42,Tennessee Titans,28,13,23,34,86,23,15,107,0,0,6,96,33,V,-4.5,40.5,3,13,30,-14,6,27,21,219,1,3,9,-39,-2
71,09/22/2002,Dallas Cowboys,13,18,31,26,123,35,21,201,1,3,20,92,30,46,Philadelphia Eagles,44,26,30,26,153,40,26,309,0,2,15,25,29,V,-10.0,36.5,-31,-8,1,0,-30,-5,-5,-108,1,1,5,67,1
72,09/22/2002,Denver Broncos,28,22,23,32,163,31,19,211,0,0,32,64,32,43,Buffalo Bills,23,17,43,14,39,41,27,283,0,1,31,82,27,H,7.5,47.0,5,5,-20,18,124,-10,-8,-72,0,-1,1,-18,5
73,09/22/2002,Detroit Lions,31,14,23,21,95,35,15,182,4,1,6,24,21,45,Green Bay Packers,37,22,57,31,95,47,31,357,1,2,10,88,38,H,-7.5,44.0,-6,-8,-34,-10,0,-12,-16,-175,3,-1,-4,-64,-17
74,09/22/2002,Green Bay Packers,37,22,57,31,95,47,31,357,1,2,10,88,38,41,Detroit Lions,31,14,23,21,95,35,15,182,4,1,6,24,21,V,7.5,44.0,6,8,34,10,0,12,16,175,-3,1,4,64,17
75,09/22/2002,Houston Texans,3,10,23,30,126,22,12,99,1,1,21,67,28,40,Indianapolis Colts,23,16,46,27,88,28,21,272,0,2,21,45,31,H,-10.5,38.0,-20,-6,-23,3,38,-6,-9,-173,1,-1,0,22,-3
76,09/22/2002,Indianapolis Colts,23,16,46,27,88,28,21,272,0,2,21,45,31,43,Houston Texans,3,10,23,30,126,22,12,99,1,1,21,67,28,V,10.5,38.0,20,6,23,-3,-38,6,9,173,-1,1,0,-22,3
77,09/22/2002,Kansas City Chiefs,38,21,55,34,221,25,16,149,2,1,21,5,27,41,New England Patriots,41,27,47,20,97,55,39,410,1,0,11,100,37,V,-8.5,43.5,-3,-6,8,14,124,-30,-23,-261,1,1,10,-95,-10
78,09/22/2002,Miami Dolphins,30,21,43,35,211,30,16,185,0,0,2,55,32,39,New York Jets,3,13,25,22,58,28,16,157,3,1,26,55,27,H,6.0,40.5,27,8,18,13,153,2,0,28,-3,-1,-24,0,5
79,09/22/2002,Minnesota Vikings,14,13,20,18,73,30,19,191,4,1,14,55,24,43,Carolina Panthers,21,20,40,33,164,30,20,221,2,0,15,41,35,H,6.5,44.5,-7,-7,-20,-15,-91,0,-1,-30,2,1,-1,14,-11
80,09/22/2002,New England Patriots,41,27,47,20,97,55,39,410,1,0,11,100,37,37,Kansas City Chiefs,38,21,55,34,221,25,16,149,2,1,21,5,27,H,8.5,43.5,3,6,-8,-14,-124,30,23,261,-1,-1,-10,95,10
81,09/22/2002,New Orleans Saints,29,18,33,24,73,34,22,233,1,2,4,91,26,43,Chicago Bears,23,21,40,30,125,40,26,236,1,1,8,49,33,V,2.0,40.5,6,-3,-7,-6,-52,-6,-4,-3,0,1,-4,42,-7
82,09/22/2002,New York Giants,9,21,44,35,94,38,23,282,0,0,25,24,36,42,Seattle Seahawks,6,7,33,18,40,25,16,118,1,0,13,37,23,H,5.5,39.0,3,14,11,17,54,13,7,164,-1,0,12,-13,13
83,09/22/2002,New York Jets,3,13,25,22,58,28,16,157,3,1,26,55,27,40,Miami Dolphins,30,21,43,35,211,30,16,185,0,0,2,55,32,V,-6.0,40.5,-27,-8,-18,-13,-153,-2,0,-28,3,1,24,0,-5
84,09/22/2002,Philadelphia Eagles,44,26,30,26,153,40,26,309,0,2,15,25,29,50,Dallas Cowboys,13,18,31,26,123,35,21,201,1,3,20,92,30,H,10.0,36.5,31,8,-1,0,30,5,5,108,-1,-1,-5,-67,-1
85,09/22/2002,San Diego Chargers,23,19,47,34,125,31,17,181,1,0,17,80,34,39,Arizona Cardinals,15,15,44,21,97,35,17,229,2,1,29,25,25,V,2.5,39.0,8,4,3,13,28,-4,0,-48,-1,-1,-12,55,9
86,09/22/2002,San Francisco 49ers,20,22,43,41,252,28,15,125,1,0,11,50,35,40,Washington Redskins,10,12,33,16,57,30,18,183,1,2,23,35,24,H,10.0,44.0,10,10,10,25,195,-2,-3,-58,0,-2,-12,15,11
87,09/22/2002,Seattle Seahawks,6,7,33,18,40,25,16,118,1,0,13,37,23,48,New York Giants,9,21,44,35,94,38,23,282,0,0,25,24,36,V,-5.5,39.0,-3,-14,-11,-17,-54,-13,-7,-164,1,0,-12,13,-13
88,09/22/2002,Tennessee Titans,28,13,23,34,86,23,15,107,0,0,6,96,33,41,Cleveland Browns,31,26,53,20,92,50,36,326,1,3,15,57,31,H,4.5,40.5,-3,-13,-30,14,-6,-27,-21,-219,-1,-3,-9,39,2
89,09/22/2002,Washington Redskins,10,12,33,16,57,30,18,183,1,2,23,35,24,45,San Francisco 49ers,20,22,43,41,252,28,15,125,1,0,11,50,35,V,-10.0,44.0,-10,-10,-10,-25,-195,2,3,58,0,2,12,-15,-11
90,09/23/2002,St Louis Rams,14,21,39,20,89,45,30,301,4,0,32,33,34,39,Tampa Bay Buccaneers,26,14,27,16,63,32,23,199,0,1,10,50,25,V,1.5,44.0,-12,7,12,4,26,13,7,102,4,-1,22,-17,9
91,09/23/2002,Tampa Bay Buccaneers,26,14,27,16,63,32,23,199,0,1,10,50,25,46,St Louis Rams,14,21,39,20,89,45,30,301,4,0,32,33,34,H,-1.5,44.0,12,-7,-12,-4,-26,-13,-7,-102,-4,1,-22,17,-9
92,09/29/2002,Arizona Cardinals,21,18,59,36,102,32,23,168,0,1,7,35,36,41,New York Giants,7,14,27,17,67,36,19,199,2,1,3,110,23,H,-3.0,38.5,14,4,32,19,35,-4,4,-31,-2,0,4,-75,13
93,09/29/2002,Buffalo Bills,33,26,46,25,103,36,28,328,0,1,21,82,32,51,Chicago Bears,27,15,43,26,52,31,19,188,0,0,0,55,29,H,3.0,46.5,6,11,3,-1,51,5,9,140,0,1,21,27,3
94,09/29/2002,Carolina Panthers,14,18,29,35,139,24,10,202,0,3,9,77,31,47,Green Bay Packers,17,17,18,22,99,33,19,231,1,0,32,83,28,V,-6.5,41.5,-3,1,11,13,40,-9,-9,-29,-1,3,-23,-6,3
95,09/29/2002,Chicago Bears,27,15,43,26,52,31,19,188,0,0,0,55,29,39,Buffalo Bills,33,26,46,25,103,36,28,328,0,1,21,82,32,V,-3.0,46.5,-6,-11,-3,1,-51,-5,-9,-140,0,-1,-21,-27,-3
96,09/29/2002,Cincinnati Bengals,7,11,12,29,74,33,12,117,1,1,23,30,28,44,Tampa Bay Buccaneers,35,17,36,28,101,30,19,277,2,1,15,65,31,H,-6.5,33.5,-28,-6,-24,1,-27,3,-7,-160,-1,0,8,-35,-3
97,09/29/2002,Cleveland Browns,13,13,36,24,123,29,16,144,2,0,22,50,29,47,Pittsburgh Steelers,16,21,36,34,93,39,26,265,2,0,0,45,38,V,-6.0,44.0,-3,-8,0,-10,30,-10,-10,-121,0,0,22,5,-9
98,09/29/2002,Dallas Cowboys,13,17,33,27,122,36,26,204,1,1,11,60,31,38,St Louis Rams,10,19,39,21,93,40,25,279,2,1,6,65,28,V,-12.0,44.0,3,-2,-6,6,29,-4,1,-75,-1,0,5,-5,3
99,09/29/2002,Detroit Lions,26,16,33,30,85,35,20,267,0,0,0,44,33,45,New Orleans Saints,21,24,54,16,110,48,27,269,2,1,22,38,26,H,-9.0,45.0,5,-8,-21,14,-25,-13,-7,-2,-2,-1,-22,6,7
100,09/29/2002,Green Bay Packers,17,17,18,22,99,33,19,231,1,0,32,83,28,43,Carolina Panthers,14,18,29,35,139,24,10,202,0,3,9,77,31,H,6.5,41.5,3,-1,-11,-13,-40,9,9,29,1,-3,23,6,-3
101,09/29/2002,Houston Texans,17,12,20,24,91,29,16,188,2,1,37,83,26,43,Philadelphia Eagles,35,21,47,29,102,44,25,316,1,2,27,32,33,V,-19.0,36.0,-18,-9,-27,-5,-11,-15,-9,-128,1,-1,10,51,-7
102,09/29/2002,Jacksonville Jaguars,28,20,40,40,223,15,10,173,0,0,13,15,33,53,New York Jets,3,18,39,22,78,39,21,281,2,2,14,25,26,H,3.5,41.5,25,2,1,18,145,-24,-11,-108,-2,-2,-1,-10,7
103,09/29/2002,Kansas City Chiefs,48,25,39,33,122,34,24,328,0,0,0,71,33,41,Miami Dolphins,30,28,13,19,105,45,29,310,4,1,16,86,26,H,-3.0,44.5,18,-3,26,14,17,-11,-5,18,-4,-1,-16,-15,7
104,09/29/2002,Miami Dolphins,30,28,13,19,105,45,29,310,4,1,16,86,26,46,Kansas City Chiefs,48,25,39,33,122,34,24,328,0,0,0,71,33,V,3.0,44.5,-18,3,-26,-14,-17,11,5,-18,4,1,16,15,-7
105,09/29/2002,Minnesota Vikings,23,28,56,33,192,53,29,273,2,2,22,58,34,53,Seattle Seahawks,48,18,33,31,159,28,13,222,0,1,0,35,25,V,-3.0,44.0,-25,10,23,2,33,25,16,51,2,1,22,23,9
106,09/29/2002,New England Patriots,14,25,50,23,87,53,36,353,2,1,0,45,33,23,San Diego Chargers,21,14,50,34,238,18,10,104,0,1,0,20,26,V,3.0,40.5,-7,11,0,-11,-151,35,26,249,2,0,0,25,7
107,09/29/2002,New Orleans Saints,21,24,54,16,110,48,27,269,2,1,22,38,26,40,Detroit Lions,26,16,33,30,85,35,20,267,0,0,0,44,33,V,9.0,45.0,-5,8,21,-14,25,13,7,2,2,1,22,-6,-7
108,09/29/2002,New York Giants,7,14,27,17,67,36,19,199,2,1,3,110,23,41,Arizona Cardinals,21,18,59,36,102,32,23,168,0,1,7,35,36,V,3.0,38.5,-14,-4,-32,-19,-35,4,-4,31,2,0,-4,75,-13
109,09/29/2002,New York Jets,3,18,39,22,78,39,21,281,2,2,14,25,26,48,Jacksonville Jaguars,28,20,40,40,223,15,10,173,0,0,13,15,33,V,-3.5,41.5,-25,-2,-1,-18,-145,24,11,108,2,2,1,10,-7
110,09/29/2002,Oakland Raiders,52,24,33,21,90,39,29,381,0,1,7,117,29,45,Tennessee Titans,25,23,60,16,43,46,32,398,4,0,11,77,30,H,6.5,45.0,27,1,-27,5,47,-7,-3,-17,-4,1,-4,40,-1
111,09/29/2002,Philadelphia Eagles,35,21,47,29,102,44,25,316,1,2,27,32,33,43,Houston Texans,17,12,20,24,91,29,16,188,2,1,37,83,26,H,19.0,36.0,18,9,27,5,11,15,9,128,-1,1,-10,-51,7
112,09/29/2002,Pittsburgh Steelers,16,21,36,34,93,39,26,265,2,0,0,45,38,34,Cleveland Browns,13,13,36,24,123,29,16,144,2,0,22,50,29,H,6.0,44.0,3,8,0,10,-30,10,10,121,0,0,-22,-5,9
113,09/29/2002,San Diego Chargers,21,14,50,34,238,18,10,104,0,1,0,20,26,40,New England Patriots,14,25,50,23,87,53,36,353,2,1,0,45,33,H,-3.0,40.5,7,-11,0,11,151,-35,-26,-249,-2,0,0,-25,-7
114,09/29/2002,Seattle Seahawks,48,18,33,31,159,28,13,222,0,1,0,35,25,40,Minnesota Vikings,23,28,56,33,192,53,29,273,2,2,22,58,34,H,3.0,44.0,25,-10,-23,-2,-33,-25,-16,-51,-2,-1,-22,-23,-9
115,09/29/2002,St Louis Rams,10,19,39,21,93,40,25,279,2,1,6,65,28,51,Dallas Cowboys,13,17,33,27,122,36,26,204,1,1,11,60,31,H,12.0,44.0,-3,2,6,-6,-29,4,-1,75,1,0,-5,5,-3
116,09/29/2002,Tampa Bay Buccaneers,35,17,36,28,101,30,19,277,2,1,15,65,31,43,Cincinnati Bengals,7,11,12,29,74,33,12,117,1,1,23,30,28,V,6.5,33.5,28,6,24,-1,27,-3,7,160,1,0,-8,35,3
117,09/29/2002,Tennessee Titans,25,23,60,16,43,46,32,398,4,0,11,77,30,46,Oakland Raiders,52,24,33,21,90,39,29,381,0,1,7,117,29,V,-6.5,45.0,-27,-1,27,-5,-47,7,3,17,4,-1,4,-40,1
118,09/30/2002,Baltimore Ravens,34,14,23,30,84,24,13,152,0,2,6,62,27,53,Denver Broncos,23,30,36,21,97,54,35,328,3,0,22,91,32,H,-9.0,35.0,11,-16,-13,9,-13,-30,-22,-176,-3,2,-16,-29,-5
119,09/30/2002,Denver Broncos,23,30,36,21,97,54,35,328,3,0,22,91,32,33,Baltimore Ravens,34,14,23,30,84,24,13,152,0,2,6,62,27,V,9.0,35.0,-11,16,13,-9,13,30,22,176,3,-2,16,29,5
120,10/06/2002,Arizona Cardinals,16,18,33,29,91,40,18,221,1,0,0,62,31,47,Carolina Panthers,13,12,29,24,58,34,20,196,2,2,10,45,28,V,-5.0,35.0,3,6,4,5,33,6,-2,25,-1,-2,-10,17,3
121,10/06/2002,Atlanta Falcons,6,14,21,22,70,38,17,187,4,0,14,41,30,46,Tampa Bay Buccaneers,20,15,31,26,74,31,17,261,1,1,8,35,29,H,2.5,38.5,-14,-1,-10,-4,-4,7,0,-74,3,-1,6,6,1
122,10/06/2002,Baltimore Ravens,26,18,40,34,201,30,19,208,0,1,0,65,30,39,Cleveland Browns,21,21,47,17,62,49,29,396,4,1,25,117,29,V,-6.0,36.5,5,-3,-7,17,139,-19,-10,-188,-4,0,-25,-52,1
123,10/06/2002,Buffalo Bills,31,29,47,18,80,53,32,417,3,0,18,43,31,49,Oakland Raiders,49,24,50,27,142,38,23,357,0,0,4,120,28,H,-3.0,53.5,-18,5,-3,-9,-62,15,9,60,3,0,14,-77,3
124,10/06/2002,Carolina Panthers,13,12,29,24,58,34,20,196,2,2,10,45,28,47,Arizona Cardinals,16,18,33,29,91,40,18,221,1,0,0,62,31,H,5.0,35.0,-3,-6,-4,-5,-33,-6,2,-25,1,2,10,-17,-3
125,10/06/2002,Cincinnati Bengals,21,23,18,24,173,43,31,244,3,1,7,63,30,44,Indianapolis Colts,28,19,43,25,87,34,21,224,1,0,0,71,29,V,-13.5,43.0,-7,4,-25,-1,86,9,10,20,2,1,7,-8,1
126,10/06/2002,Cleveland Browns,21,21,47,17,62,49,29,396,4,1,25,117,29,40,Baltimore Ravens,26,18,40,34,201,30,19,208,0,1,0,65,30,H,6.0,36.5,-5,3,7,-17,-139,19,10,188,4,0,25,52,-1
127,10/06/2002,Dallas Cowboys,17,20,47,25,91,42,23,262,0,0,13,37,31,42,New York Giants,21,16,46,28,104,27,18,228,1,1,16,48,28,H,-1.5,34.5,-4,4,1,-3,-13,15,5,34,-1,-1,-3,-11,3
128,10/06/2002,Denver Broncos,26,20,47,31,117,35,26,316,1,0,16,50,33,44,San Diego Chargers,9,16,53,18,79,42,26,235,2,1,0,41,26,H,6.5,39.5,17,4,-6,13,38,-7,0,81,-1,-1,16,9,7
129,10/06/2002,Indianapolis Colts,28,19,43,25,87,34,21,224,1,0,0,71,29,46,Cincinnati Bengals,21,23,18,24,173,43,31,244,3,1,7,63,30,H,13.5,43.0,7,-4,25,1,-86,-9,-10,-20,-2,-1,-7,8,-1
130,10/06/2002,Jacksonville Jaguars,28,16,18,27,70,23,13,197,0,0,0,21,25,41,Philadelphia Eagles,25,28,41,30,199,48,28,230,0,0,23,75,34,H,-3.0,42.5,3,-12,-23,-3,-129,-25,-15,-33,0,0,-23,-54,-9
131,10/06/2002,Kansas City Chiefs,29,24,50,28,215,33,23,296,1,0,7,65,30,27,New York Jets,25,23,55,26,139,30,23,245,1,0,25,25,29,V,3.0,46.5,4,1,-5,2,76,3,0,51,0,0,-18,40,1
132,10/06/2002,Miami Dolphins,26,21,53,44,137,27,17,190,0,1,8,35,39,38,New England Patriots,13,16,30,17,37,31,17,240,2,1,32,49,20,H,3.0,43.5,13,5,23,27,100,-4,0,-50,-2,0,-24,-14,19
133,10/06/2002,New England Patriots,13,16,30,17,37,31,17,240,2,1,32,49,20,46,Miami Dolphins,26,21,53,44,137,27,17,190,0,1,8,35,39,V,-3.0,43.5,-13,-5,-23,-27,-100,4,0,50,2,0,24,14,-19
134,10/06/2002,New Orleans Saints,32,17,42,27,119,24,14,207,0,0,11,35,27,49,Pittsburgh Steelers,29,23,54,26,120,38,22,268,1,1,24,80,32,H,3.0,43.5,3,-6,-12,1,-1,-14,-8,-61,-1,-1,-13,-45,-5
135,10/06/2002,New York Giants,21,16,46,28,104,27,18,228,1,1,16,48,28,43,Dallas Cowboys,17,20,47,25,91,42,23,262,0,0,13,37,31,V,1.5,34.5,4,-4,-1,3,13,-15,-5,-34,1,1,3,11,-3
136,10/06/2002,New York Jets,25,23,55,26,139,30,23,245,1,0,25,25,29,46,Kansas City Chiefs,29,24,50,28,215,33,23,296,1,0,7,65,30,H,-3.0,46.5,-4,-1,5,-2,-76,-3,0,-51,0,0,18,-40,-1
137,10/06/2002,Oakland Raiders,49,24,50,27,142,38,23,357,0,0,4,120,28,50,Buffalo Bills,31,29,47,18,80,53,32,417,3,0,18,43,31,V,3.0,53.5,18,-5,3,9,62,-15,-9,-60,-3,0,-14,77,-3
138,10/06/2002,Philadelphia Eagles,25,28,41,30,199,48,28,230,0,0,23,75,34,39,Jacksonville Jaguars,28,16,18,27,70,23,13,197,0,0,0,21,25,V,3.0,42.5,-3,12,23,3,129,25,15,33,0,0,23,54,9
139,10/06/2002,Pittsburgh Steelers,29,23,54,26,120,38,22,268,1,1,24,80,32,47,New Orleans Saints,32,17,42,27,119,24,14,207,0,0,11,35,27,V,-3.0,43.5,-3,6,12,-1,1,14,8,61,1,1,13,45,5
140,10/06/2002,San Diego Chargers,9,16,53,18,79,42,26,235,2,1,0,41,26,34,Denver Broncos,26,20,47,31,117,35,26,316,1,0,16,50,33,V,-6.5,39.5,-17,-4,6,-13,-38,7,0,-81,1,1,-16,-9,-7
141,10/06/2002,San Francisco 49ers,37,21,44,27,179,27,18,214,0,0,7,27,29,44,St Louis Rams,13,19,29,24,88,40,23,232,2,0,7,40,30,H,6.0,41.5,24,2,15,3,91,-13,-5,-18,-2,0,0,-13,-1
142,10/06/2002,St Louis Rams,13,19,29,24,88,40,23,232,2,0,7,40,30,38,San Francisco 49ers,37,21,44,27,179,27,18,214,0,0,7,27,29,V,-6.0,41.5,-24,-2,-15,-3,-91,13,5,18,2,0,0,13,1
143,10/06/2002,Tampa Bay Buccaneers,20,15,31,26,74,31,17,261,1,1,8,35,29,43,Atlanta Falcons,6,14,21,22,70,38,17,187,4,0,14,41,30,V,-2.5,38.5,14,1,10,4,4,-7,0,74,-3,1,-6,-6,-1
144,10/06/2002,Tennessee Titans,14,17,18,15,59,39,24,245,3,1,15,46,25,45,Washington Redskins,31,25,57,30,156,38,22,293,0,0,7,46,34,H,3.5,43.5,-17,-8,-39,-15,-97,1,2,-48,3,1,8,0,-9
145,10/06/2002,Washington Redskins,31,25,57,30,156,38,22,293,0,0,7,46,34,39,Tennessee Titans,14,17,18,15,59,39,24,245,3,1,15,46,25,V,-3.5,43.5,17,8,39,15,97,-1,-2,48,-3,-1,-8,0,9
146,10/07/2002,Chicago Bears,21,20,40,16,45,50,27,353,3,1,18,65,28,45,Green Bay Packers,34,20,23,30,124,33,22,359,0,1,26,49,31,H,1.0,44.0,-13,0,17,-14,-79,17,5,-6,3,0,-8,16,-3
147,10/07/2002,Green Bay Packers,34,20,23,30,124,33,22,359,0,1,26,49,31,46,Chicago Bears,21,20,40,16,45,50,27,353,3,1,18,65,28,V,-1.0,44.0,13,0,-17,14,79,-17,-5,6,-3,0,8,-16,3
148,10/13/2002,Atlanta Falcons,17,15,62,24,67,25,19,257,0,0,11,20,29,40,New York Giants,10,18,46,27,113,31,20,207,1,1,14,35,30,V,-6.0,35.5,7,-3,16,-3,-46,-6,-1,50,-1,-1,-3,-15,-1
149,10/13/2002,Baltimore Ravens,20,15,31,26,105,28,15,163,1,2,24,52,28,39,Indianapolis Colts,22,19,23,19,60,40,30,284,1,0,27,70,31,V,-6.5,42.0,-2,-4,8,7,45,-12,-15,-121,0,2,-3,-18,-3
150,10/13/2002,Buffalo Bills,31,25,43,33,173,33,19,254,0,1,24,128,33,45,Houston Texans,24,18,25,29,141,24,13,223,0,0,26,75,26,V,7.0,44.0,7,7,18,4,32,9,6,31,0,1,-2,53,7
151,10/13/2002,Carolina Panthers,13,14,31,33,116,27,16,198,0,0,6,106,33,47,Dallas Cowboys,14,17,23,23,138,32,15,225,1,1,52,71,26,V,-2.0,35.0,-1,-3,8,10,-22,-5,1,-27,-1,-1,-46,35,7
152,10/13/2002,Cincinnati Bengals,7,18,57,24,78,35,23,222,3,1,32,30,28,35,Pittsburgh Steelers,34,21,58,35,211,25,16,216,2,0,19,50,31,H,-6.5,40.5,-27,-3,-1,-11,-133,10,7,6,1,1,13,-20,-3
153,10/13/2002,Cleveland Browns,3,11,35,18,60,40,20,147,1,0,17,66,26,47,Tampa Bay Buccaneers,17,22,43,38,186,32,15,194,1,0,0,45,33,V,-7.5,36.5,-14,-11,-8,-20,-126,8,5,-47,0,0,17,21,-7
154,10/13/2002,Dallas Cowboys,14,17,23,23,138,32,15,225,1,1,52,71,26,44,Carolina Panthers,13,14,31,33,116,27,16,198,0,0,6,106,33,H,2.0,35.0,1,3,-8,-10,22,5,-1,27,1,1,46,-35,-7
155,10/13/2002,Denver Broncos,22,27,38,26,111,46,27,335,2,1,36,70,34,50,Miami Dolphins,24,16,46,22,67,29,19,210,1,1,18,42,25,H,3.5,41.0,-2,11,-8,4,44,17,8,125,1,0,18,28,9
156,10/13/2002,Detroit Lions,24,17,31,17,53,41,25,309,1,0,8,56,28,41,Minnesota Vikings,31,22,42,24,111,36,27,295,1,0,4,75,31,V,-4.5,49.0,-7,-5,-11,-7,-58,5,-2,14,0,0,4,-19,-3
157,10/13/2002,Green Bay Packers,28,20,36,36,158,27,17,147,0,0,4,60,32,43,New England Patriots,10,20,46,22,123,44,24,183,3,1,17,126,27,V,-4.5,47.0,18,0,-10,14,35,-17,-7,-36,-3,-1,-13,-66,5
158,10/13/2002,Houston Texans,24,18,25,29,141,24,13,223,0,0,26,75,26,47,Buffalo Bills,31,25,43,33,173,33,19,254,0,1,24,128,33,H,-7.0,44.0,-7,-7,-18,-4,-32,-9,-6,-31,0,-1,2,-53,-7
159,10/13/2002,Indianapolis Colts,22,19,23,19,60,40,30,284,1,0,27,70,31,52,Baltimore Ravens,20,15,31,26,105,28,15,163,1,2,24,52,28,H,6.5,42.0,2,4,-8,-7,-45,12,15,121,0,-2,3,18,3
160,10/13/2002,Jacksonville Jaguars,14,13,44,26,130,13,7,84,2,0,16,22,22,50,Tennessee Titans,23,25,59,40,152,36,26,226,0,1,8,55,37,V,1.5,44.0,-9,-12,-15,-14,-22,-23,-19,-142,2,-1,8,-33,-15
161,10/13/2002,Kansas City Chiefs,34,17,33,29,88,29,17,236,2,0,5,30,29,43,San Diego Chargers,35,27,50,28,153,41,28,319,2,3,7,35,30,V,-3.0,46.5,-1,-10,-17,1,-65,-12,-11,-83,0,-3,-2,-5,-1
162,10/13/2002,Miami Dolphins,24,16,46,22,67,29,19,210,1,1,18,42,25,41,Denver Broncos,22,27,38,26,111,46,27,335,2,1,36,70,34,V,-3.5,41.0,2,-11,8,-4,-44,-17,-8,-125,-1,0,-18,-28,-9
163,10/13/2002,Minnesota Vikings,31,22,42,24,111,36,27,295,1,0,4,75,31,47,Detroit Lions,24,17,31,17,53,41,25,309,1,0,8,56,28,H,4.5,49.0,7,5,11,7,58,-5,2,-14,0,0,-4,19,3
164,10/13/2002,New England Patriots,10,20,46,22,123,44,24,183,3,1,17,126,27,40,Green Bay Packers,28,20,36,36,158,27,17,147,0,0,4,60,32,H,4.5,47.0,-18,0,10,-14,-35,17,7,36,3,1,13,66,-5
165,10/13/2002,New Orleans Saints,43,16,38,34,119,23,12,205,1,0,13,90,32,40,Washington Redskins,27,20,31,17,54,43,21,320,4,1,56,87,27,V,1.5,45.5,16,-4,7,17,65,-20,-9,-115,-3,-1,-43,3,5
166,10/13/2002,New York Giants,10,18,46,27,113,31,20,207,1,1,14,35,30,36,Atlanta Falcons,17,15,62,24,67,25,19,257,0,0,11,20,29,H,6.0,35.5,-7,3,-16,3,46,6,1,-50,1,1,3,15,1
167,10/13/2002,Oakland Raiders,13,20,27,17,65,45,30,332,2,1,30,107,28,50,St Louis Rams,28,19,36,32,158,21,14,186,0,1,22,82,31,V,7.0,49.0,-15,1,-9,-15,-93,24,16,146,2,0,8,25,-3
168,10/13/2002,Pittsburgh Steelers,34,21,58,35,211,25,16,216,2,0,19,50,31,33,Cincinnati Bengals,7,18,57,24,78,35,23,222,3,1,32,30,28,V,6.5,40.5,27,3,1,11,133,-10,-7,-6,-1,-1,-13,20,3
169,10/13/2002,San Diego Chargers,35,27,50,28,153,41,28,319,2,3,7,35,30,26,Kansas City Chiefs,34,17,33,29,88,29,17,236,2,0,5,30,29,H,3.0,46.5,1,10,17,-1,65,12,11,83,0,3,2,5,1
170,10/13/2002,St Louis Rams,28,19,36,32,158,21,14,186,0,1,22,82,31,44,Oakland Raiders,13,20,27,17,65,45,30,332,2,1,30,107,28,H,-7.0,49.0,15,-1,9,15,93,-24,-16,-146,-2,0,-8,-25,3
171,10/13/2002,Tampa Bay Buccaneers,17,22,43,38,186,32,15,194,1,0,0,45,33,41,Cleveland Browns,3,11,35,18,60,40,20,147,1,0,17,66,26,H,7.5,36.5,14,11,8,20,126,-8,-5,47,0,0,-17,-21,7
172,10/13/2002,Tennessee Titans,23,25,59,40,152,36,26,226,0,1,8,55,37,30,Jacksonville Jaguars,14,13,44,26,130,13,7,84,2,0,16,22,22,H,-1.5,44.0,9,12,15,14,22,23,19,142,-2,1,-8,33,15
173,10/13/2002,Washington Redskins,27,20,31,17,54,43,21,320,4,1,56,87,27,39,New Orleans Saints,43,16,38,34,119,23,12,205,1,0,13,90,32,H,-1.5,45.5,-16,4,-7,-17,-65,20,9,115,3,1,43,-3,-5
174,10/14/2002,San Francisco 49ers,28,24,58,31,161,29,16,202,0,0,12,51,29,38,Seattle Seahawks,21,24,67,30,123,31,21,212,2,0,1,80,30,V,3.0,43.5,7,0,-9,1,38,-2,-5,-10,-2,0,11,-29,-1
175,10/14/2002,Seattle Seahawks,21,24,67,30,123,31,21,212,2,0,1,80,30,44,San Francisco 49ers,28,24,58,31,161,29,16,202,0,0,12,51,29,H,-3.0,43.5,-7,0,9,-1,-38,2,5,10,2,0,-11,29,1
176,10/20/2002,Arizona Cardinals,9,22,43,38,152,46,23,232,0,1,4,15,40,42,Dallas Cowboys,6,14,17,36,148,22,13,202,4,0,8,59,30,H,3.5,36.5,3,8,26,2,4,24,10,30,-4,1,-4,-44,10
177,10/20/2002,Atlanta Falcons,30,25,46,39,187,27,20,214,0,0,8,65,40,50,Carolina Panthers,0,12,27,21,101,26,9,126,1,0,22,40,19,H,4.0,35.5,30,13,19,18,86,1,11,88,-1,0,-14,25,21
178,10/20/2002,Baltimore Ravens,17,16,43,32,118,28,14,152,0,2,9,30,27,36,Jacksonville Jaguars,10,22,38,30,173,46,24,231,3,0,7,30,32,H,-1.5,38.0,7,-6,5,2,-55,-18,-10,-79,-3,2,2,0,-5
179,10/20/2002,Buffalo Bills,23,15,23,27,132,31,15,182,0,0,20,40,28,51,Miami Dolphins,10,17,40,34,132,33,13,165,4,2,10,56,31,V,-6.0,45.5,13,-2,-17,-7,0,-2,2,17,-4,-2,10,-16,-3
180,10/20/2002,Carolina Panthers,0,12,27,21,101,26,9,126,1,0,22,40,19,47,Atlanta Falcons,30,25,46,39,187,27,20,214,0,0,8,65,40,V,-4.0,35.5,-30,-13,-19,-18,-86,-1,-11,-88,1,0,14,-25,-21
181,10/20/2002,Chicago Bears,20,17,50,31,89,25,16,163,1,2,28,40,29,47,Detroit Lions,23,23,25,39,192,30,16,199,0,1,29,79,35,V,3.0,44.5,-3,-6,25,-8,-103,-5,0,-36,1,1,-1,-39,-6
182,10/20/2002,Cleveland Browns,34,14,23,24,89,31,21,148,0,0,7,42,30,40,Houston Texans,17,17,44,21,95,37,23,306,0,2,47,54,29,H,8.5,36.5,17,-3,-21,3,-6,-6,-2,-158,0,-2,-40,-12,1
183,10/20/2002,Dallas Cowboys,6,14,17,36,148,22,13,202,4,0,8,59,30,39,Arizona Cardinals,9,22,43,38,152,46,23,232,0,1,4,15,40,V,-3.5,36.5,-3,-8,-26,-2,-4,-24,-10,-30,4,-1,4,44,-10
184,10/20/2002,Denver Broncos,37,22,33,27,141,50,30,376,0,1,10,75,31,33,Kansas City Chiefs,34,24,31,31,162,33,20,172,0,0,29,50,31,V,3.0,50.5,3,-2,2,-4,-21,17,10,204,0,1,-19,25,0
185,10/20/2002,Detroit Lions,23,23,25,39,192,30,16,199,0,1,29,79,35,43,Chicago Bears,20,17,50,31,89,25,16,163,1,2,28,40,29,H,-3.0,44.5,3,6,-25,8,103,5,0,36,-1,-1,1,39,6
186,10/20/2002,Green Bay Packers,30,19,33,25,88,29,20,167,0,1,12,95,29,32,Washington Redskins,9,19,30,34,146,24,10,135,0,4,43,129,30,H,7.0,48.0,21,0,3,-9,-58,5,10,32,0,-3,-31,-34,-1
187,10/20/2002,Houston Texans,17,17,44,21,95,37,23,306,0,2,47,54,29,39,Cleveland Browns,34,14,23,24,89,31,21,148,0,0,7,42,30,V,-8.5,36.5,-17,3,21,-3,6,6,2,158,0,2,40,12,-1
188,10/20/2002,Jacksonville Jaguars,10,22,38,30,173,46,24,231,3,0,7,30,32,38,Baltimore Ravens,17,16,43,32,118,28,14,152,0,2,9,30,27,V,1.5,38.0,-7,6,-5,-2,55,18,10,79,3,-2,-2,0,5
189,10/20/2002,Kansas City Chiefs,34,24,31,31,162,33,20,172,0,0,29,50,31,30,Denver Broncos,37,22,33,27,141,50,30,376,0,1,10,75,31,H,-3.0,50.5,-3,2,-2,4,21,-17,-10,-204,0,-1,19,-25,0
190,10/20/2002,Miami Dolphins,10,17,40,34,132,33,13,165,4,2,10,56,31,46,Buffalo Bills,23,15,23,27,132,31,15,182,0,0,20,40,28,H,6.0,45.5,-13,2,17,7,0,2,-2,-17,4,2,-10,16,3
191,10/20/2002,Minnesota Vikings,7,21,64,23,101,39,26,288,3,1,0,60,26,31,New York Jets,20,21,46,29,91,29,24,324,0,0,8,45,33,V,-3.0,49.0,-13,0,18,-6,10,10,2,-36,3,1,-8,15,-7
192,10/20/2002,New Orleans Saints,35,27,71,27,179,35,23,254,0,1,11,35,30,0,San Francisco 49ers,27,26,75,25,143,39,23,275,1,1,0,42,29,H,1.5,48.5,8,1,-4,2,36,-4,0,-21,-1,0,11,-7,1
193,10/20/2002,New York Jets,20,21,46,29,91,29,24,324,0,0,8,45,33,28,Minnesota Vikings,7,21,64,23,101,39,26,288,3,1,0,60,26,H,3.0,49.0,13,0,-18,6,-10,-10,-2,36,-3,-1,8,-15,7
194,10/20/2002,Oakland Raiders,21,26,14,12,37,45,35,361,1,0,8,50,27,45,San Diego Chargers,27,24,46,42,172,25,16,170,0,0,9,97,35,H,7.0,47.0,-6,2,-32,-30,-135,20,19,191,1,0,-1,-47,-8
195,10/20/2002,Philadelphia Eagles,20,14,29,34,159,25,12,127,1,1,17,56,31,51,Tampa Bay Buccaneers,10,15,23,21,81,38,23,155,1,1,29,59,28,H,3.0,37.0,10,-1,6,13,78,-13,-11,-28,0,0,-12,-3,3
196,10/20/2002,San Diego Chargers,27,24,46,42,172,25,16,170,0,0,9,97,35,42,Oakland Raiders,21,26,14,12,37,45,35,361,1,0,8,50,27,V,-7.0,47.0,6,-2,32,30,135,-20,-19,-191,-1,0,1,47,8
197,10/20/2002,San Francisco 49ers,27,26,75,25,143,39,23,275,1,1,0,42,29,46,New Orleans Saints,35,27,71,27,179,35,23,254,0,1,11,35,30,V,-1.5,48.5,-8,-1,4,-2,-36,4,0,21,1,0,-11,7,-1
198,10/20/2002,Seattle Seahawks,20,13,18,16,50,30,10,255,2,1,15,15,19,45,St Louis Rams,37,28,50,42,218,40,22,265,1,1,5,35,40,V,-6.5,44.5,-17,-15,-32,-26,-168,-10,-12,-10,1,0,10,-20,-21
199,10/20/2002,St Louis Rams,37,28,50,42,218,40,22,265,1,1,5,35,40,38,Seattle Seahawks,20,13,18,16,50,30,10,255,2,1,15,15,19,H,6.5,44.5,17,15,32,26,168,10,12,10,-1,0,-10,20,21
200,10/20/2002,Tampa Bay Buccaneers,10,15,23,21,81,38,23,155,1,1,29,59,28,43,Philadelphia Eagles,20,14,29,34,159,25,12,127,1,1,17,56,31,V,-3.0,37.0,-10,1,-6,-13,-78,13,11,28,0,0,12,3,-3
201,10/20/2002,Washington Redskins,9,19,30,34,146,24,10,135,0,4,43,129,30,36,Green Bay Packers,30,19,33,25,88,29,20,167,0,1,12,95,29,V,-7.0,48.0,-21,0,-3,9,58,-5,-10,-32,0,3,31,34,1
202,10/21/2002,Indianapolis Colts,10,23,50,21,72,48,32,303,3,0,9,55,30,27,Pittsburgh Steelers,28,22,43,33,182,23,15,188,1,0,6,38,29,V,-4.5,46.0,-18,1,7,-12,-110,25,17,115,2,0,3,17,1
203,10/21/2002,Pittsburgh Steelers,28,22,43,33,182,23,15,188,1,0,6,38,29,48,Indianapolis Colts,10,23,50,21,72,48,32,303,3,0,9,55,30,H,4.5,46.0,18,-1,-7,12,110,-25,-17,-115,-2,0,-3,-17,-1
204,10/27/2002,Arizona Cardinals,28,23,75,27,151,36,24,286,3,1,17,65,32,38,San Francisco 49ers,38,18,50,29,105,28,18,252,0,0,0,25,27,V,-8.5,40.5,-10,5,25,-2,46,8,6,34,3,1,17,40,5
205,10/27/2002,Atlanta Falcons,37,28,64,38,260,25,16,195,0,2,9,85,35,42,New Orleans Saints,35,22,25,24,159,35,16,192,2,1,0,96,24,V,-3.5,47.0,2,6,39,14,101,-10,0,3,-2,1,9,-11,11
206,10/27/2002,Baltimore Ravens,18,26,53,21,67,51,29,298,3,2,5,100,33,51,Pittsburgh Steelers,31,16,42,29,110,25,19,179,1,0,6,51,26,H,-3.0,37.5,-13,10,11,-8,-43,26,10,119,2,2,-1,49,7
207,10/27/2002,Buffalo Bills,24,23,43,24,74,36,21,302,0,2,33,51,31,37,Detroit Lions,17,16,33,24,83,42,20,199,1,0,0,71,28,H,7.5,50.0,7,7,10,0,-9,-6,1,103,-1,2,33,-20,3
208,10/27/2002,Carolina Panthers,9,9,8,31,110,18,5,46,3,1,26,70,26,53,Tampa Bay Buccaneers,12,14,39,27,71,34,23,186,1,1,31,26,33,H,-8.0,31.5,-3,-5,-31,4,39,-16,-18,-140,2,0,-5,44,-7
209,10/27/2002,Chicago Bears,7,12,30,12,44,31,16,204,2,1,30,33,18,41,Minnesota Vikings,25,24,50,44,148,30,22,216,0,1,0,65,41,V,-2.0,46.0,-18,-12,-20,-32,-104,1,-6,-12,2,0,30,-32,-23
210,10/27/2002,Cincinnati Bengals,24,22,46,40,191,23,17,193,0,1,0,81,33,44,Tennessee Titans,30,20,36,27,134,27,16,215,0,1,7,40,26,H,-4.5,42.0,-6,2,10,13,57,-4,1,-22,0,0,-7,41,7
211,10/27/2002,Cleveland Browns,24,18,47,20,42,49,33,307,0,0,15,45,37,42,New York Jets,21,14,33,20,66,27,19,183,1,2,8,40,22,V,-3.0,44.0,3,4,14,0,-24,22,14,124,-1,-2,7,5,15
212,10/27/2002,Dallas Cowboys,14,17,33,28,105,24,12,145,0,1,13,55,27,38,Seattle Seahawks,17,18,63,34,97,31,19,177,2,0,7,57,32,H,2.0,37.0,-3,-1,-30,-6,8,-7,-7,-32,-2,1,6,-2,-5
213,10/27/2002,Denver Broncos,24,23,62,40,136,23,18,229,1,1,14,51,35,36,New England Patriots,16,16,25,19,69,29,15,130,0,0,20,83,24,V,-3.0,46.0,8,7,37,21,67,-6,3,99,1,1,-6,-32,11
214,10/27/2002,Detroit Lions,17,16,33,24,83,42,20,199,1,0,0,71,28,35,Buffalo Bills,24,23,43,24,74,36,21,302,0,2,33,51,31,V,-7.5,50.0,-7,-7,-10,0,9,6,-1,-103,1,-2,-33,20,-3
215,10/27/2002,Houston Texans,21,12,23,31,81,18,11,184,0,1,23,60,26,38,Jacksonville Jaguars,19,18,35,32,126,34,16,202,0,0,38,50,33,V,-11.0,38.0,2,-6,-12,-1,-45,-16,-5,-18,0,1,-15,10,-7
216,10/27/2002,Indianapolis Colts,21,18,55,19,63,32,21,214,2,1,19,40,26,33,Washington Redskins,26,23,50,37,165,36,17,210,0,1,5,30,33,V,-1.0,46.0,-5,-5,5,-18,-102,-4,4,4,2,0,14,10,-7
217,10/27/2002,Jacksonville Jaguars,19,18,35,32,126,34,16,202,0,0,38,50,33,44,Houston Texans,21,12,23,31,81,18,11,184,0,1,23,60,26,H,11.0,38.0,-2,6,12,1,45,16,5,18,0,-1,15,-10,7
218,10/27/2002,Kansas City Chiefs,20,22,50,30,133,30,18,208,2,0,18,33,31,39,Oakland Raiders,10,26,33,17,83,55,35,334,1,1,0,27,28,H,-2.5,55.5,10,-4,17,13,50,-25,-17,-126,1,-1,18,6,3
219,10/27/2002,Minnesota Vikings,25,24,50,44,148,30,22,216,0,1,0,65,41,25,Chicago Bears,7,12,30,12,44,31,16,204,2,1,30,33,18,H,2.0,46.0,18,12,20,32,104,-1,6,12,-2,0,-30,32,23
220,10/27/2002,New England Patriots,16,16,25,19,69,29,15,130,0,0,20,83,24,39,Denver Broncos,24,23,62,40,136,23,18,229,1,1,14,51,35,H,3.0,46.0,-8,-7,-37,-21,-67,6,-3,-99,-1,-1,6,32,-11
221,10/27/2002,New Orleans Saints,35,22,25,24,159,35,16,192,2,1,0,96,24,44,Atlanta Falcons,37,28,64,38,260,25,16,195,0,2,9,85,35,H,3.5,47.0,-2,-6,-39,-14,-101,10,0,-3,2,-1,-9,11,-11
222,10/27/2002,New York Jets,21,14,33,20,66,27,19,183,1,2,8,40,22,40,Cleveland Browns,24,18,47,20,42,49,33,307,0,0,15,45,37,H,3.0,44.0,-3,-4,-14,0,24,-22,-14,-124,1,2,-7,-5,-15
223,10/27/2002,Oakland Raiders,10,26,33,17,83,55,35,334,1,1,0,27,28,28,Kansas City Chiefs,20,22,50,30,133,30,18,208,2,0,18,33,31,V,2.5,55.5,-10,4,-17,-13,-50,25,17,126,-1,1,-18,-6,-3
224,10/27/2002,Pittsburgh Steelers,31,16,42,29,110,25,19,179,1,0,6,51,26,39,Baltimore Ravens,18,26,53,21,67,51,29,298,3,2,5,100,33,V,3.0,37.5,13,-10,-11,8,43,-26,-10,-119,-2,-2,1,-49,-7
225,10/27/2002,San Francisco 49ers,38,18,50,29,105,28,18,252,0,0,0,25,27,39,Arizona Cardinals,28,23,75,27,151,36,24,286,3,1,17,65,32,H,8.5,40.5,10,-5,-25,2,-46,-8,-6,-34,-3,-1,-17,-40,-5
226,10/27/2002,Seattle Seahawks,17,18,63,34,97,31,19,177,2,0,7,57,32,45,Dallas Cowboys,14,17,33,28,105,24,12,145,0,1,13,55,27,V,-2.0,37.0,3,1,30,6,-8,7,7,32,2,-1,-6,2,5
227,10/27/2002,Tampa Bay Buccaneers,12,14,39,27,71,34,23,186,1,1,31,26,33,38,Carolina Panthers,9,9,8,31,110,18,5,46,3,1,26,70,26,V,8.0,31.5,3,5,31,-4,-39,16,18,140,-2,0,5,-44,7
228,10/27/2002,Tennessee Titans,30,20,36,27,134,27,16,215,0,1,7,40,26,50,Cincinnati Bengals,24,22,46,40,191,23,17,193,0,1,0,81,33,V,4.5,42.0,6,-2,-10,-13,-57,4,-1,22,0,0,7,-41,-7
229,10/27/2002,Washington Redskins,26,23,50,37,165,36,17,210,0,1,5,30,33,33,Indianapolis Colts,21,18,55,19,63,32,21,214,2,1,19,40,26,H,1.0,46.0,5,5,-5,18,102,4,-4,-4,-2,0,-14,-10,7
230,10/28/2002,New York Giants,3,18,27,22,103,34,20,251,0,1,12,75,26,42,Philadelphia Eagles,17,21,50,39,299,30,14,137,0,0,14,65,33,V,-7.0,38.5,-14,-3,-23,-17,-196,4,6,114,0,1,-2,10,-7
231,10/28/2002,Philadelphia Eagles,17,21,50,39,299,30,14,137,0,0,14,65,33,43,New York Giants,3,18,27,22,103,34,20,251,0,1,12,75,26,H,7.0,38.5,14,3,23,17,196,-4,-6,-114,0,-1,2,-10,7
232,11/03/2002,Arizona Cardinals,14,13,42,19,64,30,19,193,1,2,22,40,24,41,St Louis Rams,27,23,50,36,192,29,20,245,2,0,22,80,35,H,-5.0,43.5,-13,-10,-8,-17,-128,1,-1,-52,-1,2,0,-40,-11
233,11/03/2002,Atlanta Falcons,20,14,33,34,126,24,12,136,1,0,21,33,31,38,Baltimore Ravens,17,15,53,24,153,28,14,229,1,1,42,62,28,H,7.0,40.5,3,-1,-20,10,-27,-4,-2,-93,0,-1,-21,-29,3
234,11/03/2002,Baltimore Ravens,17,15,53,24,153,28,14,229,1,1,42,62,28,41,Atlanta Falcons,20,14,33,34,126,24,12,136,1,0,21,33,31,V,-7.0,40.5,-3,1,20,-10,27,4,2,93,0,1,21,29,-3
235,11/03/2002,Buffalo Bills,7,28,36,13,65,45,28,302,1,0,36,59,25,31,New England Patriots,38,23,67,35,114,27,23,310,0,0,2,59,34,H,3.0,47.5,-31,5,-31,-22,-49,18,5,-8,1,0,34,0,-9
236,11/03/2002,Chicago Bears,13,18,9,24,74,37,19,205,0,1,19,121,26,37,Philadelphia Eagles,19,23,31,37,114,33,18,209,1,0,17,54,33,H,-7.0,37.5,-6,-5,-22,-13,-40,4,1,-4,-1,1,2,67,-7
237,11/03/2002,Cincinnati Bengals,38,25,60,35,127,27,22,263,0,0,0,100,31,43,Houston Texans,3,22,39,25,82,32,18,199,2,0,13,60,28,V,-2.5,36.5,35,3,21,10,45,-5,4,64,-2,0,-13,40,3
238,11/03/2002,Cleveland Browns,20,9,22,14,36,24,15,181,2,1,24,85,17,40,Pittsburgh Steelers,23,25,50,39,136,44,25,265,1,0,10,21,42,H,-3.5,44.0,-3,-16,-28,-25,-100,-20,-10,-84,1,1,14,64,-25
239,11/03/2002,Dallas Cowboys,7,17,31,27,71,39,22,208,0,2,54,70,34,41,Detroit Lions,9,8,13,23,52,33,14,104,2,0,8,50,25,V,-3.0,37.0,-2,9,18,4,19,6,8,104,-2,2,46,20,9
240,11/03/2002,Detroit Lions,9,8,13,23,52,33,14,104,2,0,8,50,25,46,Dallas Cowboys,7,17,31,27,71,39,22,208,0,2,54,70,34,H,3.0,37.0,2,-9,-18,-4,-19,-6,-8,-104,2,-2,-46,-20,-9
241,11/03/2002,Houston Texans,3,22,39,25,82,32,18,199,2,0,13,60,28,46,Cincinnati Bengals,38,25,60,35,127,27,22,263,0,0,0,100,31,H,2.5,36.5,-35,-3,-21,-10,-45,5,-4,-64,2,0,13,-40,-3
242,11/03/2002,Indianapolis Colts,15,25,31,19,80,50,37,327,1,2,29,48,28,47,Tennessee Titans,23,13,30,31,121,19,14,82,0,0,5,45,31,H,3.0,47.0,-8,12,1,-12,-41,31,23,245,1,2,24,3,-3
243,11/03/2002,Jacksonville Jaguars,17,16,36,20,126,38,23,230,0,1,27,63,26,36,New York Giants,24,26,42,35,177,28,20,228,0,1,11,59,33,V,-3.0,35.5,-7,-10,-6,-15,-51,10,3,2,0,0,16,4,-7
244,11/03/2002,Minnesota Vikings,24,22,55,23,173,31,19,231,2,1,11,83,26,38,Tampa Bay Buccaneers,38,27,55,30,133,31,24,313,0,0,0,52,33,V,-7.5,37.0,-14,-5,0,-7,40,0,-5,-82,2,1,11,31,-7
245,11/03/2002,New England Patriots,38,23,67,35,114,27,23,310,0,0,2,59,34,36,Buffalo Bills,7,28,36,13,65,45,28,302,1,0,36,59,25,V,-3.0,47.5,31,-5,31,22,49,-18,-5,8,-1,0,-34,0,9
246,11/03/2002,New York Giants,24,26,42,35,177,28,20,228,0,1,11,59,33,38,Jacksonville Jaguars,17,16,36,20,126,38,23,230,0,1,27,63,26,H,3.0,35.5,7,10,6,15,51,-10,-3,-2,0,0,-16,-4,7
247,11/03/2002,New York Jets,44,21,47,30,165,37,28,253,0,0,5,65,37,46,San Diego Chargers,13,15,11,14,73,35,22,192,2,1,22,55,22,V,-8.5,41.0,31,6,36,16,92,2,6,61,-2,-1,-17,10,15
248,11/03/2002,Oakland Raiders,20,15,46,21,81,28,18,164,0,1,6,44,24,44,San Francisco 49ers,23,30,65,48,152,36,25,282,0,1,0,40,44,H,3.0,49.5,-3,-15,-19,-27,-71,-8,-7,-118,0,0,6,4,-20
249,11/03/2002,Philadelphia Eagles,19,23,31,37,114,33,18,209,1,0,17,54,33,40,Chicago Bears,13,18,9,24,74,37,19,205,0,1,19,121,26,V,7.0,37.5,6,5,22,13,40,-4,-1,4,1,-1,-2,-67,7
250,11/03/2002,Pittsburgh Steelers,23,25,50,39,136,44,25,265,1,0,10,21,42,42,Cleveland Browns,20,9,22,14,36,24,15,181,2,1,24,85,17,V,3.5,44.0,3,16,28,25,100,20,10,84,-1,-1,-14,-64,25
251,11/03/2002,San Diego Chargers,13,15,11,14,73,35,22,192,2,1,22,55,22,40,New York Jets,44,21,47,30,165,37,28,253,0,0,5,65,37,H,8.5,41.0,-31,-6,-36,-16,-92,-2,-6,-61,2,1,17,-10,-15
252,11/03/2002,San Francisco 49ers,23,30,65,48,152,36,25,282,0,1,0,40,44,35,Oakland Raiders,20,15,46,21,81,28,18,164,0,1,6,44,24,V,-3.0,49.5,3,15,19,27,71,8,7,118,0,0,-6,-4,20
253,11/03/2002,Seattle Seahawks,3,21,35,25,84,44,28,264,0,2,24,52,34,36,Washington Redskins,14,16,46,29,146,27,10,114,1,0,1,68,25,H,2.0,41.5,-11,5,-11,-4,-62,17,18,150,-1,2,23,-16,9
254,11/03/2002,St Louis Rams,27,23,50,36,192,29,20,245,2,0,22,80,35,37,Arizona Cardinals,14,13,42,19,64,30,19,193,1,2,22,40,24,V,5.0,43.5,13,10,8,17,128,-1,1,52,1,-2,0,40,11
255,11/03/2002,Tampa Bay Buccaneers,38,27,55,30,133,31,24,313,0,0,0,52,33,24,Minnesota Vikings,24,22,55,23,173,31,19,231,2,1,11,83,26,H,7.5,37.0,14,5,0,7,-40,0,5,82,-2,-1,-11,-31,7
256,11/03/2002,Tennessee Titans,23,13,30,31,121,19,14,82,0,0,5,45,31,40,Indianapolis Colts,15,25,31,19,80,50,37,327,1,2,29,48,28,V,-3.0,47.0,8,-12,-1,12,41,-31,-23,-245,-1,-2,-24,-3,3
257,11/03/2002,Washington Redskins,14,16,46,29,146,27,10,114,1,0,1,68,25,37,Seattle Seahawks,3,21,35,25,84,44,28,264,0,2,24,52,34,V,-2.0,41.5,11,-5,11,4,62,-17,-18,-150,1,-2,-23,16,-9
258,11/04/2002,Green Bay Packers,24,16,36,23,104,27,17,188,1,0,22,71,28,38,Miami Dolphins,10,25,23,30,143,42,22,198,2,2,35,55,31,H,4.5,41.5,14,-9,13,-7,-39,-15,-5,-10,-1,-2,-13,16,-3
259,11/04/2002,Miami Dolphins,10,25,23,30,143,42,22,198,2,2,35,55,31,38,Green Bay Packers,24,16,36,23,104,27,17,188,1,0,22,71,28,V,-4.5,41.5,-14,9,-13,7,39,15,5,10,1,2,13,-16,3
260,11/10/2002,Arizona Cardinals,6,19,50,29,111,29,17,226,2,3,0,20,27,47,Seattle Seahawks,27,27,57,36,151,31,23,260,0,0,5,34,32,H,3.0,37.0,-21,-8,-7,-7,-40,-2,-6,-34,2,3,-5,-14,-5
261,11/10/2002,Atlanta Falcons,34,21,45,31,182,46,24,294,0,2,29,95,35,45,Pittsburgh Steelers,34,30,38,42,182,41,28,473,1,2,10,25,39,V,-5.5,42.5,0,-9,7,-11,0,5,-4,-179,-1,0,19,70,-4
262,11/10/2002,Baltimore Ravens,38,21,40,32,162,24,16,183,0,2,20,5,27,42,Cincinnati Bengals,27,20,44,28,123,41,28,272,3,1,23,36,32,H,4.0,37.0,11,1,-4,4,39,-17,-12,-89,-3,1,-3,-31,-5
263,11/10/2002,Carolina Panthers,24,21,24,27,100,40,23,310,1,1,14,57,32,44,New Orleans Saints,34,17,27,25,97,38,20,259,0,0,11,63,27,H,-4.0,39.5,-10,4,-3,2,3,2,3,51,1,1,3,-6,5
264,11/10/2002,Chicago Bears,30,14,33,28,125,30,16,183,1,0,9,30,29,41,New England Patriots,33,19,35,19,82,55,36,328,1,1,13,65,31,H,-5.0,39.0,-3,-5,-2,9,43,-25,-20,-145,0,-1,-4,-35,-2
265,11/10/2002,Cincinnati Bengals,27,20,44,28,123,41,28,272,3,1,23,36,32,50,Baltimore Ravens,38,21,40,32,162,24,16,183,0,2,20,5,27,V,-4.0,37.0,-11,-1,4,-4,-39,17,12,89,3,-1,3,31,5
266,11/10/2002,Detroit Lions,14,13,8,17,126,44,20,236,2,0,0,10,20,37,Green Bay Packers,40,24,47,34,150,42,29,363,0,2,10,53,39,V,-10.5,42.0,-26,-11,-39,-17,-24,2,-9,-127,2,-2,-10,-43,-19
267,11/10/2002,Green Bay Packers,40,24,47,34,150,42,29,363,0,2,10,53,39,42,Detroit Lions,14,13,8,17,126,44,20,236,2,0,0,10,20,H,10.5,42.0,26,11,39,17,24,-2,9,127,-2,2,10,43,19
268,11/10/2002,Houston Texans,10,13,27,24,68,34,19,182,2,1,17,47,26,39,Tennessee Titans,17,15,27,39,142,21,10,109,2,0,0,20,33,V,-9.0,39.5,-7,-2,0,-15,-74,13,9,73,0,1,17,27,-7
269,11/10/2002,Indianapolis Colts,35,18,54,35,127,23,18,319,0,1,0,25,30,33,Philadelphia Eagles,13,21,29,22,105,48,27,281,0,2,12,25,29,V,-9.5,41.5,22,-3,25,13,22,-25,-9,38,0,-1,-12,0,1
270,11/10/2002,Jacksonville Jaguars,26,18,40,32,142,29,19,194,0,0,27,55,33,48,Washington Redskins,7,23,25,16,68,51,27,256,3,0,17,49,26,H,1.5,39.5,19,-5,15,16,74,-22,-8,-62,-3,0,10,6,7
271,11/10/2002,Kansas City Chiefs,13,14,36,16,80,27,15,193,0,0,17,37,21,37,San Francisco 49ers,17,22,61,35,155,35,25,175,1,0,7,15,38,V,-5.0,49.0,-4,-8,-25,-19,-75,-8,-10,18,-1,0,10,22,-17
272,11/10/2002,Miami Dolphins,10,15,27,23,69,28,19,227,0,2,17,30,27,33,New York Jets,13,19,18,32,97,27,17,167,0,0,0,36,32,V,-2.5,39.5,-3,-4,9,-9,-28,1,2,60,0,2,17,-6,-5
273,11/10/2002,Minnesota Vikings,20,17,0,26,224,26,12,176,0,2,44,84,25,41,New York Giants,27,26,9,35,169,35,25,300,1,0,9,84,34,H,-1.5,45.0,-7,-9,-9,-9,55,-9,-13,-124,-1,2,35,0,-9
274,11/10/2002,New England Patriots,33,19,35,19,82,55,36,328,1,1,13,65,31,46,Chicago Bears,30,14,33,28,125,30,16,183,1,0,9,30,29,V,5.0,39.0,3,5,2,-9,-43,25,20,145,0,1,4,35,2
275,11/10/2002,New Orleans Saints,34,17,27,25,97,38,20,259,0,0,11,63,27,47,Carolina Panthers,24,21,24,27,100,40,23,310,1,1,14,57,32,V,4.0,39.5,10,-4,3,-2,-3,-2,-3,-51,-1,-1,-3,6,-5
276,11/10/2002,New York Giants,27,26,9,35,169,35,25,300,1,0,9,84,34,44,Minnesota Vikings,20,17,0,26,224,26,12,176,0,2,44,84,25,V,1.5,45.0,7,9,9,9,-55,9,13,124,1,-2,-35,0,9
277,11/10/2002,New York Jets,13,19,18,32,97,27,17,167,0,0,0,36,32,41,Miami Dolphins,10,15,27,23,69,28,19,227,0,2,17,30,27,H,2.5,39.5,3,4,-9,9,28,-1,-2,-60,0,-2,-17,6,5
278,11/10/2002,Philadelphia Eagles,13,21,29,22,105,48,27,281,0,2,12,25,29,49,Indianapolis Colts,35,18,54,35,127,23,18,319,0,1,0,25,30,H,9.5,41.5,-22,3,-25,-13,-22,25,9,-38,0,1,12,0,-1
279,11/10/2002,Pittsburgh Steelers,34,30,38,42,182,41,28,473,1,2,10,25,39,44,Atlanta Falcons,34,21,45,31,182,46,24,294,0,2,29,95,35,H,5.5,42.5,0,9,-7,11,0,-5,4,179,1,0,-19,-70,4
280,11/10/2002,San Diego Chargers,24,15,30,29,126,20,12,139,2,0,9,82,29,34,St Louis Rams,28,25,44,16,71,48,36,453,0,4,0,85,30,V,-6.0,44.0,-4,-10,-14,13,55,-28,-24,-314,2,-4,9,-3,-1
281,11/10/2002,San Francisco 49ers,17,22,61,35,155,35,25,175,1,0,7,15,38,34,Kansas City Chiefs,13,14,36,16,80,27,15,193,0,0,17,37,21,H,5.0,49.0,4,8,25,19,75,8,10,-18,1,0,-10,-22,17
282,11/10/2002,Seattle Seahawks,27,27,57,36,151,31,23,260,0,0,5,34,32,51,Arizona Cardinals,6,19,50,29,111,29,17,226,2,3,0,20,27,V,-3.0,37.0,21,8,7,7,40,2,6,34,-2,-3,5,14,5
283,11/10/2002,St Louis Rams,28,25,44,16,71,48,36,453,0,4,0,85,30,50,San Diego Chargers,24,15,30,29,126,20,12,139,2,0,9,82,29,H,6.0,44.0,4,10,14,-13,-55,28,24,314,-2,4,-9,3,1
284,11/10/2002,Tennessee Titans,17,15,27,39,142,21,10,109,2,0,0,20,33,41,Houston Texans,10,13,27,24,68,34,19,182,2,1,17,47,26,H,9.0,39.5,7,2,0,15,74,-13,-9,-73,0,-1,-17,-27,7
285,11/10/2002,Washington Redskins,7,23,25,16,68,51,27,256,3,0,17,49,26,31,Jacksonville Jaguars,26,18,40,32,142,29,19,194,0,0,27,55,33,V,-1.5,39.5,-19,5,-15,-16,-74,22,8,62,3,0,-10,-6,-7
286,11/11/2002,Denver Broncos,10,27,42,22,77,47,34,293,1,0,28,15,31,38,Oakland Raiders,34,20,60,14,27,38,34,352,0,0,5,35,28,H,6.0,45.5,-24,7,-18,8,50,9,0,-59,1,0,23,-20,3
287,11/11/2002,Oakland Raiders,34,20,60,14,27,38,34,352,0,0,5,35,28,48,Denver Broncos,10,27,42,22,77,47,34,293,1,0,28,15,31,V,-6.0,45.5,24,-7,18,-8,-50,-9,0,59,-1,0,-23,20,-3
288,11/17/2002,Arizona Cardinals,14,15,44,19,117,36,21,170,1,0,39,5,23,38,Philadelphia Eagles,38,26,64,43,213,25,20,255,1,1,5,88,36,V,-12.0,37.5,-24,-11,-20,-24,-96,11,1,-85,0,-1,34,-83,-13
289,11/17/2002,Atlanta Falcons,24,22,50,37,155,23,11,160,1,0,23,70,33,48,New Orleans Saints,17,16,42,21,80,31,20,279,1,1,16,133,26,H,1.5,51.0,7,6,8,16,75,-8,-9,-119,0,-1,7,-63,7
290,11/17/2002,Baltimore Ravens,7,10,15,22,66,28,14,127,1,0,36,50,25,46,Miami Dolphins,26,17,38,39,116,26,18,221,0,0,0,34,34,V,-5.0,34.5,-19,-7,-23,-17,-50,2,-4,-94,1,0,36,16,-9
291,11/17/2002,Buffalo Bills,16,21,54,26,133,36,24,225,1,0,14,139,31,42,Kansas City Chiefs,17,22,36,37,128,20,12,197,0,0,5,39,28,V,-3.5,52.5,-1,-1,18,-11,5,16,12,28,1,0,9,100,3
292,11/17/2002,Carolina Panthers,10,14,29,19,63,38,22,205,3,1,37,10,24,41,Tampa Bay Buccaneers,23,19,44,29,67,40,22,253,0,2,6,34,35,V,-8.0,34.5,-13,-5,-15,-10,-4,-2,0,-48,3,-1,31,-24,-11
293,11/17/2002,Cincinnati Bengals,20,14,42,22,102,30,17,258,0,1,10,32,23,35,Cleveland Browns,27,22,61,35,140,36,22,242,1,0,0,15,36,H,-3.0,41.5,-7,-8,-19,-13,-38,-6,-5,16,-1,1,10,17,-13
294,11/17/2002,Cleveland Browns,27,22,61,35,140,36,22,242,1,0,0,15,36,40,Cincinnati Bengals,20,14,42,22,102,30,17,258,0,1,10,32,23,V,3.0,41.5,7,8,19,13,38,6,5,-16,1,-1,-10,-17,13
295,11/17/2002,Dallas Cowboys,3,11,10,18,84,23,11,131,0,2,37,30,19,38,Indianapolis Colts,20,20,35,34,110,38,29,252,1,0,0,35,40,V,-6.5,39.5,-17,-9,-25,-16,-26,-15,-18,-121,-1,2,37,-5,-21
296,11/17/2002,Denver Broncos,31,22,29,34,202,29,19,209,1,0,10,104,31,36,Seattle Seahawks,9,13,29,16,51,36,22,180,2,1,27,56,28,V,5.5,42.5,22,9,0,18,151,-7,-3,29,-1,-1,-17,48,3
297,11/17/2002,Detroit Lions,14,13,33,20,108,30,15,171,1,0,0,47,21,41,New York Jets,31,26,73,39,189,26,21,229,1,0,10,45,38,H,-3.0,43.0,-17,-13,-40,-19,-81,4,-6,-58,0,0,-10,2,-17
298,11/17/2002,Green Bay Packers,21,18,21,18,71,43,24,296,3,0,0,118,27,39,Minnesota Vikings,31,24,33,37,218,26,13,217,2,1,10,105,32,V,6.5,50.5,-10,-6,-12,-19,-147,17,11,79,1,-1,-10,13,-5
299,11/17/2002,Houston Texans,21,18,18,28,78,30,22,228,1,1,34,40,31,35,Jacksonville Jaguars,24,16,33,28,122,25,15,224,1,0,25,62,28,H,-6.5,36.5,-3,2,-15,0,-44,5,7,4,0,1,9,-22,3
300,11/17/2002,Indianapolis Colts,20,20,35,34,110,38,29,252,1,0,0,35,40,36,Dallas Cowboys,3,11,10,18,84,23,11,131,0,2,37,30,19,H,6.5,39.5,17,9,25,16,26,15,18,121,1,-2,-37,5,21
301,11/17/2002,Jacksonville Jaguars,24,16,33,28,122,25,15,224,1,0,25,62,28,43,Houston Texans,21,18,18,28,78,30,22,228,1,1,34,40,31,V,6.5,36.5,3,-2,15,0,44,-5,-7,-4,0,-1,-9,22,-3
302,11/17/2002,Kansas City Chiefs,17,22,36,37,128,20,12,197,0,0,5,39,28,35,Buffalo Bills,16,21,54,26,133,36,24,225,1,0,14,139,31,H,3.5,52.5,1,1,-18,11,-5,-16,-12,-28,-1,0,-9,-100,-3
303,11/17/2002,Miami Dolphins,26,17,38,39,116,26,18,221,0,0,0,34,34,43,Baltimore Ravens,7,10,15,22,66,28,14,127,1,0,36,50,25,H,5.0,34.5,19,7,23,17,50,-2,4,94,-1,0,-36,-16,9
304,11/17/2002,Minnesota Vikings,31,24,33,37,218,26,13,217,2,1,10,105,32,38,Green Bay Packers,21,18,21,18,71,43,24,296,3,0,0,118,27,H,-6.5,50.5,10,6,12,19,147,-17,-11,-79,-1,1,10,-13,5
305,11/17/2002,New England Patriots,20,11,33,17,48,30,18,172,0,1,25,34,23,44,Oakland Raiders,27,22,50,31,97,38,26,297,1,0,8,115,36,V,-4.5,48.0,-7,-11,-17,-14,-49,-8,-8,-125,-1,1,17,-81,-13
306,11/17/2002,New Orleans Saints,17,16,42,21,80,31,20,279,1,1,16,133,26,39,Atlanta Falcons,24,22,50,37,155,23,11,160,1,0,23,70,33,V,-1.5,51.0,-7,-6,-8,-16,-75,8,9,119,0,1,-7,63,-7
307,11/17/2002,New York Giants,19,21,35,38,88,46,22,211,2,1,0,75,36,32,Washington Redskins,17,12,19,21,60,35,15,113,1,1,7,39,23,H,3.5,34.5,2,9,16,17,28,11,7,98,1,0,-7,36,13
308,11/17/2002,New York Jets,31,26,73,39,189,26,21,229,1,0,10,45,38,45,Detroit Lions,14,13,33,20,108,30,15,171,1,0,0,47,21,V,3.0,43.0,17,13,40,19,81,-4,6,58,0,0,10,-2,17
309,11/17/2002,Oakland Raiders,27,22,50,31,97,38,26,297,1,0,8,115,36,38,New England Patriots,20,11,33,17,48,30,18,172,0,1,25,34,23,H,4.5,48.0,7,11,17,14,49,8,8,125,1,-1,-17,81,13
310,11/17/2002,Philadelphia Eagles,38,26,64,43,213,25,20,255,1,1,5,88,36,37,Arizona Cardinals,14,15,44,19,117,36,21,170,1,0,39,5,23,H,12.0,37.5,24,11,20,24,96,-11,-1,85,0,1,-34,83,13
311,11/17/2002,Pittsburgh Steelers,23,20,39,15,45,45,27,318,3,0,6,20,23,39,Tennessee Titans,31,22,63,40,121,33,18,257,0,1,0,36,36,V,3.0,44.0,-8,-2,-24,-25,-76,12,9,61,3,-1,6,-16,-13
312,11/17/2002,San Diego Chargers,20,26,29,28,105,50,29,336,1,0,0,36,35,47,San Francisco 49ers,17,21,44,30,141,43,25,337,1,0,11,71,35,H,-2.5,43.0,3,5,-15,-2,-36,7,4,-1,0,0,-11,-35,0
313,11/17/2002,San Francisco 49ers,17,21,44,30,141,43,25,337,1,0,11,71,35,43,San Diego Chargers,20,26,29,28,105,50,29,336,1,0,0,36,35,V,2.5,43.0,-3,-5,15,2,36,-7,-4,1,0,0,11,35,0
314,11/17/2002,Seattle Seahawks,9,13,29,16,51,36,22,180,2,1,27,56,28,42,Denver Broncos,31,22,29,34,202,29,19,209,1,0,10,104,31,H,-5.5,42.5,-22,-9,0,-18,-151,7,3,-29,1,1,17,-48,-3
315,11/17/2002,Tampa Bay Buccaneers,23,19,44,29,67,40,22,253,0,2,6,34,35,36,Carolina Panthers,10,14,29,19,63,38,22,205,3,1,37,10,24,H,8.0,34.5,13,5,15,10,4,2,0,48,-3,1,-31,24,11
316,11/17/2002,Tennessee Titans,31,22,63,40,121,33,18,257,0,1,0,36,36,26,Pittsburgh Steelers,23,20,39,15,45,45,27,318,3,0,6,20,23,H,-3.0,44.0,8,2,24,25,76,-12,-9,-61,-3,1,-6,16,13
317,11/17/2002,Washington Redskins,17,12,19,21,60,35,15,113,1,1,7,39,23,38,New York Giants,19,21,35,38,88,46,22,211,2,1,0,75,36,V,-3.5,34.5,-2,-9,-16,-17,-28,-11,-7,-98,-1,0,7,-36,-13
318,11/18/2002,Chicago Bears,16,16,20,22,103,35,20,157,0,0,40,50,30,43,St Louis Rams,21,21,46,20,61,37,22,360,1,1,33,97,29,V,-10.5,43.5,-5,-5,-26,2,42,-2,-2,-203,-1,-1,7,-47,1
319,11/18/2002,St Louis Rams,21,21,46,20,61,37,22,360,1,1,33,97,29,45,Chicago Bears,16,16,20,22,103,35,20,157,0,0,40,50,30,H,10.5,43.5,5,5,26,-2,-42,2,2,203,1,1,-7,47,-1
320,11/24/2002,Arizona Cardinals,20,15,17,20,132,34,16,145,2,1,14,35,23,46,Oakland Raiders,41,28,29,37,187,45,27,340,1,0,7,105,36,H,-9.5,44.0,-21,-13,-12,-17,-55,-11,-11,-195,1,1,7,-70,-13
321,11/24/2002,Atlanta Falcons,41,25,50,47,149,25,20,277,0,1,0,65,39,25,Carolina Panthers,0,10,20,14,71,26,13,115,4,2,64,39,20,V,3.5,37.0,41,15,30,33,78,-1,7,162,-4,-1,-64,26,19
322,11/24/2002,Baltimore Ravens,13,12,15,27,112,24,11,109,1,1,22,65,25,43,Tennessee Titans,12,19,39,30,121,44,22,296,3,1,15,69,34,H,-2.5,38.5,1,-7,-24,-3,-9,-20,-11,-187,-2,0,7,-4,-9
323,11/24/2002,Buffalo Bills,13,17,40,20,88,35,23,186,2,1,16,34,28,44,New York Jets,31,22,50,37,155,24,15,178,0,0,8,5,31,V,-3.0,45.5,-18,-5,-10,-17,-67,11,8,8,2,1,8,29,-3
324,11/24/2002,Carolina Panthers,0,10,20,14,71,26,13,115,4,2,64,39,20,50,Atlanta Falcons,41,25,50,47,149,25,20,277,0,1,0,65,39,H,-3.5,37.0,-41,-15,-30,-33,-78,1,-7,-162,4,1,64,-26,-19
325,11/24/2002,Chicago Bears,20,21,29,25,75,51,31,361,0,1,14,64,34,40,Detroit Lions,17,19,44,29,102,40,21,213,1,1,14,50,31,H,5.0,37.5,3,2,-15,-4,-27,11,10,148,-1,0,0,14,3
326,11/24/2002,Cincinnati Bengals,21,17,47,21,54,39,22,298,0,1,0,110,25,40,Pittsburgh Steelers,29,21,27,35,156,26,22,236,0,0,1,40,34,V,-10.5,44.0,-8,-4,20,-14,-102,13,0,62,0,1,-1,70,-9
327,11/24/2002,Cleveland Browns,24,17,39,37,163,22,12,182,2,0,6,31,31,38,New Orleans Saints,15,19,27,21,74,40,23,318,3,3,9,24,28,V,-5.5,48.5,9,-2,12,16,89,-18,-11,-136,-1,-3,-3,7,3
328,11/24/2002,Dallas Cowboys,21,21,22,31,118,24,16,301,2,1,14,75,32,39,Jacksonville Jaguars,19,19,36,26,132,40,22,202,1,2,8,79,27,H,-2.5,34.0,2,2,-14,5,-14,-16,-6,99,1,-1,6,-4,5
329,11/24/2002,Denver Broncos,20,15,56,22,113,24,15,185,2,0,13,58,21,38,Indianapolis Colts,23,26,71,39,128,44,27,229,1,2,13,31,43,H,6.0,43.0,-3,-11,-15,-17,-15,-20,-12,-44,1,-2,0,27,-22
330,11/24/2002,Detroit Lions,17,19,44,29,102,40,21,213,1,1,14,50,31,37,Chicago Bears,20,21,29,25,75,51,31,361,0,1,14,64,34,V,-5.0,37.5,-3,-2,15,4,27,-11,-10,-148,1,0,0,-14,-3
331,11/24/2002,Green Bay Packers,7,15,31,23,96,38,20,196,4,0,25,62,30,49,Tampa Bay Buccaneers,21,14,18,25,93,30,18,167,1,0,14,54,29,V,-3.0,38.5,-14,1,13,-2,3,8,2,29,3,0,11,8,1
332,11/24/2002,Houston Texans,16,12,25,35,123,23,10,103,0,1,14,68,32,39,New York Giants,14,19,40,25,167,41,18,214,2,1,13,65,27,H,-5.5,34.0,2,-7,-15,10,-44,-18,-8,-111,-2,0,1,3,5
333,11/24/2002,Indianapolis Colts,23,26,71,39,128,44,27,229,1,2,13,31,43,38,Denver Broncos,20,15,56,22,113,24,15,185,2,0,13,58,21,V,-6.0,43.0,3,11,15,17,15,20,12,44,-1,2,0,-27,22
334,11/24/2002,Jacksonville Jaguars,19,19,36,26,132,40,22,202,1,2,8,79,27,45,Dallas Cowboys,21,21,22,31,118,24,16,301,2,1,14,75,32,V,2.5,34.0,-2,-2,14,-5,14,16,6,-99,-1,1,-6,4,-5
335,11/24/2002,Kansas City Chiefs,32,32,20,26,217,34,26,343,1,0,8,70,30,27,Seattle Seahawks,39,32,60,30,180,36,25,362,0,0,8,52,29,V,3.5,44.0,-7,0,-40,-4,37,-2,1,-19,1,0,0,18,1
336,11/24/2002,Miami Dolphins,30,24,39,44,222,23,14,194,0,0,3,70,35,39,San Diego Chargers,3,12,22,20,64,22,15,107,1,1,27,41,24,H,4.0,36.5,27,12,17,24,158,1,-1,87,-1,-1,-24,29,11
337,11/24/2002,Minnesota Vikings,17,26,47,25,153,49,24,272,0,3,8,74,28,28,New England Patriots,24,20,43,33,80,34,21,239,0,0,20,25,31,V,-8.0,47.0,-7,6,4,-8,73,15,3,33,0,3,-12,49,-3
338,11/24/2002,New England Patriots,24,20,43,33,80,34,21,239,0,0,20,25,31,33,Minnesota Vikings,17,26,47,25,153,49,24,272,0,3,8,74,28,H,8.0,47.0,7,-6,-4,8,-73,-15,-3,-33,0,-3,12,-49,3
339,11/24/2002,New Orleans Saints,15,19,27,21,74,40,23,318,3,3,9,24,28,45,Cleveland Browns,24,17,39,37,163,22,12,182,2,0,6,31,31,H,5.5,48.5,-9,2,-12,-16,-89,18,11,136,1,3,3,-7,-3
340,11/24/2002,New York Giants,14,19,40,25,167,41,18,214,2,1,13,65,27,35,Houston Texans,16,12,25,35,123,23,10,103,0,1,14,68,32,V,5.5,34.0,-2,7,15,-10,44,18,8,111,2,0,-1,-3,-5
341,11/24/2002,New York Jets,31,22,50,37,155,24,15,178,0,0,8,5,31,38,Buffalo Bills,13,17,40,20,88,35,23,186,2,1,16,34,28,H,3.0,45.5,18,5,10,17,67,-11,-8,-8,-2,-1,-8,-29,3
342,11/24/2002,Oakland Raiders,41,28,29,37,187,45,27,340,1,0,7,105,36,42,Arizona Cardinals,20,15,17,20,132,34,16,145,2,1,14,35,23,V,9.5,44.0,21,13,12,17,55,11,11,195,-1,-1,-7,70,13
343,11/24/2002,Pittsburgh Steelers,29,21,27,35,156,26,22,236,0,0,1,40,34,42,Cincinnati Bengals,21,17,47,21,54,39,22,298,0,1,0,110,25,H,10.5,44.0,8,4,-20,14,102,-13,0,-62,0,-1,1,-70,9
344,11/24/2002,San Diego Chargers,3,12,22,20,64,22,15,107,1,1,27,41,24,39,Miami Dolphins,30,24,39,44,222,23,14,194,0,0,3,70,35,V,-4.0,36.5,-27,-12,-17,-24,-158,-1,1,-87,1,1,24,-29,-11
345,11/24/2002,Seattle Seahawks,39,32,60,30,180,36,25,362,0,0,8,52,29,35,Kansas City Chiefs,32,32,20,26,217,34,26,343,1,0,8,70,30,H,-3.5,44.0,7,0,40,4,-37,2,-1,19,-1,0,0,-18,-1
346,11/24/2002,St Louis Rams,17,25,69,17,84,49,34,301,1,1,21,65,28,40,Washington Redskins,20,21,58,39,127,24,16,235,0,0,0,40,31,V,3.5,41.0,-3,4,11,-22,-43,25,18,66,1,1,21,25,-3
347,11/24/2002,Tampa Bay Buccaneers,21,14,18,25,93,30,18,167,1,0,14,54,29,44,Green Bay Packers,7,15,31,23,96,38,20,196,4,0,25,62,30,H,3.0,38.5,14,-1,-13,2,-3,-8,-2,-29,-3,0,-11,-8,-1
348,11/24/2002,Tennessee Titans,12,19,39,30,121,44,22,296,3,1,15,69,34,28,Baltimore Ravens,13,12,15,27,112,24,11,109,1,1,22,65,25,V,2.5,38.5,-1,7,24,3,9,20,11,187,2,0,-7,4,9
349,11/24/2002,Washington Redskins,20,21,58,39,127,24,16,235,0,0,0,40,31,43,St Louis Rams,17,25,69,17,84,49,34,301,1,1,21,65,28,H,-3.5,41.0,3,-4,-11,22,43,-25,-18,-66,-1,-1,-21,-25,3
350,11/25/2002,Philadelphia Eagles,38,19,36,31,107,29,21,244,0,0,8,41,27,39,San Francisco 49ers,17,24,45,18,104,63,36,337,0,0,32,86,32,V,-7.0,37.5,21,-5,-9,13,3,-34,-15,-93,0,0,-24,-45,-5
351,11/25/2002,San Francisco 49ers,17,24,45,18,104,63,36,337,0,0,32,86,32,40,Philadelphia Eagles,38,19,36,31,107,29,21,244,0,0,8,41,27,H,7.0,37.5,-21,5,9,-13,-3,34,15,93,0,0,24,45,5
352,11/28/2002,Dallas Cowboys,27,19,21,36,211,25,12,117,0,0,28,48,32,44,Washington Redskins,20,16,23,25,83,37,21,232,4,0,11,56,27,H,-1.0,36.5,7,3,-2,11,128,-12,-9,-115,-4,0,17,-8,5
353,11/28/2002,Detroit Lions,12,14,46,15,82,44,22,210,3,0,0,60,25,45,New England Patriots,20,23,60,38,139,30,18,210,1,0,0,55,35,H,-6.0,46.0,-8,-9,-14,-23,-57,14,4,0,2,0,0,5,-10
354,11/28/2002,New England Patriots,20,23,60,38,139,30,18,210,1,0,0,55,35,27,Detroit Lions,12,14,46,15,82,44,22,210,3,0,0,60,25,V,6.0,46.0,8,9,14,23,57,-14,-4,0,-2,0,0,-5,10
355,11/28/2002,Washington Redskins,20,16,23,25,83,37,21,232,4,0,11,56,27,43,Dallas Cowboys,27,19,21,36,211,25,12,117,0,0,28,48,32,V,1.0,36.5,-7,-3,2,-11,-128,12,9,115,4,0,-17,8,-5
356,12/01/2002,Arizona Cardinals,0,10,31,15,26,43,18,133,4,0,37,50,26,47,Kansas City Chiefs,49,27,58,38,216,25,18,266,0,1,5,51,33,V,-9.0,47.0,-49,-17,-27,-23,-190,18,0,-133,4,-1,32,-1,-7
357,12/01/2002,Atlanta Falcons,30,19,30,29,227,28,11,173,1,2,21,34,25,40,Minnesota Vikings,24,21,37,32,139,43,23,266,3,0,36,95,36,V,3.5,47.5,6,-2,-7,-3,88,-15,-12,-93,-2,2,-15,-61,-11
358,12/01/2002,Baltimore Ravens,27,15,46,31,148,19,10,115,0,0,16,79,27,35,Cincinnati Bengals,23,25,38,30,73,46,30,308,1,1,0,30,32,V,2.5,37.5,4,-10,8,1,75,-27,-20,-193,-1,-1,16,49,-5
359,12/01/2002,Buffalo Bills,38,21,53,37,161,27,15,306,0,0,36,56,32,30,Miami Dolphins,21,14,36,34,270,20,11,55,1,2,25,38,27,H,-2.0,37.0,17,7,17,3,-109,7,4,251,-1,-2,11,18,5
360,12/01/2002,Carolina Panthers,13,11,33,38,145,19,8,89,2,0,0,25,32,42,Cleveland Browns,6,14,33,28,140,27,12,130,3,2,12,10,27,V,-7.5,34.5,7,-3,0,10,5,-8,-4,-41,-1,-2,-12,15,5
361,12/01/2002,Chicago Bears,20,19,27,17,74,38,27,248,1,4,18,39,27,41,Green Bay Packers,30,26,43,32,181,42,24,221,1,2,6,33,32,V,-9.5,37.5,-10,-7,-16,-15,-107,-4,3,27,0,2,12,6,-5
362,12/01/2002,Cincinnati Bengals,23,25,38,30,73,46,30,308,1,1,0,30,32,23,Baltimore Ravens,27,15,46,31,148,19,10,115,0,0,16,79,27,H,-2.5,37.5,-4,10,-8,-1,-75,27,20,193,1,1,-16,-49,5
363,12/01/2002,Cleveland Browns,6,14,33,28,140,27,12,130,3,2,12,10,27,33,Carolina Panthers,13,11,33,38,145,19,8,89,2,0,0,25,32,H,7.5,34.5,-7,3,0,-10,-5,8,4,41,1,2,12,-15,-5
364,12/01/2002,Denver Broncos,27,20,15,27,156,39,22,288,2,1,27,57,32,37,San Diego Chargers,30,25,39,38,220,41,27,217,0,0,3,5,39,V,3.0,40.0,-3,-5,-24,-11,-64,-2,-5,71,2,1,24,52,-7
365,12/01/2002,Green Bay Packers,30,26,43,32,181,42,24,221,1,2,6,33,32,45,Chicago Bears,20,19,27,17,74,38,27,248,1,4,18,39,27,H,9.5,37.5,10,7,16,15,107,4,-3,-27,0,-2,-12,-6,5
366,12/01/2002,Houston Texans,3,10,13,20,65,35,20,137,0,2,37,92,27,40,Indianapolis Colts,19,13,27,32,88,28,15,190,0,1,0,75,32,V,-11.5,39.5,-16,-3,-14,-12,-23,7,5,-53,0,1,37,17,-5
367,12/01/2002,Indianapolis Colts,19,13,27,32,88,28,15,190,0,1,0,75,32,44,Houston Texans,3,10,13,20,65,35,20,137,0,2,37,92,27,H,11.5,39.5,16,3,14,12,23,-7,-5,53,0,-1,-37,-17,5
368,12/01/2002,Jacksonville Jaguars,23,13,27,21,102,23,12,146,0,0,22,0,21,42,Pittsburgh Steelers,25,23,18,40,219,27,17,201,1,0,17,25,38,H,-3.0,44.0,-2,-10,9,-19,-117,-4,-5,-55,-1,0,5,-25,-17
369,12/01/2002,Kansas City Chiefs,49,27,58,38,216,25,18,266,0,1,5,51,33,39,Arizona Cardinals,0,10,31,15,26,43,18,133,4,0,37,50,26,H,9.0,47.0,49,17,27,23,190,-18,0,133,-4,1,-32,1,7
370,12/01/2002,Miami Dolphins,21,14,36,34,270,20,11,55,1,2,25,38,27,30,Buffalo Bills,38,21,53,37,161,27,15,306,0,0,36,56,32,V,2.0,37.0,-17,-7,-17,-3,109,-7,-4,-251,1,2,-11,-18,-5
371,12/01/2002,Minnesota Vikings,24,21,37,32,139,43,23,266,3,0,36,95,36,44,Atlanta Falcons,30,19,30,29,227,28,11,173,1,2,21,34,25,H,-3.5,47.5,-6,2,7,3,-88,15,12,93,2,-2,15,61,11
372,12/01/2002,New Orleans Saints,23,14,53,31,102,26,10,165,0,1,29,57,27,40,Tampa Bay Buccaneers,20,17,14,16,34,44,28,276,1,2,27,40,32,H,-1.5,40.0,3,-3,39,15,68,-18,-18,-111,-1,-1,2,17,-5
373,12/01/2002,New York Giants,29,24,40,25,62,36,22,283,0,0,0,55,29,29,Tennessee Titans,32,31,50,32,142,43,30,334,0,1,0,121,35,H,3.0,34.0,-3,-7,-10,-7,-80,-7,-8,-51,0,-1,0,-66,-6
374,12/01/2002,Philadelphia Eagles,10,12,31,31,108,30,14,181,0,4,24,65,29,37,St Louis Rams,3,13,32,20,76,42,20,218,2,3,44,35,30,H,-2.0,38.0,7,-1,-1,11,32,-12,-6,-37,-2,1,-20,30,-1
375,12/01/2002,Pittsburgh Steelers,25,23,18,40,219,27,17,201,1,0,17,25,38,53,Jacksonville Jaguars,23,13,27,21,102,23,12,146,0,0,22,0,21,V,3.0,44.0,2,10,-9,19,117,4,5,55,1,0,-5,25,17
376,12/01/2002,San Diego Chargers,30,25,39,38,220,41,27,217,0,0,3,5,39,42,Denver Broncos,27,20,15,27,156,39,22,288,2,1,27,57,32,H,-3.0,40.0,3,5,24,11,64,2,5,-71,-2,-1,-24,-52,7
377,12/01/2002,San Francisco 49ers,31,21,56,38,142,29,16,164,2,0,7,10,32,39,Seattle Seahawks,24,25,53,19,80,55,30,427,2,1,0,55,27,H,8.5,43.5,7,-4,3,19,62,-26,-14,-263,0,-1,7,-45,5
378,12/01/2002,Seattle Seahawks,24,25,53,19,80,55,30,427,2,1,0,55,27,41,San Francisco 49ers,31,21,56,38,142,29,16,164,2,0,7,10,32,V,-8.5,43.5,-7,4,-3,-19,-62,26,14,263,0,1,-7,45,-5
379,12/01/2002,St Louis Rams,3,13,32,20,76,42,20,218,2,3,44,35,30,39,Philadelphia Eagles,10,12,31,31,108,30,14,181,0,4,24,65,29,V,2.0,38.0,-7,1,1,-11,-32,12,6,37,2,-1,20,-30,1
380,12/01/2002,Tampa Bay Buccaneers,20,17,14,16,34,44,28,276,1,2,27,40,32,52,New Orleans Saints,23,14,53,31,102,26,10,165,0,1,29,57,27,V,1.5,40.0,-3,3,-39,-15,-68,18,18,111,1,1,-2,-17,5
381,12/01/2002,Tennessee Titans,32,31,50,32,142,43,30,334,0,1,0,121,35,32,New York Giants,29,24,40,25,62,36,22,283,0,0,0,55,29,V,-3.0,34.0,3,7,10,7,80,7,8,51,0,1,0,66,6
382,12/02/2002,New York Jets,20,18,13,14,32,34,22,265,1,1,23,40,23,42,Oakland Raiders,26,25,50,26,98,42,31,342,0,0,29,83,36,V,-6.0,47.5,-6,-7,-37,-12,-66,-8,-9,-77,1,1,-6,-43,-13
383,12/02/2002,Oakland Raiders,26,25,50,26,98,42,31,342,0,0,29,83,36,38,New York Jets,20,18,13,14,32,34,22,265,1,1,23,40,23,H,6.0,47.5,6,7,37,12,66,8,9,77,-1,-1,6,43,13
384,12/08/2002,Arizona Cardinals,23,21,35,31,133,43,24,228,1,0,48,92,38,45,Detroit Lions,20,15,17,15,51,39,20,152,0,1,0,75,25,H,-1.0,39.5,3,6,18,16,82,4,4,76,1,-1,48,17,13
385,12/08/2002,Atlanta Falcons,10,10,25,22,68,25,12,125,1,0,12,45,26,43,Tampa Bay Buccaneers,34,22,50,29,150,31,23,276,0,0,5,38,33,V,-3.5,37.0,-24,-12,-25,-7,-82,-6,-11,-151,1,0,7,7,-7
386,12/08/2002,Baltimore Ravens,25,19,33,24,114,39,18,316,2,3,20,69,25,25,New Orleans Saints,37,22,39,40,156,33,16,226,0,2,23,35,34,H,-2.0,42.5,-12,-3,-6,-16,-42,6,2,90,2,1,-3,34,-9
387,12/08/2002,Buffalo Bills,17,24,71,18,78,51,32,328,4,1,16,29,30,43,New England Patriots,27,14,36,26,92,27,15,183,0,0,0,65,29,V,-3.5,45.0,-10,10,35,-8,-14,24,17,145,4,1,16,-36,1
388,12/08/2002,Carolina Panthers,52,23,56,29,82,29,21,319,1,2,0,91,28,40,Cincinnati Bengals,31,25,40,29,83,37,25,295,0,1,38,39,31,H,3.0,37.5,21,-2,16,0,-1,-8,-4,24,1,1,-38,52,-3
389,12/08/2002,Cincinnati Bengals,31,25,40,29,83,37,25,295,0,1,38,39,31,32,Carolina Panthers,52,23,56,29,82,29,21,319,1,2,0,91,28,V,-3.0,37.5,-21,2,-16,0,1,8,4,-24,-1,-1,38,-52,3
390,12/08/2002,Cleveland Browns,21,21,47,33,173,35,21,264,2,0,20,68,34,40,Jacksonville Jaguars,20,13,18,31,157,14,10,73,0,0,19,51,25,V,-2.5,41.5,1,8,29,2,16,21,11,191,2,0,1,17,9
391,12/08/2002,Dallas Cowboys,27,10,33,27,110,28,11,147,2,0,0,35,24,40,San Francisco 49ers,31,26,50,30,125,55,36,276,0,1,0,69,35,H,-4.5,40.0,-4,-16,-17,-3,-15,-27,-25,-129,2,-1,0,-34,-11
392,12/08/2002,Denver Broncos,13,21,60,29,111,37,28,266,1,0,8,55,32,44,New York Jets,19,18,54,22,64,30,19,244,0,0,27,15,27,V,1.5,43.0,-6,3,6,7,47,7,9,22,1,0,-19,40,5
393,12/08/2002,Detroit Lions,20,15,17,15,51,39,20,152,0,1,0,75,25,40,Arizona Cardinals,23,21,35,31,133,43,24,228,1,0,48,92,38,V,1.0,39.5,-3,-6,-18,-16,-82,-4,-4,-76,-1,1,-48,-17,-13
394,12/08/2002,Green Bay Packers,26,20,58,28,124,32,22,214,1,1,10,25,30,35,Minnesota Vikings,22,15,20,25,191,28,15,136,1,0,11,62,29,H,9.5,43.5,4,5,38,3,-67,4,7,78,0,1,-1,-37,1
395,12/08/2002,Houston Texans,24,3,8,26,37,10,3,33,0,1,23,18,20,42,Pittsburgh Steelers,6,24,35,31,128,58,31,326,2,3,32,57,39,V,-14.0,37.5,18,-21,-27,-5,-91,-48,-28,-293,-2,-2,-9,-39,-19
396,12/08/2002,Indianapolis Colts,17,22,64,24,92,42,26,297,3,0,0,48,27,48,Tennessee Titans,27,18,67,33,119,23,19,237,0,1,8,19,32,V,1.0,43.0,-10,4,-3,-9,-27,19,7,60,3,-1,-8,29,-5
397,12/08/2002,Jacksonville Jaguars,20,13,18,31,157,14,10,73,0,0,19,51,25,47,Cleveland Browns,21,21,47,33,173,35,21,264,2,0,20,68,34,H,2.5,41.5,-1,-8,-29,-2,-16,-21,-11,-191,-2,0,-1,-17,-9
398,12/08/2002,Kansas City Chiefs,49,21,38,37,180,16,11,116,0,0,3,15,31,35,St Louis Rams,10,16,25,18,32,35,24,218,2,1,48,40,28,H,4.5,45.5,39,5,13,19,148,-19,-13,-102,-2,-1,-45,-25,3
399,12/08/2002,Minnesota Vikings,22,15,20,25,191,28,15,136,1,0,11,62,29,33,Green Bay Packers,26,20,58,28,124,32,22,214,1,1,10,25,30,V,-9.5,43.5,-4,-5,-38,-3,67,-4,-7,-78,0,-1,1,37,-1
400,12/08/2002,New England Patriots,27,14,36,26,92,27,15,183,0,0,0,65,29,36,Buffalo Bills,17,24,71,18,78,51,32,328,4,1,16,29,30,H,3.5,45.0,10,-10,-35,8,14,-24,-17,-145,-4,-1,-16,36,-1
401,12/08/2002,New Orleans Saints,37,22,39,40,156,33,16,226,0,2,23,35,34,35,Baltimore Ravens,25,19,33,24,114,39,18,316,2,3,20,69,25,V,2.0,42.5,12,3,6,16,42,-6,-2,-90,-2,-1,3,-34,9
402,12/08/2002,New York Giants,27,16,33,29,111,31,17,212,0,0,7,61,30,33,Washington Redskins,21,23,53,20,132,46,25,363,1,4,48,90,29,V,-3.0,37.5,6,-7,-20,9,-21,-15,-8,-151,-1,-4,-41,-29,1
403,12/08/2002,New York Jets,19,18,54,22,64,30,19,244,0,0,27,15,27,34,Denver Broncos,13,21,60,29,111,37,28,266,1,0,8,55,32,H,-1.5,43.0,6,-3,-6,-7,-47,-7,-9,-22,-1,0,19,-40,-5
404,12/08/2002,Oakland Raiders,27,22,53,25,67,41,26,328,0,0,2,57,31,38,San Diego Chargers,7,19,36,25,65,41,22,239,3,0,13,46,28,V,3.5,45.5,20,3,17,0,2,0,4,89,-3,0,-11,11,3
405,12/08/2002,Philadelphia Eagles,27,20,43,31,126,36,21,190,1,0,0,15,30,35,Seattle Seahawks,20,24,25,25,172,45,24,223,3,0,28,56,29,V,3.0,37.5,7,-4,18,6,-46,-9,-3,-33,-2,0,-28,-41,1
406,12/08/2002,Pittsburgh Steelers,6,24,35,31,128,58,31,326,2,3,32,57,39,35,Houston Texans,24,3,8,26,37,10,3,33,0,1,23,18,20,H,14.0,37.5,-18,21,27,5,91,48,28,293,2,2,9,39,19
407,12/08/2002,San Diego Chargers,7,19,36,25,65,41,22,239,3,0,13,46,28,42,Oakland Raiders,27,22,53,25,67,41,26,328,0,0,2,57,31,H,-3.5,45.5,-20,-3,-17,0,-2,0,-4,-89,3,0,11,-11,-3
408,12/08/2002,San Francisco 49ers,31,26,50,30,125,55,36,276,0,1,0,69,35,28,Dallas Cowboys,27,10,33,27,110,28,11,147,2,0,0,35,24,V,4.5,40.0,4,16,17,3,15,27,25,129,-2,1,0,34,11
409,12/08/2002,Seattle Seahawks,20,24,25,25,172,45,24,223,3,0,28,56,29,36,Philadelphia Eagles,27,20,43,31,126,36,21,190,1,0,0,15,30,H,-3.0,37.5,-7,4,-18,-6,46,9,3,33,2,0,28,41,-1
410,12/08/2002,St Louis Rams,10,16,25,18,32,35,24,218,2,1,48,40,28,36,Kansas City Chiefs,49,21,38,37,180,16,11,116,0,0,3,15,31,V,-4.5,45.5,-39,-5,-13,-19,-148,19,13,102,2,1,45,25,-3
411,12/08/2002,Tampa Bay Buccaneers,34,22,50,29,150,31,23,276,0,0,5,38,33,41,Atlanta Falcons,10,10,25,22,68,25,12,125,1,0,12,45,26,H,3.5,37.0,24,12,25,7,82,6,11,151,-1,0,-7,-7,7
412,12/08/2002,Tennessee Titans,27,18,67,33,119,23,19,237,0,1,8,19,32,50,Indianapolis Colts,17,22,64,24,92,42,26,297,3,0,0,48,27,H,-1.0,43.0,10,-4,3,9,27,-19,-7,-60,-3,1,8,-29,5
413,12/08/2002,Washington Redskins,21,23,53,20,132,46,25,363,1,4,48,90,29,38,New York Giants,27,16,33,29,111,31,17,212,0,0,7,61,30,H,3.0,37.5,-6,7,20,-9,21,15,8,151,1,4,41,29,-1
414,12/09/2002,Chicago Bears,9,12,17,24,107,32,11,101,3,1,13,55,24,43,Miami Dolphins,27,22,44,42,255,29,15,196,1,2,15,60,35,V,-10.5,37.0,-18,-10,-27,-18,-148,3,-4,-95,2,-1,-2,-5,-11
415,12/09/2002,Miami Dolphins,27,22,44,42,255,29,15,196,1,2,15,60,35,42,Chicago Bears,9,12,17,24,107,32,11,101,3,1,13,55,24,H,10.5,37.0,18,10,27,18,148,-3,4,95,-2,1,2,5,11
416,12/15/2002,Arizona Cardinals,28,20,50,31,129,27,17,258,1,1,9,75,28,47,St Louis Rams,30,20,39,19,66,40,24,319,2,0,19,43,31,V,-11.0,43.0,-2,0,11,12,63,-13,-7,-61,-1,1,-10,32,-3
417,12/15/2002,Atlanta Falcons,24,21,40,35,150,38,21,240,2,1,17,95,38,47,Seattle Seahawks,30,25,57,37,166,31,22,298,0,3,0,45,31,H,9.5,46.0,-6,-4,-17,-2,-16,7,-1,-58,2,-2,17,50,7
418,12/15/2002,Baltimore Ravens,23,16,38,33,70,30,18,228,0,0,0,15,31,43,Houston Texans,19,15,47,24,95,34,19,196,2,0,14,58,28,V,3.0,35.0,4,1,-9,9,-25,-4,-1,32,-2,0,-14,-43,3
419,12/15/2002,Buffalo Bills,20,17,17,25,155,33,11,107,0,1,6,60,26,37,San Diego Chargers,13,14,28,30,100,35,16,212,0,0,20,121,33,H,3.0,42.5,7,3,-11,-5,55,-2,-5,-105,0,1,-14,-61,-7
420,12/15/2002,Carolina Panthers,14,11,36,16,50,34,17,126,1,3,45,35,20,43,Pittsburgh Steelers,30,19,50,38,129,34,21,215,1,1,12,5,39,V,-9.0,39.0,-16,-8,-14,-22,-79,0,-4,-89,0,2,33,30,-19
421,12/15/2002,Chicago Bears,20,20,50,27,105,28,23,177,0,0,16,74,32,44,New York Jets,13,19,36,24,134,33,22,207,0,1,7,54,27,H,-6.5,38.0,7,1,14,3,-29,-5,1,-30,0,-1,9,20,5
422,12/15/2002,Cincinnati Bengals,15,19,41,24,65,42,22,258,1,1,23,29,29,41,Jacksonville Jaguars,29,20,25,30,109,28,19,223,0,0,11,54,30,H,-3.0,45.0,-14,-1,16,-6,-44,14,3,35,1,1,12,-25,-1
423,12/15/2002,Cleveland Browns,23,18,25,29,87,35,21,287,0,0,25,39,30,43,Indianapolis Colts,28,20,40,33,143,34,20,277,1,1,3,44,29,H,-2.0,41.5,-5,-2,-15,-4,-56,1,1,10,-1,-1,22,-5,1
424,12/15/2002,Dallas Cowboys,7,14,13,27,104,40,16,161,2,1,24,55,28,38,New York Giants,37,20,18,33,157,31,16,220,0,0,0,57,31,V,-5.0,35.0,-30,-6,-5,-6,-53,9,0,-59,2,1,24,-2,-3
425,12/15/2002,Denver Broncos,31,24,46,35,197,26,18,297,1,2,12,25,30,41,Kansas City Chiefs,24,22,38,26,185,42,18,310,0,0,1,93,29,H,3.5,47.5,7,2,8,9,12,-16,0,-13,1,2,11,-68,1
426,12/15/2002,Detroit Lions,20,15,30,26,144,22,10,158,1,0,10,36,22,48,Tampa Bay Buccaneers,23,22,43,28,123,41,24,253,0,0,0,67,37,H,-9.5,37.0,-3,-7,-13,-2,21,-19,-14,-95,1,0,10,-31,-15
427,12/15/2002,Green Bay Packers,20,21,56,33,104,33,25,201,0,0,3,20,36,35,San Francisco 49ers,14,17,46,23,107,34,19,156,1,0,0,18,23,V,-3.0,42.5,6,4,10,10,-3,-1,6,45,-1,0,3,2,13
428,12/15/2002,Houston Texans,19,15,47,24,95,34,19,196,2,0,14,58,28,41,Baltimore Ravens,23,16,38,33,70,30,18,228,0,0,0,15,31,H,-3.0,35.0,-4,-1,9,-9,25,4,1,-32,2,0,14,43,-3
429,12/15/2002,Indianapolis Colts,28,20,40,33,143,34,20,277,1,1,3,44,29,33,Cleveland Browns,23,18,25,29,87,35,21,287,0,0,25,39,30,V,2.0,41.5,5,2,15,4,56,-1,-1,-10,1,1,-22,5,-1
430,12/15/2002,Jacksonville Jaguars,29,20,25,30,109,28,19,223,0,0,11,54,30,42,Cincinnati Bengals,15,19,41,24,65,42,22,258,1,1,23,29,29,V,3.0,45.0,14,1,-16,6,44,-14,-3,-35,-1,-1,-12,25,1
431,12/15/2002,Kansas City Chiefs,24,22,38,26,185,42,18,310,0,0,1,93,29,43,Denver Broncos,31,24,46,35,197,26,18,297,1,2,12,25,30,V,-3.5,47.5,-7,-2,-8,-9,-12,16,0,13,-1,-2,-11,68,-1
432,12/15/2002,Miami Dolphins,23,21,43,33,121,32,21,237,0,1,24,30,36,41,Oakland Raiders,17,14,20,12,56,31,17,204,1,1,42,55,23,H,1.5,43.5,6,7,23,21,65,1,4,33,-1,0,-18,-25,13
433,12/15/2002,Minnesota Vikings,32,22,57,25,146,36,26,312,0,0,19,73,31,39,New Orleans Saints,31,18,50,22,78,33,21,255,0,0,34,53,28,V,-7.0,51.0,1,4,7,3,68,3,5,57,0,0,-15,20,3
434,12/15/2002,New Orleans Saints,31,18,50,22,78,33,21,255,0,0,34,53,28,46,Minnesota Vikings,32,22,57,25,146,36,26,312,0,0,19,73,31,H,7.0,51.0,-1,-4,-7,-3,-68,-3,-5,-57,0,0,15,-20,-3
435,12/15/2002,New York Giants,37,20,18,33,157,31,16,220,0,0,0,57,31,33,Dallas Cowboys,7,14,13,27,104,40,16,161,2,1,24,55,28,H,5.0,35.0,30,6,5,6,53,-9,0,59,-2,-1,-24,2,3
436,12/15/2002,New York Jets,13,19,36,24,134,33,22,207,0,1,7,54,27,43,Chicago Bears,20,20,50,27,105,28,23,177,0,0,16,74,32,V,6.5,38.0,-7,-1,-14,-3,29,5,-1,30,0,1,-9,-20,-5
437,12/15/2002,Oakland Raiders,17,14,20,12,56,31,17,204,1,1,42,55,23,49,Miami Dolphins,23,21,43,33,121,32,21,237,0,1,24,30,36,V,-1.5,43.5,-6,-7,-23,-21,-65,-1,-4,-33,1,0,18,25,-13
438,12/15/2002,Philadelphia Eagles,34,15,29,30,110,28,16,220,1,0,10,91,30,33,Washington Redskins,21,16,23,25,86,35,23,213,0,3,7,73,29,H,7.5,38.0,13,-1,6,5,24,-7,-7,7,1,-3,3,18,1
439,12/15/2002,Pittsburgh Steelers,30,19,50,38,129,34,21,215,1,1,12,5,39,35,Carolina Panthers,14,11,36,16,50,34,17,126,1,3,45,35,20,H,9.0,39.0,16,8,14,22,79,0,4,89,0,-2,-33,-30,19
440,12/15/2002,San Diego Chargers,13,14,28,30,100,35,16,212,0,0,20,121,33,41,Buffalo Bills,20,17,17,25,155,33,11,107,0,1,6,60,26,V,-3.0,42.5,-7,-3,11,5,-55,2,5,105,0,-1,14,61,7
441,12/15/2002,San Francisco 49ers,14,17,46,23,107,34,19,156,1,0,0,18,23,42,Green Bay Packers,20,21,56,33,104,33,25,201,0,0,3,20,36,H,3.0,42.5,-6,-4,-10,-10,3,1,-6,-45,1,0,-3,-2,-13
442,12/15/2002,Seattle Seahawks,30,25,57,37,166,31,22,298,0,3,0,45,31,40,Atlanta Falcons,24,21,40,35,150,38,21,240,2,1,17,95,38,V,-9.5,46.0,6,4,17,2,16,-7,1,58,-2,2,-17,-50,-7
443,12/15/2002,St Louis Rams,30,20,39,19,66,40,24,319,2,0,19,43,31,40,Arizona Cardinals,28,20,50,31,129,27,17,258,1,1,9,75,28,H,11.0,43.0,2,0,-11,-12,-63,13,7,61,1,-1,10,-32,3
444,12/15/2002,Tampa Bay Buccaneers,23,22,43,28,123,41,24,253,0,0,0,67,37,46,Detroit Lions,20,15,30,26,144,22,10,158,1,0,10,36,22,V,9.5,37.0,3,7,13,2,-21,19,14,95,-1,0,-10,31,15
445,12/15/2002,Washington Redskins,21,16,23,25,86,35,23,213,0,3,7,73,29,49,Philadelphia Eagles,34,15,29,30,110,28,16,220,1,0,10,91,30,V,-7.5,38.0,-13,1,-6,-5,-24,7,7,-7,-1,3,-3,-18,-1
446,12/16/2002,New England Patriots,7,11,18,13,56,31,15,137,1,1,17,15,18,41,Tennessee Titans,24,20,44,48,238,24,11,136,1,0,9,80,41,V,-2.5,43.5,-17,-9,-26,-35,-182,7,4,1,0,1,8,-65,-23
447,12/16/2002,Tennessee Titans,24,20,44,48,238,24,11,136,1,0,9,80,41,42,New England Patriots,7,11,18,13,56,31,15,137,1,1,17,15,18,H,2.5,43.5,17,9,26,35,182,-7,-4,-1,0,-1,-8,65,23
448,12/21/2002,Arizona Cardinals,14,14,54,24,108,26,16,109,1,1,33,15,25,45,San Francisco 49ers,17,21,55,33,106,39,23,256,1,1,4,30,34,H,-3.5,41.0,-3,-7,-1,-9,2,-13,-7,-147,0,0,29,-15,-9
449,12/21/2002,Dallas Cowboys,3,9,0,19,68,24,15,128,1,2,50,69,28,42,Philadelphia Eagles,27,17,44,32,114,33,19,253,2,0,8,67,31,H,-7.0,36.5,-24,-8,-44,-13,-46,-9,-4,-125,-1,2,42,2,-3
450,12/21/2002,Miami Dolphins,17,13,20,17,69,21,15,177,1,1,7,65,24,43,Minnesota Vikings,20,21,57,32,129,30,21,257,2,1,18,54,35,V,3.0,45.0,-3,-8,-37,-15,-60,-9,-6,-80,-1,0,-11,11,-11
451,12/21/2002,Minnesota Vikings,20,21,57,32,129,30,21,257,2,1,18,54,35,45,Miami Dolphins,17,13,20,17,69,21,15,177,1,1,7,65,24,H,-3.0,45.0,3,8,37,15,60,9,6,80,1,0,11,-11,11
452,12/21/2002,Philadelphia Eagles,27,17,44,32,114,33,19,253,2,0,8,67,31,33,Dallas Cowboys,3,9,0,19,68,24,15,128,1,2,50,69,28,V,7.0,36.5,24,8,44,13,46,9,4,125,1,-2,-42,-2,3
453,12/21/2002,San Francisco 49ers,17,21,55,33,106,39,23,256,1,1,4,30,34,44,Arizona Cardinals,14,14,54,24,108,26,16,109,1,1,33,15,25,V,3.5,41.0,3,7,1,9,-2,13,7,147,0,0,-29,15,9
454,12/22/2002,Atlanta Falcons,36,27,38,41,197,38,20,337,1,1,1,55,38,39,Detroit Lions,15,12,29,21,87,33,11,149,3,0,28,86,21,H,10.5,44.0,21,15,9,20,110,5,9,188,-2,1,-27,-31,17
455,12/22/2002,Baltimore Ravens,13,16,50,29,146,28,16,143,1,0,14,40,30,38,Cleveland Browns,14,19,46,26,63,31,22,209,1,0,16,70,29,H,2.5,39.5,-1,-3,4,3,83,-3,-6,-66,0,0,-2,-30,1
456,12/22/2002,Buffalo Bills,0,17,25,24,43,36,18,179,2,4,37,10,31,47,Green Bay Packers,10,14,33,30,119,33,15,114,2,0,10,25,28,V,-6.5,43.5,-10,3,-8,-6,-76,3,3,65,0,4,27,-15,3
457,12/22/2002,Carolina Panthers,24,15,24,40,89,35,18,179,0,2,14,40,36,40,Chicago Bears,14,8,27,22,55,30,15,163,0,4,32,32,23,H,4.0,36.5,10,7,-3,18,34,5,3,16,0,-2,-18,8,13
458,12/22/2002,Chicago Bears,14,8,27,22,55,30,15,163,0,4,32,32,23,45,Carolina Panthers,24,15,24,40,89,35,18,179,0,2,14,40,36,V,-4.0,36.5,-10,-7,3,-18,-34,-5,-3,-16,0,2,18,-8,-13
459,12/22/2002,Cincinnati Bengals,20,25,44,39,240,40,20,190,2,2,7,40,35,37,New Orleans Saints,13,11,14,19,36,38,16,203,0,2,29,30,24,H,-7.0,49.0,7,14,30,20,204,2,4,-13,2,0,-22,10,11
460,12/22/2002,Cleveland Browns,14,19,46,26,63,31,22,209,1,0,16,70,29,41,Baltimore Ravens,13,16,50,29,146,28,16,143,1,0,14,40,30,V,-2.5,39.5,1,3,-4,-3,-83,3,6,66,0,0,2,30,-1
461,12/22/2002,Denver Broncos,16,21,9,18,81,43,20,282,3,0,39,48,25,35,Oakland Raiders,28,20,53,37,136,27,18,201,0,2,15,40,34,V,-3.5,46.5,-12,1,-44,-19,-55,16,2,81,3,-2,24,8,-9
462,12/22/2002,Detroit Lions,15,12,29,21,87,33,11,149,3,0,28,86,21,39,Atlanta Falcons,36,27,38,41,197,38,20,337,1,1,1,55,38,V,-10.5,44.0,-21,-15,-9,-20,-110,-5,-9,-188,2,-1,27,31,-17
463,12/22/2002,Green Bay Packers,10,14,33,30,119,33,15,114,2,0,10,25,28,40,Buffalo Bills,0,17,25,24,43,36,18,179,2,4,37,10,31,H,6.5,43.5,10,-3,8,6,76,-3,-3,-65,0,-4,-27,15,-3
464,12/22/2002,Houston Texans,10,10,27,24,67,31,12,112,1,2,13,83,23,47,Washington Redskins,26,27,41,46,247,32,14,190,0,0,0,60,36,V,-6.5,36.5,-16,-17,-14,-22,-180,-1,-2,-78,1,2,13,23,-13
465,12/22/2002,Indianapolis Colts,27,20,29,19,50,46,30,365,2,0,16,59,27,34,New York Giants,44,24,62,36,103,29,23,366,0,3,0,33,32,H,4.5,41.0,-17,-4,-33,-17,-53,17,7,-1,2,-3,16,26,-5
466,12/22/2002,Jacksonville Jaguars,10,13,0,18,75,36,18,157,1,0,18,51,24,41,Tennessee Titans,28,20,36,40,175,22,14,123,0,0,0,30,35,H,-3.0,41.5,-18,-7,-36,-22,-100,14,4,34,1,0,18,21,-11
467,12/22/2002,Kansas City Chiefs,24,19,44,24,53,36,23,337,1,0,14,1,30,36,San Diego Chargers,22,20,17,26,148,40,26,242,0,1,7,50,29,H,1.5,44.0,2,-1,27,-2,-95,-4,-3,95,1,-1,7,-49,1
468,12/22/2002,New England Patriots,17,14,38,23,97,37,19,133,1,1,14,30,25,44,New York Jets,30,19,40,31,108,34,23,285,0,0,0,60,34,H,3.5,41.0,-13,-5,-2,-8,-11,3,-4,-152,1,1,14,-30,-9
469,12/22/2002,New Orleans Saints,13,11,14,19,36,38,16,203,0,2,29,30,24,39,Cincinnati Bengals,20,25,44,39,240,40,20,190,2,2,7,40,35,V,7.0,49.0,-7,-14,-30,-20,-204,-2,-4,13,-2,0,22,-10,-11
470,12/22/2002,New York Giants,44,24,62,36,103,29,23,366,0,3,0,33,32,39,Indianapolis Colts,27,20,29,19,50,46,30,365,2,0,16,59,27,V,-4.5,41.0,17,4,33,17,53,-17,-7,1,-2,3,-16,-26,5
471,12/22/2002,New York Jets,30,19,40,31,108,34,23,285,0,0,0,60,34,37,New England Patriots,17,14,38,23,97,37,19,133,1,1,14,30,25,V,-3.5,41.0,13,5,2,8,11,-3,4,152,-1,-1,-14,30,9
472,12/22/2002,Oakland Raiders,28,20,53,37,136,27,18,201,0,2,15,40,34,41,Denver Broncos,16,21,9,18,81,43,20,282,3,0,39,48,25,H,3.5,46.5,12,-1,44,19,55,-16,-2,-81,-3,2,-24,-8,9
473,12/22/2002,San Diego Chargers,22,20,17,26,148,40,26,242,0,1,7,50,29,47,Kansas City Chiefs,24,19,44,24,53,36,23,337,1,0,14,1,30,V,-1.5,44.0,-2,1,-27,2,95,4,3,-95,-1,1,-7,49,-1
474,12/22/2002,Seattle Seahawks,30,26,50,34,100,32,20,303,0,1,11,20,31,35,St Louis Rams,10,17,53,15,17,49,32,270,3,2,16,102,28,H,2.5,48.0,20,9,-3,19,83,-17,-12,33,-3,-1,-5,-82,3
475,12/22/2002,St Louis Rams,10,17,53,15,17,49,32,270,3,2,16,102,28,33,Seattle Seahawks,30,26,50,34,100,32,20,303,0,1,11,20,31,V,-2.5,48.0,-20,-9,3,-19,-83,17,12,-33,3,1,5,82,-3
476,12/22/2002,Tennessee Titans,28,20,36,40,175,22,14,123,0,0,0,30,35,40,Jacksonville Jaguars,10,13,0,18,75,36,18,157,1,0,18,51,24,V,3.0,41.5,18,7,36,22,100,-14,-4,-34,-1,0,-18,-21,11
477,12/22/2002,Washington Redskins,26,27,41,46,247,32,14,190,0,0,0,60,36,26,Houston Texans,10,10,27,24,67,31,12,112,1,2,13,83,23,H,6.5,36.5,16,17,14,22,180,1,2,78,-1,-2,-13,-23,13
478,12/23/2002,Pittsburgh Steelers,17,19,50,35,94,24,18,244,0,1,11,45,34,45,Tampa Bay Buccaneers,7,18,18,14,74,44,21,232,1,2,29,39,25,V,-4.5,38.0,10,1,32,21,20,-20,-3,12,-1,-1,-18,6,9
479,12/23/2002,Tampa Bay Buccaneers,7,18,18,14,74,44,21,232,1,2,29,39,25,41,Pittsburgh Steelers,17,19,50,35,94,24,18,244,0,1,11,45,34,H,4.5,38.0,-10,-1,-32,-21,-20,20,3,-12,1,1,18,-6,-9
480,12/28/2002,Kansas City Chiefs,0,11,36,15,44,32,15,137,1,0,5,5,19,31,Oakland Raiders,24,26,53,60,280,14,7,79,0,1,5,25,40,V,-8.5,44.5,-24,-15,-17,-45,-236,18,8,58,1,-1,0,-20,-21
481,12/28/2002,New York Giants,10,23,50,39,213,35,25,256,1,3,8,64,39,35,Philadelphia Eagles,7,9,23,23,65,25,13,150,1,0,6,55,26,H,1.0,37.5,3,14,27,16,148,10,12,106,0,3,2,9,13
482,12/28/2002,Oakland Raiders,24,26,53,60,280,14,7,79,0,1,5,25,40,38,Kansas City Chiefs,0,11,36,15,44,32,15,137,1,0,5,5,19,H,8.5,44.5,24,15,17,45,236,-18,-8,-58,-1,1,0,20,21
483,12/28/2002,Philadelphia Eagles,7,9,23,23,65,25,13,150,1,0,6,55,26,41,New York Giants,10,23,50,39,213,35,25,256,1,3,8,64,39,V,-1.0,37.5,-3,-14,-27,-16,-148,-10,-12,-106,0,-3,-2,-9,-13
484,12/29/2002,Arizona Cardinals,7,18,40,19,84,33,16,153,1,1,30,36,26,41,Denver Broncos,37,24,46,32,259,24,16,203,0,0,12,53,33,V,-13.5,42.0,-30,-6,-6,-13,-175,9,0,-50,1,1,18,-17,-7
485,12/29/2002,Atlanta Falcons,16,16,47,27,104,40,17,240,1,2,14,27,29,40,Cleveland Browns,24,17,50,34,189,25,14,154,3,1,25,25,30,V,2.5,41.0,-8,-1,-3,-7,-85,15,3,86,-2,1,-11,2,-1
486,12/29/2002,Baltimore Ravens,31,21,60,23,114,26,19,336,2,2,28,82,23,32,Pittsburgh Steelers,34,25,62,37,175,30,20,194,2,0,18,41,36,V,-8.0,39.0,-3,-4,-2,-14,-61,-4,-1,142,0,2,10,41,-13
487,12/29/2002,Buffalo Bills,27,23,53,38,99,31,23,231,0,3,6,71,38,39,Cincinnati Bengals,9,19,11,18,84,35,19,241,2,1,8,105,21,H,7.5,45.0,18,4,42,20,15,-4,4,-10,-2,2,-2,-34,17
488,12/29/2002,Carolina Panthers,10,13,21,27,85,32,20,203,2,1,15,19,30,44,New Orleans Saints,6,13,24,30,125,31,12,145,2,1,26,27,29,V,-6.0,43.5,4,0,-3,-3,-40,1,8,58,0,0,-11,-8,1
489,12/29/2002,Chicago Bears,0,14,36,22,85,29,13,137,4,0,4,45,22,48,Tampa Bay Buccaneers,15,15,39,36,161,25,16,134,0,0,23,26,37,H,-7.0,32.0,-15,-1,-3,-14,-76,4,-3,3,4,0,-19,19,-15
490,12/29/2002,Cincinnati Bengals,9,19,11,18,84,35,19,241,2,1,8,105,21,31,Buffalo Bills,27,23,53,38,99,31,23,231,0,3,6,71,38,V,-7.5,45.0,-18,-4,-42,-20,-15,4,-4,10,2,-2,2,34,-17
491,12/29/2002,Cleveland Browns,24,17,50,34,189,25,14,154,3,1,25,25,30,33,Atlanta Falcons,16,16,47,27,104,40,17,240,1,2,14,27,29,H,-2.5,41.0,8,1,3,7,85,-15,-3,-86,2,-1,11,-2,1
492,12/29/2002,Dallas Cowboys,14,8,8,22,38,23,12,189,1,3,41,86,24,44,Washington Redskins,20,18,53,37,151,31,17,209,2,3,8,59,35,V,-7.5,36.5,-6,-10,-45,-15,-113,-8,-5,-20,-1,0,33,27,-11
493,12/29/2002,Denver Broncos,37,24,46,32,259,24,16,203,0,0,12,53,33,48,Arizona Cardinals,7,18,40,19,84,33,16,153,1,1,30,36,26,H,13.5,42.0,30,6,6,13,175,-9,0,50,-1,-1,-18,17,7
494,12/29/2002,Detroit Lions,36,20,50,20,93,44,19,293,3,0,0,60,25,41,Minnesota Vikings,38,24,58,34,154,29,21,312,1,1,16,79,34,H,-3.5,47.0,-2,-4,-8,-14,-61,15,-2,-19,2,-1,-16,-19,-9
495,12/29/2002,Green Bay Packers,17,19,29,27,114,41,22,215,1,0,7,43,31,42,New York Jets,42,22,67,29,129,25,18,210,0,0,2,30,28,V,1.5,39.5,-25,-3,-38,-2,-15,16,4,5,1,0,5,13,3
496,12/29/2002,Houston Texans,3,16,41,22,28,41,21,214,1,0,18,53,31,39,Tennessee Titans,13,15,29,35,140,23,8,148,0,0,11,52,28,H,-9.5,35.5,-10,1,12,-13,-112,18,13,66,1,0,7,1,3
497,12/29/2002,Indianapolis Colts,20,18,39,29,126,28,20,146,0,1,0,35,30,36,Jacksonville Jaguars,13,20,46,33,154,26,13,135,0,1,23,47,29,H,8.5,40.5,7,-2,-7,-4,-28,2,7,11,0,0,-23,-12,1
498,12/29/2002,Jacksonville Jaguars,13,20,46,33,154,26,13,135,0,1,23,47,29,41,Indianapolis Colts,20,18,39,29,126,28,20,146,0,1,0,35,30,V,-8.5,40.5,-7,2,7,4,28,-2,-7,-11,0,0,23,12,-1
499,12/29/2002,Miami Dolphins,24,20,23,37,256,25,11,110,0,0,7,83,31,35,New England Patriots,27,20,41,31,116,45,25,221,1,1,5,20,30,V,2.0,38.0,-3,0,-18,6,140,-20,-14,-111,-1,-1,2,63,1
500,12/29/2002,Minnesota Vikings,38,24,58,34,154,29,21,312,1,1,16,79,34,36,Detroit Lions,36,20,50,20,93,44,19,293,3,0,0,60,25,V,3.5,47.0,2,4,8,14,61,-15,2,19,-2,1,16,19,9
501,12/29/2002,New England Patriots,27,20,41,31,116,45,25,221,1,1,5,20,30,37,Miami Dolphins,24,20,23,37,256,25,11,110,0,0,7,83,31,H,-2.0,38.0,3,0,18,-6,-140,20,14,111,1,1,-2,-63,-1
502,12/29/2002,New Orleans Saints,6,13,24,30,125,31,12,145,2,1,26,27,29,44,Carolina Panthers,10,13,21,27,85,32,20,203,2,1,15,19,30,H,6.0,43.5,-4,0,3,3,40,-1,-8,-58,0,0,11,8,-1
503,12/29/2002,New York Jets,42,22,67,29,129,25,18,210,0,0,2,30,28,39,Green Bay Packers,17,19,29,27,114,41,22,215,1,0,7,43,31,H,-1.5,39.5,25,3,38,2,15,-16,-4,-5,-1,0,-5,-13,-3
504,12/29/2002,Pittsburgh Steelers,34,25,62,37,175,30,20,194,2,0,18,41,36,46,Baltimore Ravens,31,21,60,23,114,26,19,336,2,2,28,82,23,H,8.0,39.0,3,4,2,14,61,4,1,-142,0,-2,-10,-41,13
505,12/29/2002,San Diego Chargers,28,24,40,20,88,50,28,352,1,0,26,22,30,34,Seattle Seahawks,31,34,50,34,163,53,36,449,2,1,21,58,39,H,3.0,42.5,-3,-10,-10,-14,-75,-3,-8,-97,-1,-1,5,-36,-9
506,12/29/2002,Seattle Seahawks,31,34,50,34,163,53,36,449,2,1,21,58,39,39,San Diego Chargers,28,24,40,20,88,50,28,352,1,0,26,22,30,V,-3.0,42.5,3,10,10,14,75,3,8,97,1,1,-5,36,9
507,12/29/2002,Tampa Bay Buccaneers,15,15,39,36,161,25,16,134,0,0,23,26,37,41,Chicago Bears,0,14,36,22,85,29,13,137,4,0,4,45,22,V,7.0,32.0,15,1,3,14,76,-4,3,-3,-4,0,19,-19,15
508,12/29/2002,Tennessee Titans,13,15,29,35,140,23,8,148,0,0,11,52,28,41,Houston Texans,3,16,41,22,28,41,21,214,1,0,18,53,31,V,9.5,35.5,10,-1,-12,13,112,-18,-13,-66,-1,0,-7,-1,-3
509,12/29/2002,Washington Redskins,20,18,53,37,151,31,17,209,2,3,8,59,35,33,Dallas Cowboys,14,8,8,22,38,23,12,189,1,3,41,86,24,H,7.5,36.5,6,10,45,15,113,8,5,20,1,0,-33,-27,11
510,12/30/2002,San Francisco 49ers,20,19,43,36,193,24,16,154,0,2,18,48,35,31,St Louis Rams,31,16,17,14,35,40,24,252,2,0,24,33,24,V,-2.0,39.5,-11,3,26,22,158,-16,-8,-98,-2,2,-6,15,11
511,12/30/2002,St Louis Rams,31,16,17,14,35,40,24,252,2,0,24,33,24,48,San Francisco 49ers,20,19,43,36,193,24,16,154,0,2,18,48,35,H,2.0,39.5,11,-3,-26,-22,-158,16,8,98,2,-2,6,-15,-11
