,Date,TeamName,ScoreOff,FirstDownOff,ThirdDownPctOff,RushAttOff,RushYdsOff,PassAttOff,PassCompOff,PassYdsOff,PassIntOff,FumblesOff,SackNumOff,SackYdsOff,PenYdsOff,TimePossOff,PuntAvgOff,Opponent,ScoreDef,FirstDownDef,ThirdDownPctDef,RushAttDef,RushYdsDef,PassAttDef,PassCompDef,PassYdsDef,PassIntDef,FumblesDef,SackNumDef,SackYdsDef,PenYdsDef,TimePossDef,Site,Line,TotalLine,ScoreDiff,FirstDownDiff,ThirdDownPctDiff,RushAttDiff,RushYdsDiff,PassAttDiff,PassCompDiff,PassYdsDiff,PassIntDiff,FumblesDiff,SackYdsDiff,PenYdsDiff,TimePossDiff
0,09/08/2011,Green Bay Packers,42,24,67,27,103,35,27,296,0,0,2,16,48,32,42.5,New Orleans Saints,34,27,64,21,81,49,32,396,0,1,3,23,15,27,H,5.0,48.0,8,-3,3,6,22,-14,-5,-100,0,-1,-7,33,5
1,09/08/2011,New Orleans Saints,34,27,64,21,81,49,32,396,0,1,3,23,15,27,49.0,Green Bay Packers,42,24,67,27,103,35,27,296,0,0,2,16,48,32,V,-5.0,48.0,-8,3,-3,-6,-22,14,5,100,0,1,7,-33,-5
2,09/11/2011,Arizona Cardinals,28,15,42,25,99,27,18,295,0,1,2,14,61,27,42.0,Carolina Panthers,21,26,27,27,74,37,24,403,1,0,4,19,74,32,H,7.0,37.5,7,-11,15,-2,25,-10,-6,-108,-1,1,-5,-13,-5
3,09/11/2011,Atlanta Falcons,12,20,31,14,110,47,31,276,1,2,5,43,65,26,38.4,Chicago Bears,30,17,38,27,88,32,22,289,1,0,5,23,56,33,V,1.5,41.0,-18,3,-7,-13,22,15,9,-13,0,2,20,9,-7
4,09/11/2011,Baltimore Ravens,35,17,44,31,170,29,17,215,0,0,1,9,75,32,47.2,Pittsburgh Steelers,7,20,33,16,66,41,22,246,3,4,4,34,53,27,H,1.5,37.0,28,-3,11,15,104,-12,-5,-31,-3,-4,-25,22,5
5,09/11/2011,Buffalo Bills,41,23,50,39,163,26,17,201,1,0,1,7,30,37,51.4,Kansas City Chiefs,7,13,23,18,108,36,22,105,1,2,2,14,3,22,V,-3.5,40.0,34,10,27,21,55,-10,-5,96,0,-2,-7,27,15
6,09/11/2011,Carolina Panthers,21,26,27,27,74,37,24,403,1,0,4,19,74,32,41.3,Arizona Cardinals,28,15,42,25,99,27,18,295,0,1,2,14,61,27,V,-7.0,37.5,-7,11,-15,2,-25,10,6,108,1,-1,5,13,5
7,09/11/2011,Chicago Bears,30,17,38,27,88,32,22,289,1,0,5,23,56,33,48.0,Atlanta Falcons,12,20,31,14,110,47,31,276,1,2,5,43,65,26,H,-1.5,41.0,18,-3,7,13,-22,-15,-9,13,0,-2,-20,-9,7
8,09/11/2011,Cincinnati Bengals,27,17,41,33,139,27,15,155,0,0,4,18,22,30,47.8,Cleveland Browns,17,17,27,26,83,40,19,202,1,0,2,11,72,29,V,-7.0,36.5,10,0,14,7,56,-13,-4,-47,-1,0,7,-50,1
9,09/11/2011,Cleveland Browns,17,17,27,26,83,40,19,202,1,0,2,11,72,29,36.0,Cincinnati Bengals,27,17,41,33,139,27,15,155,0,0,4,18,22,30,H,7.0,36.5,-10,0,-14,-7,-56,13,4,47,1,0,-7,50,-1
10,09/11/2011,Dallas Cowboys,24,21,33,26,64,36,23,326,1,2,4,16,40,33,47.2,New York Jets,27,19,43,16,45,44,26,315,1,1,4,20,0,26,V,-6.0,41.0,-3,2,-10,10,19,-8,-3,11,0,1,-4,40,7
11,09/11/2011,Detroit Lions,27,25,18,35,126,33,24,305,1,0,0,0,68,36,48.2,Tampa Bay Buccaneers,20,17,43,16,56,46,29,259,1,1,2,7,39,23,V,-1.5,43.5,7,8,-25,19,70,-13,-5,46,0,-1,-7,29,13
12,09/11/2011,Houston Texans,34,26,45,41,167,24,17,217,2,1,1,3,30,36,44.5,Indianapolis Colts,7,15,11,16,64,31,16,172,0,2,3,25,60,23,H,9.0,44.0,27,11,34,25,103,-7,1,45,2,-1,-22,-30,13
13,09/11/2011,Indianapolis Colts,7,15,11,16,64,31,16,172,0,2,3,25,60,23,46.8,Houston Texans,34,26,45,41,167,24,17,217,2,1,1,3,30,36,V,-9.0,44.0,-27,-11,-34,-25,-103,7,-1,-45,-2,1,22,30,-13
14,09/11/2011,Jacksonville Jaguars,16,20,50,47,163,24,17,160,0,1,2,15,39,39,43.6,Tennessee Titans,14,13,36,13,43,34,21,249,1,0,2,14,60,20,H,-1.5,38.0,2,7,14,34,120,-10,-4,-89,-1,1,1,-21,19
15,09/11/2011,Kansas City Chiefs,7,13,23,18,108,36,22,105,1,2,2,14,3,22,41.0,Buffalo Bills,41,23,50,39,163,26,17,201,1,0,1,7,30,37,H,3.5,40.0,-34,-10,-27,-21,-55,10,5,-96,0,2,7,-27,-15
16,09/11/2011,Minnesota Vikings,17,10,36,26,159,15,7,28,1,0,2,11,78,22,48.2,San Diego Chargers,24,31,46,27,77,48,33,330,2,0,2,5,26,37,V,-8.5,43.0,-7,-21,-10,-1,82,-33,-26,-302,-1,0,6,52,-15
17,09/11/2011,New York Giants,14,15,10,20,75,32,18,240,1,0,4,28,63,27,45.2,Washington Redskins,28,21,33,26,74,34,21,258,0,1,4,47,25,32,V,2.0,40.0,-14,-6,-23,-6,1,-2,-3,-18,1,-1,-19,38,-5
18,09/11/2011,New York Jets,27,19,43,16,45,44,26,315,1,1,4,20,0,26,39.8,Dallas Cowboys,24,21,33,26,64,36,23,326,1,2,4,16,40,33,H,6.0,41.0,3,-2,10,-10,-19,8,3,-11,0,-1,4,-40,-7
19,09/11/2011,Philadelphia Eagles,31,27,62,32,236,32,14,167,0,1,3,20,91,30,36.3,St Louis Rams,13,21,17,26,154,35,18,181,0,1,5,28,60,29,V,4.0,44.5,18,6,45,6,82,-3,-4,-14,0,0,-8,31,1
20,09/11/2011,Pittsburgh Steelers,7,20,33,16,66,41,22,246,3,4,4,34,53,27,52.8,Baltimore Ravens,35,17,44,31,170,29,17,215,0,0,1,9,75,32,V,-1.5,37.0,-28,3,-11,-15,-104,12,5,31,3,4,25,-22,-5
21,09/11/2011,San Diego Chargers,24,31,46,27,77,48,33,330,2,0,2,5,26,37,42.3,Minnesota Vikings,17,10,36,26,159,15,7,28,1,0,2,11,78,22,H,8.5,43.0,7,21,10,1,-82,33,26,302,1,0,-6,-52,15
22,09/11/2011,San Francisco 49ers,33,12,8,32,85,20,15,124,0,0,0,0,102,31,59.6,Seattle Seahawks,17,18,33,22,64,37,21,155,1,2,5,42,72,28,H,6.0,38.0,16,-6,-25,10,21,-17,-6,-31,-1,-2,-42,30,3
23,09/11/2011,Seattle Seahawks,17,18,33,22,64,37,21,155,1,2,5,42,72,28,48.9,San Francisco 49ers,33,12,8,32,85,20,15,124,0,0,0,0,102,31,V,-6.0,38.0,-16,6,25,-10,-21,17,6,31,1,2,42,-30,-3
24,09/11/2011,St Louis Rams,13,21,17,26,154,35,18,181,0,1,5,28,60,29,42.3,Philadelphia Eagles,31,27,62,32,236,32,14,167,0,1,3,20,91,30,H,-4.0,44.5,-18,-6,-45,-6,-82,3,4,14,0,0,8,-31,-1
25,09/11/2011,Tampa Bay Buccaneers,20,17,43,16,56,46,29,259,1,1,2,7,39,23,52.2,Detroit Lions,27,25,18,35,126,33,24,305,1,0,0,0,68,36,H,1.5,43.5,-7,-8,25,-19,-70,13,5,-46,0,1,7,-29,-13
26,09/11/2011,Tennessee Titans,14,13,36,13,43,34,21,249,1,0,2,14,60,20,41.6,Jacksonville Jaguars,16,20,50,47,163,24,17,160,0,1,2,15,39,39,V,1.5,38.0,-2,-7,-14,-34,-120,10,4,89,1,-1,-1,21,-19
27,09/11/2011,Washington Redskins,28,21,33,26,74,34,21,258,0,1,4,47,25,32,43.0,New York Giants,14,15,10,20,75,32,18,240,1,0,4,28,63,27,H,-2.0,40.0,14,6,23,6,-1,2,3,18,-1,1,19,-38,5
28,09/12/2011,Denver Broncos,20,25,46,13,38,46,24,272,1,2,5,32,91,27,41.3,Oakland Raiders,23,20,36,39,190,22,13,99,0,1,1,6,131,32,H,3.0,42.0,-3,5,10,-26,-152,24,11,173,1,1,26,-40,-5
29,09/12/2011,Miami Dolphins,24,25,14,20,98,49,30,390,1,0,4,26,60,31,51.2,New England Patriots,38,27,62,22,106,48,32,516,1,0,1,1,50,28,H,-7.5,47.0,-14,-2,-48,-2,-8,1,-2,-126,0,0,25,10,3
30,09/12/2011,New England Patriots,38,27,62,22,106,48,32,516,1,0,1,1,50,28,38.0,Miami Dolphins,24,25,14,20,98,49,30,390,1,0,4,26,60,31,V,7.5,47.0,14,2,48,2,8,-1,2,126,0,0,-25,-10,-3
31,09/12/2011,Oakland Raiders,23,20,36,39,190,22,13,99,0,1,1,6,131,32,58.2,Denver Broncos,20,25,46,13,38,46,24,272,1,2,5,32,91,27,V,-3.0,42.0,3,-5,-10,26,152,-24,-11,-173,-1,-1,-26,40,5
32,09/18/2011,Arizona Cardinals,21,16,33,15,93,30,17,231,1,1,3,20,97,21,49.0,Washington Redskins,22,28,35,35,172,43,25,283,2,0,1,8,15,38,V,-4.5,45.0,-1,-12,-2,-20,-79,-13,-8,-52,-1,1,12,82,-17
33,09/18/2011,Atlanta Falcons,35,20,46,29,138,28,17,180,2,0,4,15,57,29,35.7,Philadelphia Eagles,31,27,45,30,133,37,26,314,1,2,0,0,20,30,H,-2.5,49.5,4,-7,1,-1,5,-9,-9,-134,1,-2,15,37,-1
34,09/18/2011,Baltimore Ravens,13,15,30,17,45,32,15,184,2,1,3,13,44,24,45.0,Tennessee Titans,26,21,41,29,74,42,30,358,1,0,0,0,70,35,V,6.0,39.0,-13,-6,-11,-12,-29,-10,-15,-174,1,1,13,-26,-11
35,09/18/2011,Buffalo Bills,38,34,36,25,217,46,28,264,1,0,0,0,26,30,49.5,Oakland Raiders,35,26,67,30,131,33,23,323,1,1,0,0,85,29,H,4.0,41.0,3,8,-31,-5,86,13,5,-59,0,-1,0,-59,1
36,09/18/2011,Carolina Panthers,23,26,46,21,71,46,28,404,3,1,4,28,50,32,37.5,Green Bay Packers,30,16,42,21,124,30,19,295,0,1,1,13,57,27,H,-11.0,45.0,-7,10,4,0,-53,16,9,109,3,0,15,-7,5
37,09/18/2011,Chicago Bears,13,18,17,12,60,45,19,186,0,1,6,58,47,23,43.8,New Orleans Saints,30,16,47,29,118,37,26,264,0,1,1,6,41,36,V,-5.0,46.5,-17,2,-30,-17,-58,8,-7,-78,0,0,52,6,-13
38,09/18/2011,Cincinnati Bengals,22,18,9,20,72,41,27,310,0,0,2,22,69,29,41.2,Denver Broncos,24,19,42,36,131,25,15,187,0,2,2,8,55,30,V,-3.0,41.0,-2,-1,-33,-16,-59,16,12,123,0,-2,14,14,-1
39,09/18/2011,Cleveland Browns,27,18,50,34,106,32,22,197,0,1,1,14,49,34,40.2,Indianapolis Colts,19,19,29,26,109,38,19,176,1,1,2,15,21,25,V,1.5,39.0,8,-1,21,8,-3,-6,3,21,-1,0,-1,28,9
40,09/18/2011,Dallas Cowboys,27,20,43,22,45,43,26,427,2,0,1,5,83,30,48.5,San Francisco 49ers,24,14,50,24,74,24,16,132,1,0,6,47,25,29,V,3.0,41.5,3,6,-7,-2,-29,19,10,295,1,0,-42,58,1
41,09/18/2011,Denver Broncos,24,19,42,36,131,25,15,187,0,2,2,8,55,30,55.8,Cincinnati Bengals,22,18,9,20,72,41,27,310,0,0,2,22,69,29,H,3.0,41.0,2,1,33,16,59,-16,-12,-123,0,2,-14,-14,1
42,09/18/2011,Detroit Lions,48,23,33,30,89,40,24,322,1,0,0,0,35,32,41.2,Kansas City Chiefs,3,12,18,29,151,23,15,116,3,3,2,17,70,27,H,9.0,45.0,45,11,15,1,-62,17,9,206,-2,-3,-17,-35,5
43,09/18/2011,Green Bay Packers,30,16,42,21,124,30,19,295,0,1,1,13,57,27,38.7,Carolina Panthers,23,26,46,21,71,46,28,404,3,1,4,28,50,32,V,11.0,45.0,7,-10,-4,0,53,-16,-9,-109,-3,0,-15,7,-5
44,09/18/2011,Houston Texans,23,19,33,36,138,29,21,207,0,0,3,23,76,34,47.8,Miami Dolphins,13,18,33,28,153,30,12,153,1,1,2,17,20,25,V,3.0,47.5,10,1,0,8,-15,-1,9,54,-1,-1,6,56,9
45,09/18/2011,Indianapolis Colts,19,19,29,26,109,38,19,176,1,1,2,15,21,25,52.0,Cleveland Browns,27,18,50,34,106,32,22,197,0,1,1,14,49,34,H,-1.5,39.0,-8,1,-21,-8,3,6,-3,-21,1,0,1,-28,-9
46,09/18/2011,Jacksonville Jaguars,3,11,25,27,112,25,11,91,4,0,2,20,50,26,40.6,New York Jets,32,15,25,32,101,24,17,182,2,0,1,0,60,33,V,-9.0,38.5,-29,-4,0,-5,11,1,-6,-91,2,0,20,-10,-7
47,09/18/2011,Kansas City Chiefs,3,12,18,29,151,23,15,116,3,3,2,17,70,27,39.8,Detroit Lions,48,23,33,30,89,40,24,322,1,0,0,0,35,32,V,-9.0,45.0,-45,-11,-15,-1,62,-17,-9,-206,2,3,17,35,-5
48,09/18/2011,Miami Dolphins,13,18,33,28,153,30,12,153,1,1,2,17,20,25,60.3,Houston Texans,23,19,33,36,138,29,21,207,0,0,3,23,76,34,H,-3.0,47.5,-10,-1,0,-8,15,1,-9,-54,1,1,-6,-56,-9
49,09/18/2011,Minnesota Vikings,20,25,45,33,186,30,18,212,0,1,2,16,65,33,41.3,Tampa Bay Buccaneers,24,19,58,19,105,31,22,230,1,0,2,13,53,26,H,1.0,41.0,-4,6,-13,14,81,-1,-4,-18,-1,1,3,12,7
50,09/18/2011,New England Patriots,35,28,64,25,94,40,31,410,0,0,2,13,80,29,42.5,San Diego Chargers,21,29,83,24,98,40,29,372,2,2,2,6,44,30,H,7.0,53.5,14,-1,-19,1,-4,0,2,38,-2,-2,7,36,-1
51,09/18/2011,New Orleans Saints,30,16,47,29,118,37,26,264,0,1,1,6,41,36,45.8,Chicago Bears,13,18,17,12,60,45,19,186,0,1,6,58,47,23,H,5.0,46.5,17,-2,30,17,58,-8,7,78,0,0,-52,-6,13
52,09/18/2011,New York Jets,32,15,25,32,101,24,17,182,2,0,1,0,60,33,38.8,Jacksonville Jaguars,3,11,25,27,112,25,11,91,4,0,2,20,50,26,H,9.0,38.5,29,4,0,5,-11,-1,6,91,-2,0,-20,10,7
53,09/18/2011,Oakland Raiders,35,26,67,30,131,33,23,323,1,1,0,0,85,29,51.7,Buffalo Bills,38,34,36,25,217,46,28,264,1,0,0,0,26,30,V,-4.0,41.0,-3,-8,31,5,-86,-13,-5,59,0,1,0,59,-1
54,09/18/2011,Philadelphia Eagles,31,27,45,30,133,37,26,314,1,2,0,0,20,30,44.8,Atlanta Falcons,35,20,46,29,138,28,17,180,2,0,4,15,57,29,V,2.5,49.5,-4,7,-1,1,-5,9,9,134,-1,2,-15,-37,1
55,09/18/2011,Pittsburgh Steelers,24,23,53,35,124,31,23,297,0,0,2,16,48,38,58.3,Seattle Seahawks,0,8,17,13,31,29,20,133,0,0,5,26,66,21,H,14.0,40.0,24,15,36,22,93,2,3,164,0,0,-10,-18,17
56,09/18/2011,San Diego Chargers,21,29,83,24,98,40,29,372,2,2,2,6,44,30,35.0,New England Patriots,35,28,64,25,94,40,31,410,0,0,2,13,80,29,V,-7.0,53.5,-14,1,19,-1,4,0,-2,-38,2,2,-7,-36,1
57,09/18/2011,San Francisco 49ers,24,14,50,24,74,24,16,132,1,0,6,47,25,29,55.3,Dallas Cowboys,27,20,43,22,45,43,26,427,2,0,1,5,83,30,H,-3.0,41.5,-3,-6,7,2,29,-19,-10,-295,-1,0,42,-58,-1
58,09/18/2011,Seattle Seahawks,0,8,17,13,31,29,20,133,0,0,5,26,66,21,48.4,Pittsburgh Steelers,24,23,53,35,124,31,23,297,0,0,2,16,48,38,V,-14.0,40.0,-24,-15,-36,-22,-93,-2,-3,-164,0,0,10,18,-17
59,09/18/2011,Tampa Bay Buccaneers,24,19,58,19,105,31,22,230,1,0,2,13,53,26,45.8,Minnesota Vikings,20,25,45,33,186,30,18,212,0,1,2,16,65,33,V,-1.0,41.0,4,-6,13,-14,-81,1,4,18,1,-1,-3,-12,-7
60,09/18/2011,Tennessee Titans,26,21,41,29,74,42,30,358,1,0,0,0,70,35,39.7,Baltimore Ravens,13,15,30,17,45,32,15,184,2,1,3,13,44,24,H,-6.0,39.0,13,6,11,12,29,10,15,174,-1,-1,-13,26,11
61,09/18/2011,Washington Redskins,22,28,35,35,172,43,25,283,2,0,1,8,15,38,39.3,Arizona Cardinals,21,16,33,15,93,30,17,231,1,1,3,20,97,21,H,4.5,45.0,1,12,2,20,79,13,8,52,1,-1,-12,-82,17
62,09/19/2011,New York Giants,28,22,33,38,119,29,18,181,1,0,3,19,55,34,46.0,St Louis Rams,16,14,29,19,59,46,22,308,0,2,2,23,85,25,H,7.0,44.0,12,8,4,19,60,-17,-4,-127,1,-2,-4,-30,9
63,09/19/2011,St Louis Rams,16,14,29,19,59,46,22,308,0,2,2,23,85,25,44.7,New York Giants,28,22,33,38,119,29,18,181,1,0,3,19,55,34,V,-7.0,44.0,-12,-8,-4,-19,-60,17,4,127,-1,2,4,30,-9
64,09/25/2011,Arizona Cardinals,10,20,21,28,90,39,25,234,2,0,3,18,20,31,41.2,Seattle Seahawks,13,16,38,30,122,31,18,139,1,0,4,32,39,28,V,3.0,43.0,-3,4,-17,-2,-32,8,7,95,1,0,-14,-19,3
65,09/25/2011,Atlanta Falcons,13,21,38,15,30,47,26,295,1,2,4,35,50,24,31.3,Tampa Bay Buccaneers,16,20,36,36,115,32,22,180,2,0,0,0,66,35,V,-1.0,45.0,-3,1,2,-21,-85,15,4,115,-1,2,35,-16,-11
66,09/25/2011,Baltimore Ravens,37,25,40,26,168,48,27,385,0,1,2,4,32,31,44.5,St Louis Rams,7,17,29,26,112,32,16,132,1,1,5,34,117,28,V,6.0,42.0,30,8,11,0,56,16,11,253,-1,0,-30,-85,3
67,09/25/2011,Buffalo Bills,34,24,36,19,85,40,27,363,2,0,1,6,77,28,50.8,New England Patriots,31,30,33,26,108,45,30,387,4,0,0,0,93,31,H,-7.5,54.5,3,-6,3,-7,-23,-5,-3,-24,-2,0,6,-16,-3
68,09/25/2011,Carolina Panthers,16,16,38,28,107,34,18,158,0,0,0,0,69,29,38.5,Jacksonville Jaguars,10,13,21,34,128,21,12,129,1,0,2,10,60,30,H,3.5,43.5,6,3,17,-6,-21,13,6,29,-1,0,-10,9,-1
69,09/25/2011,Chicago Bears,17,12,25,12,13,37,21,278,2,0,3,24,70,22,42.7,Green Bay Packers,27,24,38,29,100,38,28,292,1,1,2,5,35,37,H,-5.0,45.5,-10,-12,-13,-17,-87,-1,-7,-14,1,-1,19,35,-15
70,09/25/2011,Cincinnati Bengals,8,14,10,20,79,32,17,149,2,1,1,8,40,24,45.1,San Francisco 49ers,13,16,33,29,50,30,20,176,0,1,5,25,70,35,H,1.0,38.5,-5,-2,-23,-9,29,2,-3,-27,2,0,-17,-30,-11
71,09/25/2011,Cleveland Browns,17,19,27,19,70,39,19,210,1,0,0,0,85,22,42.2,Miami Dolphins,16,22,31,38,138,29,19,231,1,1,5,24,93,37,H,-2.0,42.5,1,-3,-4,-19,-68,10,0,-21,0,-1,-24,-8,-15
72,09/25/2011,Denver Broncos,14,19,53,23,59,39,24,172,2,0,1,1,15,29,49.2,Tennessee Titans,17,17,53,23,38,36,27,295,0,2,2,16,80,30,V,-7.0,44.0,-3,2,0,0,21,3,-3,-123,2,-2,-15,-65,-1
73,09/25/2011,Detroit Lions,26,19,41,19,20,46,32,338,0,0,5,40,65,33,46.4,Minnesota Vikings,23,16,29,23,132,36,22,189,0,0,4,22,79,26,V,3.0,45.0,3,3,12,-4,-112,10,10,149,0,0,18,-14,7
74,09/25/2011,Green Bay Packers,27,24,38,29,100,38,28,292,1,1,2,5,35,37,38.2,Chicago Bears,17,12,25,12,13,37,21,278,2,0,3,24,70,22,V,5.0,45.5,10,12,13,17,87,1,7,14,-1,1,-19,-35,15
75,09/25/2011,Houston Texans,33,21,43,25,109,39,22,364,1,0,2,9,56,30,37.0,New Orleans Saints,40,27,62,22,100,44,31,354,2,0,2,16,26,29,V,-4.0,51.0,-7,-6,-19,3,9,-5,-9,10,-1,0,-7,30,1
76,09/25/2011,Indianapolis Colts,20,14,44,21,97,40,18,144,0,1,1,9,21,26,44.6,Pittsburgh Steelers,23,19,53,28,67,37,25,341,1,2,3,23,38,33,H,-11.0,39.5,-3,-5,-9,-7,30,3,-7,-197,-1,-1,-14,-17,-7
77,09/25/2011,Jacksonville Jaguars,10,13,21,34,128,21,12,129,1,0,2,10,60,30,38.8,Carolina Panthers,16,16,38,28,107,34,18,158,0,0,0,0,69,29,V,-3.5,43.5,-6,-3,-17,6,21,-13,-6,-29,1,0,10,-9,1
78,09/25/2011,Kansas City Chiefs,17,13,42,27,81,24,17,171,1,0,1,5,65,25,45.0,San Diego Chargers,20,22,57,30,117,38,24,258,2,0,2,8,40,34,V,-14.5,44.5,-3,-9,-15,-3,-36,-14,-7,-87,-1,0,-3,25,-9
79,09/25/2011,Miami Dolphins,16,22,31,38,138,29,19,231,1,1,5,24,93,37,50.7,Cleveland Browns,17,19,27,19,70,39,19,210,1,0,0,0,85,22,V,2.0,42.5,-1,3,4,19,68,-10,0,21,0,1,24,8,15
80,09/25/2011,Minnesota Vikings,23,16,29,23,132,36,22,189,0,0,4,22,79,26,44.7,Detroit Lions,26,19,41,19,20,46,32,338,0,0,5,40,65,33,H,-3.0,45.0,-3,-3,-12,4,112,-10,-10,-149,0,0,-18,14,-7
81,09/25/2011,New England Patriots,31,30,33,26,108,45,30,387,4,0,0,0,93,31,46.7,Buffalo Bills,34,24,36,20,79,40,27,369,2,0,0,0,77,28,V,7.5,54.5,-3,6,-3,6,29,5,3,18,2,0,0,16,3
82,09/25/2011,New Orleans Saints,40,27,62,22,100,44,31,354,2,0,2,16,26,29,49.3,Houston Texans,33,21,43,25,109,39,22,364,1,0,2,9,56,30,H,4.0,51.0,7,6,19,-3,-9,5,9,-10,1,0,7,-30,-1
83,09/25/2011,New York Giants,29,14,42,25,102,24,17,255,0,0,3,22,21,23,41.0,Philadelphia Eagles,16,25,47,40,177,30,20,199,3,0,2,12,13,36,V,-8.0,46.5,13,-11,-5,-15,-75,-6,-3,56,-3,0,10,8,-13
84,09/25/2011,New York Jets,24,25,43,25,100,43,27,339,1,1,4,30,61,33,45.8,Oakland Raiders,34,23,0,32,234,27,18,149,0,0,1,7,55,26,V,3.0,41.0,-10,2,43,-7,-134,16,9,190,1,1,23,6,7
85,09/25/2011,Oakland Raiders,34,23,0,32,234,27,18,149,0,0,1,7,55,26,56.5,New York Jets,24,25,43,24,106,43,27,333,1,1,5,36,61,33,H,-3.0,41.0,10,-2,-43,8,128,-16,-9,-184,-1,-1,-29,-6,-7
86,09/25/2011,Philadelphia Eagles,16,25,47,40,177,30,20,199,3,0,2,12,36,36,45.0,New York Giants,29,14,42,25,102,23,16,232,0,0,3,22,21,23,H,8.0,46.5,-13,11,5,15,75,7,4,-33,3,0,-10,15,13
87,09/25/2011,Pittsburgh Steelers,23,19,53,28,67,37,25,341,1,2,3,23,38,33,37.3,Indianapolis Colts,20,14,44,21,97,40,18,144,0,1,1,9,21,26,V,11.0,39.5,3,5,9,7,-30,-3,7,197,1,1,14,17,7
88,09/25/2011,San Diego Chargers,20,22,57,30,117,38,24,258,2,0,2,8,40,34,47.5,Kansas City Chiefs,17,13,42,27,81,24,17,171,1,0,1,5,65,25,H,14.5,44.5,3,9,15,3,36,14,7,87,1,0,3,-25,9
89,09/25/2011,San Francisco 49ers,13,16,33,29,50,30,20,176,0,1,5,25,70,35,45.7,Cincinnati Bengals,8,14,10,20,79,32,17,149,2,1,1,8,40,24,V,-1.0,38.5,5,2,23,9,-29,-2,3,27,-2,0,17,30,11
90,09/25/2011,Seattle Seahawks,13,16,38,30,122,31,18,139,1,0,4,32,39,28,44.9,Arizona Cardinals,10,20,21,28,90,39,25,234,2,0,3,18,20,31,H,-3.0,43.0,3,-4,17,2,32,-8,-7,-95,-1,0,14,19,-3
91,09/25/2011,St Louis Rams,7,17,29,26,112,32,16,132,1,1,5,34,94,28,46.4,Baltimore Ravens,37,25,40,26,168,49,28,408,0,1,2,4,32,31,H,-6.0,42.0,-30,-8,-11,0,-56,-17,-12,-276,1,0,30,62,-3
92,09/25/2011,Tampa Bay Buccaneers,16,20,36,36,115,32,22,180,2,0,0,0,66,35,43.3,Atlanta Falcons,13,21,38,15,30,47,26,295,1,2,4,35,50,24,H,1.0,45.0,3,-1,-2,21,85,-15,-4,-115,1,-2,-35,16,11
93,09/25/2011,Tennessee Titans,17,17,53,23,38,36,27,295,0,2,2,16,80,30,44.3,Denver Broncos,14,19,53,23,59,39,24,172,2,0,1,1,15,29,H,7.0,44.0,3,-2,0,0,-21,-3,3,123,-2,2,15,65,1
94,09/26/2011,Dallas Cowboys,18,17,23,26,125,36,22,250,1,1,1,5,55,31,50.7,Washington Redskins,16,20,25,22,65,37,22,233,1,1,3,17,35,28,H,3.5,45.0,2,-3,-2,4,60,-1,0,17,0,0,-12,20,3
95,09/26/2011,Washington Redskins,16,20,25,22,65,37,22,233,1,1,3,17,35,28,46.4,Dallas Cowboys,18,17,23,26,125,36,22,250,1,1,1,5,55,31,V,-3.5,45.0,-2,3,2,-4,-60,1,0,-17,0,0,12,-20,-3
96,10/02/2011,Arizona Cardinals,27,22,25,32,156,34,20,212,1,1,4,25,118,31,45.0,New York Giants,31,24,46,24,54,40,27,306,0,2,1,15,55,28,H,-1.5,45.0,-4,-2,-21,8,102,-6,-7,-94,1,-1,10,63,3
97,10/02/2011,Atlanta Falcons,30,25,56,36,121,42,28,291,0,0,0,0,35,40,37.5,Seattle Seahawks,28,20,55,15,53,38,25,319,2,0,0,0,40,19,V,6.0,39.0,2,5,1,21,68,4,3,-28,-2,0,0,-5,21
98,10/02/2011,Baltimore Ravens,34,16,33,40,112,31,10,155,1,2,2,8,46,37,44.4,New York Jets,17,7,27,19,38,35,11,112,1,3,2,7,69,22,H,5.0,43.5,17,9,6,21,74,-4,-1,43,0,-1,1,-23,15
99,10/02/2011,Buffalo Bills,20,12,29,21,83,34,20,190,0,0,1,9,26,28,51.5,Cincinnati Bengals,23,25,42,32,171,36,18,287,2,0,2,11,15,31,V,3.0,43.0,-3,-13,-13,-11,-88,-2,2,-97,-2,0,-2,11,-3
100,10/02/2011,Carolina Panthers,29,24,17,26,169,46,27,374,1,0,0,0,52,33,39.5,Chicago Bears,34,15,30,31,224,17,9,93,1,0,1,9,45,26,V,-7.0,42.0,-5,9,-13,-5,-55,29,18,281,0,0,-9,7,7
101,10/02/2011,Chicago Bears,34,15,30,31,224,17,9,93,1,0,1,9,45,26,39.0,Carolina Panthers,29,24,17,26,169,46,27,374,1,0,0,0,52,33,H,7.0,42.0,5,-9,13,5,55,-29,-18,-281,0,0,9,-7,-7
102,10/02/2011,Cincinnati Bengals,23,25,42,32,171,36,18,287,2,0,2,11,15,31,38.2,Buffalo Bills,20,12,29,21,83,34,20,190,0,0,1,9,26,28,H,-3.0,43.0,3,13,13,11,88,2,-2,97,2,0,2,-11,3
103,10/02/2011,Cleveland Browns,13,25,40,22,84,61,40,332,1,0,4,18,40,36,39.0,Tennessee Titans,31,13,33,29,112,21,10,220,1,0,0,0,45,23,H,1.5,37.5,-18,12,7,-7,-28,40,30,112,0,0,18,-5,13
104,10/02/2011,Dallas Cowboys,30,25,38,27,113,47,34,321,3,0,1,10,33,36,53.7,Detroit Lions,34,18,31,17,63,43,21,240,1,0,0,0,75,23,H,2.5,46.5,-4,7,7,10,50,4,13,81,2,0,10,-42,13
105,10/02/2011,Denver Broncos,23,18,36,23,119,32,22,265,3,1,1,8,24,26,48.5,Green Bay Packers,49,26,69,28,111,39,29,396,2,0,2,12,27,33,V,-12.0,46.5,-26,-8,-33,-5,8,-7,-7,-131,1,1,-4,-3,-7
106,10/02/2011,Detroit Lions,34,18,31,17,63,43,21,240,1,0,0,0,75,23,43.8,Dallas Cowboys,30,25,38,27,113,47,34,321,3,0,1,10,33,36,V,-2.5,46.5,4,-7,-7,-10,-50,-4,-13,-81,-2,0,-10,42,-13
107,10/02/2011,Green Bay Packers,49,26,69,28,111,39,29,396,2,0,2,12,27,33,49.0,Denver Broncos,23,18,36,23,119,32,22,265,3,1,1,8,24,26,H,12.0,46.5,26,8,33,5,-8,7,7,131,-1,-1,4,3,7
108,10/02/2011,Houston Texans,17,17,50,35,180,21,14,138,0,0,0,0,64,31,47.2,Pittsburgh Steelers,10,20,42,22,118,30,16,178,1,0,5,28,45,28,H,4.0,46.5,7,-3,8,13,62,-9,-2,-40,-1,0,-28,19,3
109,10/02/2011,Jacksonville Jaguars,10,15,27,17,104,42,16,170,1,0,3,26,15,22,38.5,New Orleans Saints,23,30,50,34,177,44,31,326,2,0,3,25,50,37,H,-9.0,45.0,-13,-15,-23,-17,-73,-2,-15,-156,-1,0,1,-35,-15
110,10/02/2011,Kansas City Chiefs,22,15,40,28,103,29,18,247,0,0,3,13,57,27,49.0,Minnesota Vikings,17,17,36,30,151,30,18,190,1,0,2,12,45,32,H,-3.0,40.0,5,-2,4,-2,-48,-1,0,57,-1,0,1,12,-5
111,10/02/2011,Miami Dolphins,16,16,30,22,72,30,20,176,2,0,3,18,41,26,44.7,San Diego Chargers,26,21,50,28,116,31,21,295,0,0,2,12,80,33,V,-7.0,45.0,-10,-5,-20,-6,-44,-1,-1,-119,2,0,6,-39,-7
112,10/02/2011,Minnesota Vikings,17,17,36,30,151,30,18,190,1,0,2,12,45,32,53.0,Kansas City Chiefs,22,15,40,28,103,29,18,247,0,0,3,13,57,27,V,3.0,40.0,-5,2,-4,2,48,1,0,-57,1,0,-1,-12,5
113,10/02/2011,New England Patriots,31,25,44,30,183,30,16,226,0,0,1,0,45,26,49.0,Oakland Raiders,19,24,62,27,160,39,25,344,2,0,0,0,85,33,V,6.5,55.5,12,1,-18,3,23,-9,-9,-118,-2,0,0,-40,-7
114,10/02/2011,New Orleans Saints,23,30,50,34,177,44,31,326,2,0,3,25,50,37,59.0,Jacksonville Jaguars,10,15,27,17,104,42,16,170,1,0,3,26,15,22,V,9.0,45.0,13,15,23,17,73,2,15,156,1,0,-1,35,15
115,10/02/2011,New York Giants,31,24,46,24,54,40,27,306,0,2,1,15,55,28,44.4,Arizona Cardinals,27,22,25,32,156,34,20,212,1,1,4,25,118,31,V,1.5,45.0,4,2,21,-8,-102,6,7,94,-1,1,-10,-63,-3
116,10/02/2011,New York Jets,17,7,27,19,38,36,11,112,1,3,2,7,69,22,43.3,Baltimore Ravens,34,16,33,40,112,31,10,155,1,2,2,8,46,37,V,-5.0,43.5,-17,-9,-6,-21,-74,5,1,-43,0,1,-1,23,-15
117,10/02/2011,Oakland Raiders,19,24,62,27,160,39,25,344,2,0,0,0,85,33,52.0,New England Patriots,31,25,44,30,183,31,16,226,0,0,1,0,45,26,H,-6.5,55.5,-12,-1,18,-3,-23,8,9,118,2,0,0,40,7
118,10/02/2011,Philadelphia Eagles,23,23,38,20,108,46,30,405,1,2,2,11,55,31,43.5,San Francisco 49ers,24,22,42,25,164,33,21,278,0,1,3,13,40,28,H,10.0,43.5,-1,1,-4,-5,-56,13,9,127,1,1,-2,15,3
119,10/02/2011,Pittsburgh Steelers,10,20,42,22,118,30,16,178,1,0,5,28,45,28,50.5,Houston Texans,17,17,50,35,180,21,14,138,0,0,0,0,64,31,V,-4.0,46.5,-7,3,-8,-13,-62,9,2,40,1,0,28,-19,-3
120,10/02/2011,San Diego Chargers,26,21,50,28,116,31,21,295,0,0,2,12,80,33,50.3,Miami Dolphins,16,16,30,22,72,30,20,176,2,0,3,18,41,26,H,7.0,45.0,10,5,20,6,44,1,1,119,-2,0,-6,39,7
121,10/02/2011,San Francisco 49ers,24,22,42,25,164,33,21,278,0,1,3,13,40,28,49.5,Philadelphia Eagles,23,23,38,20,108,46,30,405,1,2,2,11,55,31,V,-10.0,43.5,1,-1,4,5,56,-13,-9,-127,-1,-1,2,-15,-3
122,10/02/2011,Seattle Seahawks,28,20,55,15,53,38,25,319,2,0,0,0,40,19,49.0,Atlanta Falcons,30,25,56,36,121,42,28,291,0,0,0,0,35,40,H,-6.0,39.0,-2,-5,-1,-21,-68,-4,-3,28,2,0,0,5,-21
123,10/02/2011,St Louis Rams,10,14,33,17,45,43,20,127,0,1,7,37,65,24,45.3,Washington Redskins,17,16,50,40,196,29,15,143,2,0,0,0,96,35,H,-3.0,44.0,-7,-2,-17,-23,-151,14,5,-16,-2,1,37,-31,-11
124,10/02/2011,Tennessee Titans,31,13,33,29,112,21,10,220,1,0,0,0,45,23,39.5,Cleveland Browns,13,25,40,22,84,61,40,332,1,0,4,18,40,36,V,-1.5,37.5,18,-12,-7,7,28,-40,-30,-112,0,0,-18,5,-13
125,10/02/2011,Washington Redskins,17,16,50,40,196,29,15,143,2,0,0,0,96,35,45.7,St Louis Rams,10,14,33,17,45,43,20,127,0,1,7,37,65,24,V,3.0,44.0,7,2,17,23,151,-14,-5,16,2,-1,-37,31,11
126,10/03/2011,Indianapolis Colts,17,13,31,18,62,30,13,256,0,1,4,25,50,20,44.0,Tampa Bay Buccaneers,24,25,41,36,192,39,25,274,0,0,2,13,106,39,V,-10.0,40.5,-7,-12,-10,-18,-130,-9,-12,-18,0,1,12,-56,-19
127,10/03/2011,Tampa Bay Buccaneers,24,25,41,36,192,39,25,274,0,0,2,13,106,39,43.6,Indianapolis Colts,17,13,31,18,62,30,13,256,0,1,4,25,50,20,H,10.0,40.5,7,12,10,18,130,9,12,18,0,-1,-12,56,19
128,10/09/2011,Arizona Cardinals,10,18,44,24,77,48,23,214,3,1,4,40,64,30,42.6,Minnesota Vikings,34,20,30,37,172,21,10,160,0,1,1,9,35,29,V,-3.5,45.0,-24,-2,14,-13,-95,27,13,54,3,0,31,29,1
129,10/09/2011,Atlanta Falcons,14,18,45,22,95,32,18,156,2,0,1,11,44,26,37.6,Green Bay Packers,25,19,60,20,57,39,26,369,0,1,4,27,55,33,H,-6.5,53.0,-11,-1,-15,2,38,-7,-8,-213,2,-1,-16,-11,-7
130,10/09/2011,Buffalo Bills,31,21,43,35,143,27,21,188,1,0,1,5,40,33,50.2,Philadelphia Eagles,24,24,22,19,174,40,26,315,4,1,1,0,46,26,H,-3.0,53.0,7,-3,21,16,-31,-13,-5,-127,-3,-1,5,-6,7
131,10/09/2011,Carolina Panthers,27,20,58,22,162,31,16,219,1,0,1,5,65,25,43.7,New Orleans Saints,30,27,71,28,101,45,32,343,1,0,2,16,82,34,H,-6.5,51.5,-3,-7,-13,-6,61,-14,-16,-124,0,0,-11,-17,-9
132,10/09/2011,Cincinnati Bengals,30,13,42,31,77,33,21,162,1,0,2,17,33,32,47.9,Jacksonville Jaguars,20,12,38,27,96,28,15,200,0,2,3,21,15,27,V,2.5,37.0,10,1,4,4,-19,5,6,-38,1,-2,-4,18,5
133,10/09/2011,Denver Broncos,24,13,22,23,162,23,10,113,1,0,0,0,53,19,53.8,San Diego Chargers,29,25,50,43,206,29,18,212,1,1,5,38,0,40,H,-3.5,46.5,-5,-12,-28,-20,-44,-6,-8,-99,0,-1,-38,53,-21
134,10/09/2011,Green Bay Packers,25,19,60,20,57,39,26,369,0,1,4,27,55,33,43.0,Atlanta Falcons,14,18,45,22,95,32,18,156,2,0,1,11,44,26,V,6.5,53.0,11,1,15,-2,-38,7,8,213,-2,1,16,11,7
135,10/09/2011,Houston Texans,20,21,40,25,70,51,24,403,2,0,3,13,50,34,37.0,Oakland Raiders,25,11,20,22,94,35,15,184,1,0,3,6,89,25,H,4.5,48.5,-5,10,20,3,-24,16,9,219,1,0,7,-39,9
136,10/09/2011,Indianapolis Colts,24,15,42,27,78,27,15,277,0,0,0,0,40,26,55.8,Kansas City Chiefs,28,26,57,38,194,29,21,242,0,0,2,15,39,33,H,1.5,38.0,-4,-11,-15,-11,-116,-2,-6,35,0,0,-15,1,-7
137,10/09/2011,Jacksonville Jaguars,20,12,38,27,96,28,15,200,0,2,3,21,15,27,37.7,Cincinnati Bengals,30,13,42,31,77,33,21,162,1,0,2,17,33,32,H,-2.5,37.0,-10,-1,-4,-4,19,-5,-6,38,-1,2,4,-18,-5
138,10/09/2011,Kansas City Chiefs,28,26,57,38,194,29,21,242,0,0,2,15,39,33,44.8,Indianapolis Colts,24,15,42,27,78,27,15,277,0,0,0,0,40,26,V,-1.5,38.0,4,11,15,11,116,2,6,-35,0,0,15,-1,7
139,10/09/2011,Minnesota Vikings,34,20,30,37,172,21,10,160,0,1,1,9,35,29,47.3,Arizona Cardinals,10,18,44,24,77,48,23,214,3,1,4,40,64,30,H,3.5,45.0,24,2,-14,13,95,-27,-13,-54,-3,0,-31,-29,-1
140,10/09/2011,New England Patriots,30,26,50,35,152,33,24,294,1,0,4,27,50,33,51.5,New York Jets,21,14,27,25,97,26,16,158,0,0,2,8,89,26,H,7.5,50.0,9,12,23,10,55,7,8,136,1,0,19,-39,7
141,10/09/2011,New Orleans Saints,30,27,71,28,101,45,32,343,1,0,2,16,82,34,44.5,Carolina Panthers,27,20,58,22,162,31,16,219,1,0,1,5,65,25,V,6.5,51.5,3,7,13,6,-61,14,16,124,0,0,11,17,9
142,10/09/2011,New York Giants,25,21,8,25,69,39,24,395,3,2,3,25,52,31,49.0,Seattle Seahawks,36,22,27,29,145,41,26,279,1,2,6,36,70,28,H,10.0,43.5,-11,-1,-19,-4,-76,-2,-2,116,2,0,-11,-18,3
143,10/09/2011,New York Jets,21,14,27,25,97,26,16,158,0,0,2,8,89,26,45.6,New England Patriots,30,26,50,35,152,33,24,294,1,0,4,27,50,33,V,-7.5,50.0,-9,-12,-23,-10,-55,-7,-8,-136,-1,0,-19,39,-7
144,10/09/2011,Oakland Raiders,25,11,20,22,94,35,15,184,1,0,3,6,89,25,49.6,Houston Texans,20,21,40,25,70,51,24,403,2,0,3,13,50,34,V,-4.5,48.5,5,-10,-20,-3,24,-16,-9,-219,-1,0,-7,39,-9
145,10/09/2011,Philadelphia Eagles,24,24,22,19,174,40,26,315,4,1,1,0,46,26,36.0,Buffalo Bills,31,21,43,35,143,27,21,188,1,0,1,5,40,33,V,3.0,53.0,-7,3,-21,-16,31,13,5,127,3,1,-5,6,-7
146,10/09/2011,Pittsburgh Steelers,38,26,58,28,174,35,25,257,1,0,1,4,51,32,49.0,Tennessee Titans,17,20,47,18,66,49,29,240,1,0,3,22,70,27,H,3.0,40.0,21,6,11,10,108,-14,-4,17,0,0,-18,-19,5
147,10/09/2011,San Diego Chargers,29,25,50,43,206,29,18,212,1,1,5,38,0,40,49.3,Denver Broncos,24,13,22,23,162,23,10,113,1,0,0,0,53,19,V,3.5,46.5,5,12,28,20,44,6,8,99,0,1,38,-53,21
148,10/09/2011,San Francisco 49ers,48,28,29,36,213,22,14,205,0,1,0,0,30,31,39.0,Tampa Bay Buccaneers,3,14,44,23,86,35,18,186,2,1,3,8,96,28,H,3.0,41.5,45,14,-15,13,127,-13,-4,19,-2,0,-8,-66,3
149,10/09/2011,Seattle Seahawks,36,22,27,29,145,41,26,279,1,2,6,36,70,28,44.7,New York Giants,25,21,8,25,69,39,24,395,3,2,3,25,52,31,V,-10.0,43.5,11,1,19,4,76,2,2,-116,-2,0,11,18,-3
150,10/09/2011,Tampa Bay Buccaneers,3,14,44,23,86,35,18,186,2,1,3,8,96,28,43.2,San Francisco 49ers,48,28,29,36,213,22,14,205,0,1,0,0,30,31,V,-3.0,41.5,-45,-14,15,-13,-127,13,4,-19,2,0,8,66,-3
151,10/09/2011,Tennessee Titans,17,20,47,18,66,49,29,240,1,0,3,22,70,27,41.8,Pittsburgh Steelers,38,26,58,28,174,35,25,257,1,0,1,4,51,32,V,-3.0,40.0,-21,-6,-11,-10,-108,14,4,-17,0,0,18,19,-5
152,10/10/2011,Chicago Bears,13,23,31,25,122,38,28,237,0,0,3,12,104,39,44.2,Detroit Lions,24,16,45,20,181,26,19,214,1,0,1,5,94,20,V,-7.0,47.0,-11,7,-14,5,-59,12,9,23,-1,0,7,10,19
153,10/10/2011,Detroit Lions,24,16,45,20,181,26,19,214,1,0,1,5,94,20,32.2,Chicago Bears,13,23,31,25,122,38,28,237,0,0,3,12,104,39,H,7.0,47.0,11,-7,14,-5,59,-12,-9,-23,1,0,-7,-10,-19
154,10/16/2011,Atlanta Falcons,31,24,64,35,166,22,14,159,0,0,1,4,57,30,42.7,Carolina Panthers,17,24,67,25,142,35,21,226,3,0,2,11,85,29,H,3.5,49.5,14,0,-3,10,24,-13,-7,-67,-3,0,-7,-28,1
155,10/16/2011,Baltimore Ravens,29,24,27,30,113,33,20,289,1,1,2,16,25,32,44.0,Houston Texans,14,18,38,25,93,37,21,200,0,0,4,20,15,27,H,7.0,43.5,15,6,-11,5,20,-4,-1,89,1,1,-4,10,5
156,10/16/2011,Buffalo Bills,24,17,45,23,155,30,21,219,2,0,3,25,75,29,45.0,New York Giants,27,24,45,34,122,32,21,292,0,0,-1,0,79,30,V,-3.0,49.0,-3,-7,0,-11,33,-2,0,-73,2,0,25,-4,-1
157,10/16/2011,Carolina Panthers,17,24,67,25,142,35,21,226,3,0,2,11,85,29,40.0,Atlanta Falcons,31,24,64,35,166,22,14,159,0,0,1,4,57,30,V,-3.5,49.5,-14,0,3,-10,-24,13,7,67,3,0,7,28,-1
158,10/16/2011,Chicago Bears,39,22,36,28,119,31,21,258,0,1,1,9,15,30,38.3,Minnesota Vikings,10,15,40,17,53,42,28,233,0,0,5,43,40,29,H,2.5,42.0,29,7,-4,11,66,-11,-7,25,0,1,-34,-25,1
159,10/16/2011,Cincinnati Bengals,27,17,43,31,94,32,25,264,0,0,0,0,111,33,44.0,Indianapolis Colts,17,18,50,23,94,34,23,179,1,2,1,9,11,26,H,4.5,40.5,10,-1,-7,8,0,-2,2,85,-1,-2,-9,100,7
160,10/16/2011,Cleveland Browns,17,18,50,21,65,45,21,203,0,1,2,12,34,25,45.0,Oakland Raiders,24,18,50,40,151,24,15,178,0,1,2,9,35,34,V,-6.5,45.0,-7,0,0,-19,-86,21,6,25,0,0,3,-1,-9
161,10/16/2011,Dallas Cowboys,16,21,33,24,77,41,27,300,1,1,2,17,77,32,51.8,New England Patriots,20,25,62,25,101,41,27,270,2,2,3,19,35,27,V,-7.0,54.5,-4,-4,-29,-1,-24,0,0,30,-1,-1,-2,42,5
162,10/16/2011,Detroit Lions,19,21,13,18,66,50,28,244,0,0,5,49,54,30,43.5,San Francisco 49ers,25,14,14,29,203,32,17,111,1,1,2,14,120,29,H,5.0,45.0,-6,7,-1,-11,-137,18,11,133,-1,-1,35,-66,1
163,10/16/2011,Green Bay Packers,24,20,31,32,96,28,17,303,1,0,1,7,16,29,44.4,St Louis Rams,3,22,23,25,125,44,28,299,1,0,3,22,45,30,H,14.0,47.5,21,-2,8,7,-29,-16,-11,4,0,0,-15,-29,-1
164,10/16/2011,Houston Texans,14,18,38,25,93,37,21,200,0,0,4,20,15,27,41.3,Baltimore Ravens,29,24,27,30,113,33,20,289,1,1,2,16,25,32,V,-7.0,43.5,-15,-6,11,-5,-20,4,1,-89,-1,-1,4,-10,-5
165,10/16/2011,Indianapolis Colts,17,18,50,23,94,34,23,179,1,2,1,9,11,26,52.0,Cincinnati Bengals,27,17,43,31,94,32,25,264,0,0,0,0,111,33,V,-4.5,40.5,-10,1,7,-8,0,2,-2,-85,1,2,9,-100,-7
166,10/16/2011,Jacksonville Jaguars,13,16,27,30,133,26,12,76,0,0,5,33,22,28,42.1,Pittsburgh Steelers,17,15,47,32,185,23,12,185,0,0,3,15,65,31,V,-12.5,40.0,-4,1,-20,-2,-52,3,0,-109,0,0,18,-43,-3
167,10/16/2011,Minnesota Vikings,10,15,40,17,53,42,28,233,0,0,5,43,40,29,37.6,Chicago Bears,39,22,36,28,119,31,21,258,0,1,1,9,15,30,V,-2.5,42.0,-29,-7,4,-11,-66,11,7,-25,0,-1,34,25,-1
168,10/16/2011,New England Patriots,20,25,62,25,101,41,27,270,2,2,3,19,35,27,47.0,Dallas Cowboys,16,21,33,24,77,41,27,300,1,1,2,17,77,32,H,7.0,54.5,4,4,29,1,24,0,0,-30,1,1,2,-42,-5
169,10/16/2011,New Orleans Saints,20,20,42,20,70,45,29,383,3,1,0,0,53,28,55.0,Tampa Bay Buccaneers,26,21,29,25,117,41,23,303,0,0,0,0,64,31,V,6.5,49.5,-6,-1,13,-5,-47,4,6,80,3,1,0,-11,-3
170,10/16/2011,New York Giants,27,24,45,33,122,32,21,292,0,0,0,0,79,30,54.3,Buffalo Bills,24,17,45,23,155,30,21,219,2,0,3,25,75,29,H,3.0,49.0,3,7,0,10,-33,2,0,73,-2,0,-25,4,1
171,10/16/2011,Oakland Raiders,24,18,50,40,151,24,15,178,0,1,2,9,35,34,48.3,Cleveland Browns,17,18,50,21,65,45,21,203,0,1,2,12,34,25,H,6.5,45.0,7,0,0,19,86,-21,-6,-25,0,0,-3,1,9
172,10/16/2011,Philadelphia Eagles,20,22,38,39,192,32,18,230,2,0,1,7,60,38,44.0,Washington Redskins,13,17,10,14,42,37,17,245,4,0,2,15,75,21,V,3.0,46.5,7,5,28,25,150,-5,1,-15,-2,0,-8,-15,17
173,10/16/2011,Pittsburgh Steelers,17,15,47,32,185,23,12,185,0,0,3,15,65,31,42.5,Jacksonville Jaguars,13,16,27,30,133,26,12,76,0,0,5,33,22,28,H,12.5,40.0,4,-1,20,2,52,-3,0,109,0,0,-18,43,3
174,10/16/2011,San Francisco 49ers,25,14,14,29,203,32,17,111,1,1,2,14,120,29,47.7,Detroit Lions,19,21,13,18,66,50,28,244,0,0,5,49,54,30,V,-5.0,45.0,6,-7,1,11,137,-18,-11,-133,1,1,-35,66,-1
175,10/16/2011,St Louis Rams,3,22,23,25,125,44,28,299,1,0,3,22,45,30,32.2,Green Bay Packers,24,20,31,32,96,28,17,303,1,0,1,7,16,29,V,-14.0,47.5,-21,2,-8,-7,29,16,11,-4,0,0,15,29,1
176,10/16/2011,Tampa Bay Buccaneers,26,21,29,25,117,41,23,303,0,0,0,0,64,31,47.8,New Orleans Saints,20,20,42,20,70,45,29,383,3,1,0,0,53,28,H,-6.5,49.5,6,1,-13,5,47,-4,-6,-80,-3,-1,0,11,3
177,10/16/2011,Washington Redskins,13,17,10,14,42,37,17,245,4,0,2,15,75,21,43.0,Philadelphia Eagles,20,22,38,38,192,32,18,230,2,0,2,7,60,38,H,-3.0,46.5,-7,-5,-28,-24,-150,5,-1,15,2,0,8,15,-17
178,10/17/2011,Miami Dolphins,6,17,15,25,118,34,16,190,2,1,4,14,10,29,43.4,New York Jets,24,13,40,29,104,25,14,192,0,1,2,9,49,30,V,-7.5,41.5,-18,4,-25,-4,14,9,2,-2,2,0,5,-39,-1
179,10/17/2011,New York Jets,24,13,40,29,104,25,14,192,0,1,2,9,49,30,48.6,Miami Dolphins,6,17,15,25,118,34,16,190,2,1,4,14,10,29,H,7.5,41.5,18,-4,25,4,-14,-9,-2,2,-2,0,-5,39,1
180,10/23/2011,Arizona Cardinals,20,23,38,19,73,34,18,257,1,0,2,15,74,24,47.5,Pittsburgh Steelers,32,26,50,28,91,39,26,354,0,0,2,7,69,35,H,-4.5,46.5,-12,-3,-12,-9,-18,-5,-8,-97,1,0,8,5,-11
181,10/23/2011,Atlanta Falcons,23,22,41,31,129,35,20,199,2,0,3,19,80,34,35.8,Detroit Lions,16,13,8,21,101,32,15,162,0,1,2,21,84,25,V,-4.5,47.0,7,9,33,10,28,3,5,37,2,-1,-2,-4,9
182,10/23/2011,Carolina Panthers,33,20,42,38,172,23,18,235,0,0,3,21,105,35,39.3,Washington Redskins,20,22,42,23,92,37,22,261,1,2,3,18,26,24,H,2.5,44.5,13,-2,0,15,80,-14,-4,-26,-1,-2,3,79,11
183,10/23/2011,Chicago Bears,24,19,31,33,177,32,17,218,2,0,2,8,54,33,38.2,Tampa Bay Buccaneers,18,16,29,11,30,52,29,250,4,0,1,14,69,26,N,2.0,44.0,6,3,2,22,147,-20,-12,-32,-2,0,-6,-15,7
184,10/23/2011,Cleveland Browns,6,20,50,44,141,35,20,157,1,0,5,21,48,42,38.8,Seattle Seahawks,3,9,17,17,65,30,12,72,1,1,3,25,68,17,H,3.0,41.0,3,11,33,27,76,5,8,85,0,-1,-4,-20,25
185,10/23/2011,Dallas Cowboys,34,24,38,34,294,24,14,151,0,1,2,15,30,33,48.7,St Louis Rams,7,13,38,21,70,33,20,195,1,1,1,1,16,26,H,14.0,43.0,27,11,0,13,224,-9,-6,-44,-1,0,14,14,7
186,10/23/2011,Denver Broncos,18,18,25,39,183,27,13,125,0,1,7,36,30,30,48.2,Miami Dolphins,15,15,21,31,94,33,22,173,0,1,4,24,20,29,V,1.0,41.5,3,3,4,8,89,-6,-9,-48,0,0,12,10,1
187,10/23/2011,Detroit Lions,16,13,8,20,104,32,15,159,0,1,3,24,84,25,44.3,Atlanta Falcons,23,22,41,31,129,35,20,199,2,0,3,19,80,34,H,4.5,47.0,-7,-9,-33,-11,-25,-3,-5,-40,-2,1,5,4,-9
188,10/23/2011,Green Bay Packers,33,25,25,25,108,31,25,313,0,1,4,28,44,32,59.0,Minnesota Vikings,27,22,56,30,211,33,14,224,2,0,2,2,91,27,V,11.0,47.0,6,3,-31,-5,-103,-2,11,89,-2,1,26,-47,5
189,10/23/2011,Houston Texans,41,29,54,47,222,23,18,296,0,0,0,0,68,37,47.0,Tennessee Titans,7,11,20,15,53,31,15,95,2,0,2,21,76,22,V,-2.5,44.0,34,18,34,32,169,-8,3,201,-2,0,-21,-8,15
190,10/23/2011,Indianapolis Colts,7,11,36,23,155,22,12,97,1,2,1,5,49,21,46.7,New Orleans Saints,62,36,75,38,236,35,31,321,0,0,2,4,10,38,V,-14.0,49.0,-55,-25,-39,-15,-81,-13,-19,-224,1,2,1,39,-17
191,10/23/2011,Kansas City Chiefs,28,22,47,39,139,30,15,161,2,0,0,0,98,33,52.7,Oakland Raiders,0,18,31,27,155,35,15,167,6,0,1,10,120,26,V,-3.5,41.5,28,4,16,12,-16,-5,0,-6,-4,0,-10,-22,7
192,10/23/2011,Miami Dolphins,15,15,21,31,94,33,22,173,0,1,4,24,20,29,49.8,Denver Broncos,18,18,25,39,183,27,13,125,0,1,7,36,30,30,H,-1.0,41.5,-3,-3,-4,-8,-89,6,9,48,0,0,-12,-10,-1
193,10/23/2011,Minnesota Vikings,27,22,56,31,218,32,13,217,2,0,2,2,91,27,40.3,Green Bay Packers,33,25,25,26,114,30,24,307,0,1,4,28,44,32,H,-11.0,47.0,-6,-3,31,5,104,2,-11,-90,2,-1,-26,47,-5
194,10/23/2011,New Orleans Saints,62,36,75,38,236,35,31,321,0,0,2,4,10,38,53.0,Indianapolis Colts,7,11,36,23,155,22,12,97,1,2,1,5,49,21,H,14.0,49.0,55,25,39,15,81,13,19,224,-1,-2,-1,-39,17
195,10/23/2011,New York Jets,27,25,62,31,162,33,18,156,1,1,2,17,60,32,37.0,San Diego Chargers,21,16,50,25,96,32,16,172,2,0,1,7,95,27,H,-1.0,43.5,6,9,12,6,66,1,2,-16,-1,1,10,-35,5
196,10/23/2011,Oakland Raiders,0,18,31,27,155,35,15,167,6,0,1,10,120,26,48.0,Kansas City Chiefs,28,22,47,39,139,30,15,161,2,0,0,0,98,33,H,3.5,41.5,-28,-4,-16,-12,16,5,0,6,4,0,10,22,-7
197,10/23/2011,Pittsburgh Steelers,32,26,50,28,91,39,26,354,0,0,2,7,69,35,39.7,Arizona Cardinals,20,23,38,19,73,34,18,257,1,0,2,15,74,24,V,4.5,46.5,12,3,12,9,18,5,8,97,-1,0,-8,-5,11
198,10/23/2011,San Diego Chargers,21,16,50,25,96,32,16,172,2,0,1,7,95,27,50.3,New York Jets,27,25,62,31,162,33,18,156,1,1,2,17,60,32,V,1.0,43.5,-6,-9,-12,-6,-66,-1,-2,16,1,-1,-10,35,-5
199,10/23/2011,Seattle Seahawks,3,9,17,17,65,30,12,72,1,1,3,25,68,17,50.3,Cleveland Browns,6,20,50,44,141,35,20,157,1,0,5,21,48,42,V,-3.0,41.0,-3,-11,-33,-27,-76,-5,-8,-85,0,1,4,20,-25
200,10/23/2011,St Louis Rams,7,13,38,20,63,34,21,202,1,1,1,1,16,26,47.4,Dallas Cowboys,34,24,38,33,288,25,15,157,0,1,2,15,30,33,V,-14.0,43.0,-27,-11,0,-13,-225,9,6,45,1,0,-14,-14,-7
201,10/23/2011,Tampa Bay Buccaneers,18,16,29,11,30,52,29,250,4,0,1,14,69,26,47.4,Chicago Bears,24,19,31,33,177,32,17,218,2,0,2,8,54,33,N,-2.0,44.0,-6,-3,-2,-22,-147,20,12,32,2,0,6,15,-7
202,10/23/2011,Tennessee Titans,7,11,20,15,53,31,15,95,2,0,2,21,76,22,45.7,Houston Texans,41,29,54,47,222,23,18,296,0,0,0,0,68,37,H,2.5,44.0,-34,-18,-34,-32,-169,8,-3,-201,2,0,21,8,-15
203,10/23/2011,Washington Redskins,20,22,42,23,92,37,22,261,1,2,3,18,26,24,36.0,Carolina Panthers,33,20,42,37,175,23,18,232,0,0,4,24,105,35,V,-2.5,44.5,-13,2,0,-14,-83,14,4,29,1,2,-6,-79,-11
204,10/24/2011,Baltimore Ravens,7,11,17,12,34,38,21,112,1,1,3,25,85,23,52.2,Jacksonville Jaguars,12,13,13,42,132,20,9,73,0,1,4,20,90,36,V,10.5,39.0,-5,-2,4,-30,-98,18,12,39,1,0,5,-5,-13
205,10/24/2011,Jacksonville Jaguars,12,13,13,42,132,20,9,73,0,1,4,20,90,36,40.7,Baltimore Ravens,7,11,17,12,34,38,21,112,1,1,3,25,85,23,H,-10.5,39.0,5,2,-4,30,98,-18,-12,-39,-1,0,-5,5,13
206,10/30/2011,Arizona Cardinals,27,17,18,30,109,21,10,98,1,0,6,55,92,31,40.0,Baltimore Ravens,30,30,36,26,107,51,31,298,1,1,3,38,99,29,V,-11.5,43.0,-3,-13,-18,4,2,-30,-21,-200,0,-1,17,-7,2
207,10/30/2011,Baltimore Ravens,30,30,36,26,107,51,31,298,1,1,3,38,99,29,43.8,Arizona Cardinals,27,17,18,30,109,21,10,98,1,0,6,55,92,31,H,11.5,43.0,3,13,18,-4,-2,30,21,200,0,1,-17,7,-2
208,10/30/2011,Buffalo Bills,23,17,50,33,138,27,21,252,1,1,2,10,35,34,45.3,Washington Redskins,0,10,29,12,26,33,20,152,2,0,9,56,54,25,N,4.0,46.5,23,7,21,21,112,-6,1,100,-1,1,-46,-19,9
209,10/30/2011,Carolina Panthers,21,21,50,27,140,35,22,265,0,2,3,25,60,27,43.0,Minnesota Vikings,24,22,50,33,132,28,18,229,0,1,4,7,43,32,H,3.0,47.0,-3,-1,0,-6,8,7,4,36,0,1,18,17,-5
210,10/30/2011,Cincinnati Bengals,34,18,43,27,92,29,18,160,2,0,1,8,65,31,45.4,Seattle Seahawks,12,20,33,20,61,47,25,350,1,1,4,25,80,28,V,1.5,37.5,22,-2,10,7,31,-18,-7,-190,1,-1,-17,-15,3
211,10/30/2011,Cleveland Browns,10,18,43,24,64,34,22,226,1,1,3,15,39,27,43.8,San Francisco 49ers,20,19,40,38,177,24,15,171,0,0,2,6,40,32,V,-9.5,38.5,-10,-1,3,-14,-113,10,7,55,1,1,9,-1,-5
212,10/30/2011,Dallas Cowboys,7,12,30,10,85,35,18,182,1,0,4,21,20,17,39.0,Philadelphia Eagles,34,31,58,38,239,28,21,256,0,0,4,23,33,42,V,-3.0,49.5,-27,-19,-28,-28,-154,7,-3,-74,1,0,-2,-13,-25
213,10/30/2011,Denver Broncos,10,19,14,31,189,39,18,123,1,2,6,49,55,30,50.6,Detroit Lions,45,21,33,28,113,32,22,263,0,0,2,9,45,29,H,-3.5,43.5,-35,-2,-19,3,76,7,-4,-140,1,2,40,10,1
214,10/30/2011,Detroit Lions,45,21,33,28,113,32,22,263,0,0,2,9,45,29,40.3,Denver Broncos,10,19,14,30,195,39,18,117,1,2,7,55,55,30,V,3.5,43.5,35,2,19,-2,-82,-7,4,146,-1,-2,-46,-10,-1
215,10/30/2011,Houston Texans,24,20,59,39,156,30,16,202,0,2,2,23,60,35,45.7,Jacksonville Jaguars,14,13,36,25,84,32,10,90,2,0,1,7,39,24,H,10.0,41.0,10,7,23,14,72,-2,6,112,-2,2,16,21,11
216,10/30/2011,Indianapolis Colts,10,22,35,26,158,49,26,241,2,0,2,9,66,28,44.5,Tennessee Titans,27,17,41,31,96,33,23,215,0,0,1,9,40,31,V,-7.5,43.5,-17,5,-6,-5,62,16,3,26,2,0,0,26,-3
217,10/30/2011,Jacksonville Jaguars,14,13,36,25,84,32,10,90,2,0,1,7,39,24,47.1,Houston Texans,24,20,59,39,156,30,16,202,0,2,2,23,60,35,V,-10.0,41.0,-10,-7,-23,-14,-72,2,-6,-112,2,-2,-16,-21,-11
218,10/30/2011,Miami Dolphins,17,18,38,26,145,22,13,101,1,0,5,37,30,27,49.2,New York Giants,20,21,50,24,52,45,31,350,0,0,0,-1,46,32,V,-10.0,43.5,-3,-3,-12,2,93,-23,-18,-249,1,0,38,-16,-5
219,10/30/2011,Minnesota Vikings,24,22,50,33,132,28,18,229,0,1,4,7,43,32,44.5,Carolina Panthers,21,21,50,27,140,35,22,265,0,2,3,25,60,27,V,-3.0,47.0,3,1,0,6,-8,-7,-4,-36,0,-1,-18,-17,5
220,10/30/2011,New England Patriots,17,19,30,12,43,35,24,170,0,0,3,28,37,20,42.0,Pittsburgh Steelers,25,29,63,23,98,50,36,329,1,0,5,36,50,39,V,3.0,52.0,-8,-10,-33,-11,-55,-15,-12,-159,-1,0,-8,-13,-19
221,10/30/2011,New Orleans Saints,21,19,47,20,56,44,30,227,2,0,6,42,32,28,47.0,St Louis Rams,31,21,31,31,183,37,20,140,0,1,4,35,64,31,V,14.0,48.5,-10,-2,16,-11,-127,7,10,87,2,-1,7,-32,-3
222,10/30/2011,New York Giants,20,21,50,23,58,45,31,344,0,0,1,5,46,32,46.3,Miami Dolphins,17,18,38,26,145,22,13,101,1,0,5,37,30,27,H,10.0,43.5,3,3,12,-3,-87,23,18,243,-1,0,-32,16,5
223,10/30/2011,Philadelphia Eagles,34,31,58,38,239,28,21,256,0,0,4,23,33,42,45.5,Dallas Cowboys,7,12,30,10,85,35,18,182,1,0,4,21,20,17,H,3.0,49.5,27,19,28,28,154,-7,3,74,-1,0,2,13,25
224,10/30/2011,Pittsburgh Steelers,25,29,63,23,98,50,36,329,1,0,5,36,50,39,30.0,New England Patriots,17,19,30,12,43,35,24,170,0,0,3,28,37,20,H,-3.0,52.0,8,10,33,11,55,15,12,159,1,0,8,13,19
225,10/30/2011,San Francisco 49ers,20,19,40,39,174,24,15,174,0,0,1,3,40,32,53.4,Cleveland Browns,10,18,43,23,66,34,22,224,1,1,4,17,39,27,H,9.5,38.5,10,1,-3,16,108,-10,-7,-50,-1,-1,-14,1,5
226,10/30/2011,Seattle Seahawks,12,20,33,19,64,47,25,347,1,1,5,28,80,28,52.8,Cincinnati Bengals,34,18,43,28,90,29,18,162,2,0,0,6,65,31,H,-1.5,37.5,-22,2,-10,-9,-26,18,7,185,-1,1,22,15,-3
227,10/30/2011,St Louis Rams,31,21,31,31,183,37,20,140,0,1,4,35,64,31,42.4,New Orleans Saints,21,19,47,20,56,44,30,227,2,0,6,42,32,28,H,-14.0,48.5,10,2,-16,11,127,-7,-10,-87,-2,1,-7,32,3
228,10/30/2011,Tennessee Titans,27,17,41,31,96,33,23,215,0,0,1,9,40,31,41.4,Indianapolis Colts,10,22,35,26,158,49,26,241,2,0,2,9,66,28,H,7.5,43.5,17,-5,6,5,-62,-16,-3,-26,-2,0,0,-26,3
229,10/30/2011,Washington Redskins,0,10,29,12,26,33,20,152,2,0,9,56,54,25,46.3,Buffalo Bills,23,17,50,33,138,27,21,252,1,1,2,10,35,34,N,-4.0,46.5,-23,-7,-21,-21,-112,6,-1,-100,1,-1,46,19,-9
230,10/31/2011,Kansas City Chiefs,23,19,50,32,94,32,19,247,2,2,3,14,53,27,57.2,San Diego Chargers,20,22,36,27,102,41,26,345,2,2,3,24,105,32,H,-3.0,44.5,3,-3,14,5,-8,-9,-7,-98,0,0,-10,-52,-5
231,10/31/2011,San Diego Chargers,20,22,36,27,102,41,26,345,2,2,3,24,105,32,55.3,Kansas City Chiefs,23,19,50,32,94,32,19,247,2,2,3,14,53,27,V,3.0,44.5,-3,3,-14,-5,8,9,7,98,0,0,10,52,5
232,11/06/2011,Arizona Cardinals,19,16,20,17,70,35,20,192,0,0,3,30,45,24,46.5,St Louis Rams,13,23,21,35,150,36,23,233,1,0,4,22,71,35,H,3.0,41.5,6,-7,-1,-18,-80,-1,-3,-41,-1,0,8,-26,-11
233,11/06/2011,Atlanta Falcons,31,21,43,41,163,24,14,269,1,0,1,6,10,37,45.9,Indianapolis Colts,7,10,29,21,83,33,17,103,1,1,2,15,32,22,V,7.0,45.5,24,11,14,20,80,-9,-3,166,0,-1,-9,-22,15
234,11/06/2011,Baltimore Ravens,23,23,67,27,67,47,28,289,0,1,3,11,20,34,45.0,Pittsburgh Steelers,20,20,58,20,70,37,20,322,1,1,1,8,69,26,V,-3.5,42.0,3,3,9,7,-3,10,8,-33,-1,0,3,-49,8
235,11/06/2011,Buffalo Bills,11,14,27,22,96,31,15,191,2,1,0,0,84,22,47.3,New York Jets,27,24,55,38,126,28,20,222,1,1,2,8,60,37,H,2.5,45.0,-16,-10,-28,-16,-30,3,-5,-31,1,0,-8,24,-15
236,11/06/2011,Cincinnati Bengals,24,20,50,30,109,39,22,210,0,0,1,7,87,32,44.0,Tennessee Titans,17,19,36,20,78,41,24,250,0,1,2,22,100,27,V,-3.0,41.5,7,1,14,10,31,-2,-2,-40,0,-1,-15,-13,5
237,11/06/2011,Cleveland Browns,12,10,33,21,44,22,14,128,1,1,4,18,35,24,44.0,Houston Texans,30,21,64,40,261,23,14,119,1,0,0,0,15,35,V,-10.5,41.0,-18,-11,-31,-19,-217,-1,0,9,0,1,18,20,-11
238,11/06/2011,Dallas Cowboys,23,18,43,29,163,31,19,279,0,1,0,0,82,29,43.0,Seattle Seahawks,13,18,20,30,162,30,17,219,3,0,1,2,88,30,H,11.0,45.0,10,0,23,-1,1,1,2,60,-3,1,-2,-6,-1
239,11/06/2011,Denver Broncos,38,20,25,38,299,22,10,113,0,0,2,11,93,31,47.4,Oakland Raiders,24,21,33,26,100,35,19,316,3,0,2,16,130,28,V,-7.5,42.5,14,-1,-8,12,199,-13,-9,-203,-3,0,-5,-37,3
240,11/06/2011,Green Bay Packers,45,21,60,26,136,26,21,232,0,0,4,15,33,29,54.0,San Diego Chargers,38,28,45,21,85,46,26,375,3,0,2,10,64,30,V,6.0,51.0,7,-7,15,5,51,-20,-5,-143,-3,0,5,-31,-1
241,11/06/2011,Houston Texans,30,21,64,40,261,23,14,119,1,0,0,0,15,35,47.5,Cleveland Browns,12,10,33,21,44,22,14,128,1,1,4,18,35,24,H,10.5,41.0,18,11,31,19,217,1,0,-9,0,-1,-18,-20,11
242,11/06/2011,Indianapolis Colts,7,10,29,21,83,33,17,103,1,1,2,15,32,22,50.0,Atlanta Falcons,31,21,43,41,163,24,14,269,1,0,1,6,10,37,H,-7.0,45.5,-24,-11,-14,-20,-80,9,3,-166,0,1,9,22,-15
243,11/06/2011,Kansas City Chiefs,3,20,40,34,116,39,20,227,0,0,5,26,70,34,46.0,Miami Dolphins,31,17,30,24,107,23,17,244,0,0,0,0,49,25,H,4.0,40.5,-28,3,10,10,9,16,3,-17,0,0,26,21,9
244,11/06/2011,Miami Dolphins,31,17,30,24,107,23,17,244,0,0,0,0,49,25,44.4,Kansas City Chiefs,3,20,40,34,116,39,20,227,0,0,5,26,70,34,V,-4.0,40.5,28,-3,-10,-10,-9,-16,-3,17,0,0,-26,-21,-9
245,11/06/2011,New England Patriots,20,23,33,24,106,49,28,332,2,2,2,10,81,29,45.2,New York Giants,24,23,29,29,111,39,20,250,1,1,0,0,50,30,H,9.0,51.0,-4,0,4,-5,-5,10,8,82,1,1,10,31,-1
246,11/06/2011,New Orleans Saints,27,25,50,28,195,36,27,258,1,0,0,0,63,30,57.0,Tampa Bay Buccaneers,16,18,17,20,84,37,27,281,0,0,1,0,80,29,H,9.0,50.5,11,7,33,8,111,-1,0,-23,1,0,0,-17,1
247,11/06/2011,New York Giants,24,23,29,29,111,39,20,250,1,1,0,0,50,30,43.1,New England Patriots,20,23,33,24,106,49,28,332,2,2,2,10,81,29,V,-9.0,51.0,4,0,-4,5,5,-10,-8,-82,-1,-1,-10,-31,1
248,11/06/2011,New York Jets,27,24,55,39,126,28,20,222,1,1,1,8,60,37,34.5,Buffalo Bills,11,14,27,22,96,31,15,191,2,1,0,0,84,22,V,-2.5,45.0,16,10,28,17,30,-3,5,31,-1,0,8,-24,15
249,11/06/2011,Oakland Raiders,24,21,33,26,100,35,19,316,3,0,2,16,130,28,50.8,Denver Broncos,38,20,25,38,299,22,10,113,0,0,2,11,93,31,H,7.5,42.5,-14,1,8,-12,-199,13,9,203,3,0,5,37,-3
250,11/06/2011,Pittsburgh Steelers,20,20,58,20,70,37,20,322,1,1,1,8,69,26,33.7,Baltimore Ravens,23,23,67,27,67,47,28,289,0,1,3,11,20,34,H,3.5,42.0,-3,-3,-9,-7,3,-10,-8,33,1,0,-3,49,-8
251,11/06/2011,San Diego Chargers,38,28,45,21,85,46,26,375,3,0,2,10,64,30,50.0,Green Bay Packers,45,21,60,26,136,26,21,232,0,0,4,15,33,29,H,-6.0,51.0,-7,7,-15,-5,-51,20,5,143,3,0,-5,31,1
252,11/06/2011,San Francisco 49ers,19,15,25,32,138,24,17,188,0,1,2,12,55,32,45.0,Washington Redskins,11,17,42,15,52,47,30,251,1,2,1,3,35,27,V,4.5,37.5,8,-2,-17,17,86,-23,-13,-63,-1,-1,9,20,5
253,11/06/2011,Seattle Seahawks,13,18,20,30,162,30,17,219,3,0,1,2,88,30,61.3,Dallas Cowboys,23,18,43,29,163,31,19,279,0,1,0,0,82,29,V,-11.0,45.0,-10,0,-23,1,-1,-1,-2,-60,3,-1,2,6,1
254,11/06/2011,St Louis Rams,13,23,21,35,150,36,23,233,1,0,4,22,71,35,50.6,Arizona Cardinals,19,16,20,17,70,35,20,192,0,0,3,30,45,24,V,-3.0,41.5,-6,7,1,18,80,1,3,41,1,0,-8,26,11
255,11/06/2011,Tampa Bay Buccaneers,16,18,17,20,84,37,27,281,0,0,1,0,80,29,39.7,New Orleans Saints,27,25,50,28,195,36,27,258,1,0,0,0,63,30,V,-9.0,50.5,-11,-7,-33,-8,-111,1,0,23,-1,0,0,17,-1
256,11/06/2011,Tennessee Titans,17,19,36,20,78,41,24,250,0,1,2,22,100,27,45.4,Cincinnati Bengals,24,20,50,30,109,39,22,210,0,0,1,7,87,32,H,3.0,41.5,-7,-1,-14,-10,-31,2,2,40,0,1,15,13,-5
257,11/06/2011,Washington Redskins,11,17,42,14,52,47,30,251,1,2,2,3,35,27,48.8,San Francisco 49ers,19,15,25,32,138,24,17,188,0,1,2,12,55,32,H,-4.5,37.5,-8,2,17,-18,-86,23,13,63,1,1,-9,-20,-5
258,11/07/2011,Chicago Bears,30,22,50,34,164,32,18,208,0,2,0,0,53,33,34.0,Philadelphia Eagles,24,20,57,23,119,39,21,211,1,1,1,2,44,26,V,-8.0,47.5,6,2,-7,11,45,-7,-3,-3,-1,1,-2,9,7
259,11/07/2011,Philadelphia Eagles,24,20,57,23,119,39,21,211,1,1,1,2,44,26,36.0,Chicago Bears,30,22,50,34,164,32,18,208,0,2,0,0,53,33,H,8.0,47.5,-6,-2,7,-11,-45,7,3,3,1,-1,2,-9,-7
260,11/10/2011,Oakland Raiders,24,20,40,41,191,21,14,298,1,1,1,1,45,32,48.8,San Diego Chargers,17,20,31,16,75,47,23,239,1,1,5,35,31,27,V,-7.0,48.0,7,0,9,25,116,-26,-9,59,0,0,-34,14,5
261,11/10/2011,San Diego Chargers,17,20,31,15,75,47,23,239,1,1,6,35,31,27,53.7,Oakland Raiders,24,20,40,41,191,21,14,298,1,1,1,1,45,32,H,7.0,48.0,-7,0,-9,-26,-116,26,9,-59,0,0,34,-14,-5
262,11/13/2011,Arizona Cardinals,21,23,38,29,88,40,21,282,2,0,4,33,66,31,45.8,Philadelphia Eagles,17,15,20,24,166,34,16,123,2,0,2,5,97,28,V,-13.0,47.5,4,8,18,5,-78,6,5,159,0,0,28,-31,3
263,11/13/2011,Atlanta Falcons,23,30,31,32,138,52,29,343,1,0,1,8,85,33,45.4,New Orleans Saints,26,18,31,16,41,43,30,322,0,0,0,0,79,26,H,1.0,50.0,-3,12,0,16,97,9,-1,21,1,0,8,6,7
264,11/13/2011,Baltimore Ravens,17,25,42,12,75,53,30,248,1,2,1,8,34,24,47.8,Seattle Seahawks,22,16,31,42,119,27,17,208,0,0,1,9,100,35,V,7.0,39.0,-5,9,11,-30,-44,26,13,40,1,2,-1,-66,-11
265,11/13/2011,Buffalo Bills,7,20,29,17,135,31,20,136,3,1,1,10,12,25,52.0,Dallas Cowboys,44,24,67,35,163,26,23,270,0,0,0,0,74,34,V,-4.5,49.0,-37,-4,-38,-18,-28,5,-3,-134,3,1,10,-62,-9
266,11/13/2011,Carolina Panthers,3,16,21,19,113,40,23,166,1,1,5,46,99,27,45.9,Tennessee Titans,30,22,23,35,172,27,15,211,1,0,1,8,92,32,H,3.5,47.5,-27,-6,-2,-16,-59,13,8,-45,0,1,38,7,-5
267,11/13/2011,Chicago Bears,37,12,23,35,109,20,9,107,0,1,2,16,37,29,46.7,Detroit Lions,13,22,24,19,80,63,33,313,4,2,2,16,53,30,H,3.0,42.5,24,-10,-1,16,29,-43,-24,-206,-4,-1,0,-16,-1
268,11/13/2011,Cincinnati Bengals,17,14,36,26,109,30,15,170,2,0,0,0,35,26,45.7,Pittsburgh Steelers,24,24,42,30,105,33,21,223,1,0,5,22,31,33,H,-4.0,40.5,-7,-10,-6,-4,4,-3,-6,-53,1,0,-22,4,-7
269,11/13/2011,Cleveland Browns,12,16,36,30,126,27,20,209,0,1,2,9,60,32,41.8,St Louis Rams,13,17,33,32,133,25,15,148,1,1,1,7,55,27,H,3.0,36.5,-1,-1,3,-2,-7,2,5,61,-1,0,2,5,5
270,11/13/2011,Dallas Cowboys,44,24,67,35,163,26,23,270,0,0,0,0,74,34,51.0,Buffalo Bills,7,20,29,17,135,31,20,136,3,1,1,10,12,25,H,4.5,49.0,37,4,38,18,28,-5,3,134,-3,-1,-10,62,9
271,11/13/2011,Denver Broncos,17,16,36,56,244,8,2,69,0,0,-1,0,65,33,44.0,Kansas City Chiefs,10,17,18,24,134,34,18,124,0,0,4,16,40,26,V,-3.5,42.5,7,-1,18,32,110,-26,-16,-55,0,0,-16,25,7
272,11/13/2011,Detroit Lions,13,22,24,19,80,63,33,313,4,2,2,16,53,30,49.2,Chicago Bears,37,12,23,35,109,20,9,107,0,1,2,16,37,29,V,-3.0,42.5,-24,10,1,-16,-29,43,24,206,4,1,0,16,1
273,11/13/2011,Houston Texans,37,21,30,44,185,15,11,235,0,0,1,7,54,35,45.5,Tampa Bay Buccaneers,9,12,23,18,90,35,15,141,3,1,4,29,49,24,V,4.0,45.5,28,9,7,26,95,-20,-4,94,-3,-1,-22,5,11
274,11/13/2011,Indianapolis Colts,3,13,27,23,84,29,20,128,2,1,5,33,40,24,41.3,Jacksonville Jaguars,17,18,40,41,141,21,14,110,1,0,2,8,55,35,H,-3.0,37.5,-14,-5,-13,-18,-57,8,6,18,1,1,25,-15,-11
275,11/13/2011,Jacksonville Jaguars,17,18,40,41,141,21,14,110,1,0,2,8,55,35,38.7,Indianapolis Colts,3,13,27,23,84,29,20,128,2,1,5,33,40,24,V,3.0,37.5,14,5,13,18,57,-8,-6,-18,-1,-1,-25,15,11
276,11/13/2011,Kansas City Chiefs,10,17,18,24,134,34,18,124,0,0,4,16,40,26,48.1,Denver Broncos,17,16,36,55,244,8,2,69,0,0,0,0,65,33,H,3.5,42.5,-7,1,-18,-31,-110,26,16,55,0,0,16,-25,-7
277,11/13/2011,Miami Dolphins,20,20,57,33,103,29,20,200,1,1,2,9,55,33,49.0,Washington Redskins,9,16,38,16,61,32,21,185,2,0,3,30,51,26,H,4.0,38.0,11,4,19,17,42,-3,-1,15,-1,1,-21,4,7
278,11/13/2011,New England Patriots,37,21,31,28,60,39,26,329,0,0,0,0,80,30,46.5,New York Jets,16,22,38,25,110,39,20,268,2,1,5,38,56,29,V,-2.5,47.0,21,-1,-7,3,-50,0,6,61,-2,-1,-38,24,1
279,11/13/2011,New Orleans Saints,26,18,31,16,41,43,30,322,0,0,0,0,79,26,40.4,Atlanta Falcons,23,30,31,32,138,52,29,343,1,0,1,8,85,33,V,-1.0,50.0,3,-12,0,-16,-97,-9,1,-21,-1,0,-8,-6,-7
280,11/13/2011,New York Giants,20,21,50,29,93,40,26,302,2,0,1,9,45,34,39.0,San Francisco 49ers,27,16,27,20,77,30,19,228,1,0,2,14,35,25,V,-4.0,42.5,-7,5,23,9,16,10,7,74,1,0,-5,10,9
281,11/13/2011,New York Jets,16,22,38,25,110,39,20,268,2,1,5,38,56,29,49.0,New England Patriots,37,21,31,28,60,39,26,329,0,0,0,0,80,30,H,2.5,47.0,-21,1,7,-3,50,0,-6,-61,2,1,38,-24,-1
282,11/13/2011,Philadelphia Eagles,17,15,20,24,166,34,16,123,2,0,2,5,97,28,42.6,Arizona Cardinals,21,23,38,29,88,40,21,282,2,0,4,33,66,31,H,13.0,47.5,-4,-8,-18,-5,78,-6,-5,-159,0,0,-28,31,-3
283,11/13/2011,Pittsburgh Steelers,24,24,42,30,105,33,21,223,1,0,5,22,31,33,50.2,Cincinnati Bengals,17,14,36,26,109,30,15,170,2,0,0,0,35,26,V,4.0,40.5,7,10,6,4,-4,3,6,53,-1,0,22,-4,7
284,11/13/2011,San Francisco 49ers,27,16,27,20,77,30,19,228,1,0,2,14,35,25,55.0,New York Giants,20,21,50,29,93,40,26,302,2,0,1,9,45,34,H,4.0,42.5,7,-5,-23,-9,-16,-10,-7,-74,-1,0,5,-10,-9
285,11/13/2011,Seattle Seahawks,22,16,31,42,119,27,17,208,0,0,1,9,100,35,43.6,Baltimore Ravens,17,25,42,12,75,53,30,248,1,2,1,8,34,24,H,-7.0,39.0,5,-9,-11,30,44,-26,-13,-40,-1,-2,1,66,11
286,11/13/2011,St Louis Rams,13,17,33,32,133,25,15,148,1,1,1,7,55,27,46.8,Cleveland Browns,12,16,36,30,126,27,20,209,0,1,2,9,60,32,V,-3.0,36.5,1,1,-3,2,7,-2,-5,-61,1,0,-2,-5,-5
287,11/13/2011,Tampa Bay Buccaneers,9,12,23,18,90,35,15,141,3,1,4,29,49,24,44.3,Houston Texans,37,21,30,44,185,15,11,235,0,0,1,7,54,35,H,-4.0,45.5,-28,-9,-7,-26,-95,20,4,-94,3,1,22,-5,-11
288,11/13/2011,Tennessee Titans,30,22,23,35,172,27,15,211,1,0,1,8,92,32,44.6,Carolina Panthers,3,16,21,19,113,40,23,166,1,1,5,46,99,27,V,-3.5,47.5,27,6,2,16,59,-13,-8,45,0,-1,-38,-7,5
289,11/13/2011,Washington Redskins,9,16,38,16,61,32,21,185,2,0,3,30,51,26,46.5,Miami Dolphins,20,20,57,33,103,29,20,200,1,1,2,9,55,33,V,-4.0,38.0,-11,-4,-19,-17,-42,3,1,-15,1,-1,21,-4,-7
290,11/14/2011,Green Bay Packers,45,23,54,31,90,32,25,266,0,1,3,22,5,33,50.0,Minnesota Vikings,7,14,36,22,104,34,16,162,1,0,3,28,80,26,H,13.0,50.0,38,9,18,9,-14,-2,9,104,-1,1,-6,-75,7
291,11/14/2011,Minnesota Vikings,7,14,36,22,104,34,16,162,1,0,3,28,80,26,44.0,Green Bay Packers,45,23,54,31,90,32,25,266,0,1,3,22,5,33,V,-13.0,50.0,-38,-9,-18,-9,14,2,-9,-104,1,-1,6,75,-7
292,11/17/2011,Denver Broncos,17,11,23,34,125,21,9,104,0,1,1,0,51,27,43.9,New York Jets,13,22,21,28,83,40,24,235,1,1,3,17,15,32,H,-6.5,38.5,4,-11,2,6,42,-19,-15,-131,-1,0,-17,36,-5
293,11/17/2011,New York Jets,13,22,21,28,83,40,24,235,1,1,3,17,15,32,38.3,Denver Broncos,17,11,23,34,125,21,9,104,0,1,1,0,51,27,V,6.5,38.5,-4,11,-2,-6,-42,19,15,131,1,0,17,-36,5
294,11/20/2011,Arizona Cardinals,7,11,11,11,80,35,14,149,3,2,2,14,75,15,47.0,San Francisco 49ers,23,25,38,49,164,38,20,267,1,0,0,0,87,44,V,-10.0,40.5,-16,-14,-27,-38,-84,-3,-6,-118,2,2,14,-12,-29
295,11/20/2011,Atlanta Falcons,23,25,33,36,116,32,22,316,0,1,0,0,55,36,32.5,Tennessee Titans,17,17,57,14,41,44,22,257,1,0,1,7,86,23,H,6.5,44.0,6,8,-24,22,75,-12,0,59,-1,1,-7,-31,13
296,11/20/2011,Baltimore Ravens,31,13,36,28,105,27,17,268,1,0,1,2,69,27,48.6,Cincinnati Bengals,24,23,33,30,119,46,24,364,3,0,2,9,43,32,H,7.0,40.5,7,-10,3,-2,-14,-19,-7,-96,-2,0,-7,26,-5
297,11/20/2011,Buffalo Bills,8,14,0,19,41,44,21,204,2,0,2,11,27,29,49.7,Miami Dolphins,35,16,42,35,95,20,14,147,0,0,1,13,55,30,V,-3.0,44.0,-27,-2,-42,-16,-54,24,7,57,2,0,-2,-28,-1
298,11/20/2011,Carolina Panthers,35,24,30,26,137,38,22,272,4,0,1,8,70,26,40.0,Detroit Lions,49,29,55,29,169,36,28,326,2,1,2,9,56,33,V,-7.0,47.5,-14,-5,-25,-3,-32,2,-6,-54,2,-1,-1,14,-7
299,11/20/2011,Chicago Bears,31,23,57,32,93,32,18,286,1,0,0,0,61,33,46.0,San Diego Chargers,20,15,45,17,52,31,21,280,2,1,0,0,20,26,H,4.5,45.5,11,8,12,15,41,1,-3,6,-1,-1,0,41,7
300,11/20/2011,Cincinnati Bengals,24,23,33,30,119,46,24,364,3,0,2,9,43,32,38.4,Baltimore Ravens,31,13,36,28,105,27,17,268,1,0,1,2,69,27,V,-7.0,40.5,-7,10,-3,2,14,19,7,96,2,0,7,-26,5
301,11/20/2011,Cleveland Browns,14,20,40,28,148,24,17,186,1,0,2,13,70,29,36.0,Jacksonville Jaguars,10,23,47,29,108,41,22,195,0,0,1,15,81,30,H,1.5,34.5,4,-3,-7,-1,40,-17,-5,-9,1,0,-2,-11,-1
302,11/20/2011,Dallas Cowboys,27,20,47,32,89,37,23,264,0,0,4,28,48,31,41.1,Washington Redskins,24,18,40,24,60,38,25,276,1,1,3,13,59,28,V,7.0,43.0,3,2,7,8,29,-1,-2,-12,-1,-1,15,-11,3
303,11/20/2011,Detroit Lions,49,29,55,29,169,36,28,326,2,1,2,9,56,33,49.0,Carolina Panthers,35,24,30,26,137,38,22,272,4,0,1,8,70,26,H,7.0,47.5,14,5,25,3,32,-2,6,54,-2,1,1,-14,7
304,11/20/2011,Green Bay Packers,35,24,58,23,91,34,23,287,1,0,2,12,37,28,54.3,Tampa Bay Buccaneers,26,22,45,20,121,38,28,334,2,0,2,8,55,31,H,13.5,49.0,9,2,13,3,-30,-4,-5,-47,-1,0,4,-18,-3
305,11/20/2011,Jacksonville Jaguars,10,23,47,29,108,41,22,195,0,0,1,15,81,30,41.0,Cleveland Browns,14,20,40,28,148,24,17,186,1,0,2,13,70,29,V,-1.5,34.5,-4,3,7,1,-40,17,5,9,-1,0,2,11,1
306,11/20/2011,Miami Dolphins,35,16,42,35,95,20,14,147,0,0,1,13,50,30,47.9,Buffalo Bills,8,14,0,19,41,44,21,204,2,0,2,11,27,29,H,3.0,44.0,27,2,42,16,54,-24,-7,-57,-2,0,2,23,1
307,11/20/2011,Minnesota Vikings,21,20,40,24,124,33,19,187,3,2,5,24,50,24,44.3,Oakland Raiders,27,22,36,41,162,23,17,139,0,1,4,25,117,35,H,2.0,46.5,-6,-2,4,-17,-38,10,2,48,3,1,-1,-67,-11
308,11/20/2011,New York Giants,10,12,36,17,29,35,18,249,1,1,3,15,39,23,52.9,Philadelphia Eagles,17,17,53,33,136,36,23,255,3,0,1,3,30,36,H,6.0,45.5,-7,-5,-17,-16,-107,-1,-5,-6,-2,1,12,9,-13
309,11/20/2011,Oakland Raiders,27,22,36,41,162,23,17,139,0,1,4,25,117,35,47.5,Minnesota Vikings,21,20,40,24,124,33,19,187,3,2,5,24,50,24,V,-2.0,46.5,6,2,-4,17,38,-10,-2,-48,-3,-1,1,67,11
310,11/20/2011,Philadelphia Eagles,17,17,53,33,136,36,23,255,3,0,1,3,30,36,43.7,New York Giants,10,12,36,17,29,35,18,249,1,1,3,15,39,23,V,-6.0,45.5,7,5,17,16,107,1,5,6,2,-1,-12,-9,13
311,11/20/2011,San Diego Chargers,20,15,45,17,52,31,21,280,2,1,0,0,20,26,38.7,Chicago Bears,31,23,57,32,93,32,18,286,1,0,0,0,61,33,V,-4.5,45.5,-11,-8,-12,-15,-41,-1,3,-6,1,1,0,-41,-7
312,11/20/2011,San Francisco 49ers,23,25,38,49,164,38,20,267,1,0,0,0,87,44,44.0,Arizona Cardinals,7,11,11,11,80,35,14,149,3,2,2,14,75,15,H,10.0,40.5,16,14,27,38,84,3,6,118,-2,-2,-14,12,29
313,11/20/2011,Seattle Seahawks,24,16,41,39,126,25,15,163,2,0,4,40,100,35,49.9,St Louis Rams,7,13,33,17,42,40,20,143,1,2,5,38,50,25,V,-3.0,40.0,17,3,8,22,84,-15,-5,20,1,-2,2,50,10
314,11/20/2011,St Louis Rams,7,13,33,17,42,40,20,143,1,2,5,38,50,25,43.9,Seattle Seahawks,24,16,41,39,126,25,15,163,2,0,4,40,100,35,H,3.0,40.0,-17,-3,-8,-22,-84,15,5,-20,-1,2,-2,-50,-10
315,11/20/2011,Tampa Bay Buccaneers,26,22,45,20,121,38,28,334,2,0,2,8,55,31,47.3,Green Bay Packers,35,24,58,23,91,34,23,287,1,0,2,12,37,28,V,-13.5,49.0,-9,-2,-13,-3,30,4,5,47,1,0,-4,18,3
316,11/20/2011,Tennessee Titans,17,17,57,14,41,44,22,257,1,0,1,7,86,23,45.0,Atlanta Falcons,23,25,33,36,116,32,22,316,0,1,0,0,55,36,V,-6.5,44.0,-6,-8,24,-22,-75,12,0,-59,1,-1,7,31,-13
317,11/20/2011,Washington Redskins,24,18,40,24,60,38,25,276,1,1,3,13,64,28,50.2,Dallas Cowboys,27,20,47,32,89,37,23,264,0,0,4,28,48,31,H,-7.0,43.0,-3,-2,-7,-8,-29,1,2,12,1,1,-15,16,-3
318,11/21/2011,Kansas City Chiefs,3,16,43,26,119,38,25,215,3,0,3,21,34,31,40.4,New England Patriots,34,20,31,35,157,27,15,223,0,1,3,11,20,28,V,-17.0,47.0,-31,-4,12,-9,-38,11,10,-8,3,-1,10,14,3
319,11/21/2011,New England Patriots,34,20,31,35,157,27,15,223,0,1,3,11,20,28,50.8,Kansas City Chiefs,3,16,43,26,119,38,25,215,3,0,3,21,34,31,H,17.0,47.0,31,4,-12,9,38,-11,-10,8,-3,1,-10,-14,-3
320,11/24/2011,Baltimore Ravens,16,16,47,35,92,23,15,161,0,0,0,0,20,31,43.0,San Francisco 49ers,6,12,17,21,74,24,15,96,1,0,9,44,97,28,H,3.5,40.5,10,4,30,14,18,-1,0,65,-1,0,-44,-77,3
321,11/24/2011,Dallas Cowboys,20,19,22,23,85,34,22,218,2,0,1,8,69,28,40.8,Miami Dolphins,19,19,25,25,89,32,19,266,0,1,4,25,55,31,H,7.0,46.0,1,0,-3,-2,-4,2,3,-48,2,-1,-17,14,-3
322,11/24/2011,Detroit Lions,15,23,50,21,136,45,32,273,3,0,1,3,82,30,36.0,Green Bay Packers,27,18,20,18,53,33,22,296,0,0,2,11,54,29,H,-4.5,55.0,-12,5,30,3,83,12,10,-23,3,0,-8,28,1
323,11/24/2011,Green Bay Packers,27,18,20,18,53,33,22,296,0,0,2,11,54,29,41.4,Detroit Lions,15,23,50,21,136,45,32,273,3,0,1,3,82,30,V,4.5,55.0,12,-5,-30,-3,-83,-12,-10,23,-3,0,8,-28,-1
324,11/24/2011,Miami Dolphins,19,18,25,25,89,32,19,263,0,1,4,25,55,31,49.8,Dallas Cowboys,20,19,22,23,85,34,22,218,2,0,1,8,69,28,V,-7.0,46.0,-1,-1,3,2,4,-2,-3,45,-2,1,17,-14,3
325,11/24/2011,San Francisco 49ers,6,12,17,21,74,24,15,96,1,0,9,44,97,28,57.4,Baltimore Ravens,16,16,47,35,92,23,15,161,0,0,0,0,20,31,V,-3.5,40.5,-10,-4,-30,-14,-18,1,0,-65,1,0,44,77,-3
326,11/27/2011,Arizona Cardinals,23,16,33,38,268,23,12,106,2,1,3,8,30,33,45.8,St Louis Rams,20,12,23,22,86,32,17,186,0,2,2,17,49,26,V,-2.5,40.0,3,4,10,16,182,-9,-5,-80,2,-1,-9,-19,7
327,11/27/2011,Atlanta Falcons,24,22,50,29,89,34,27,246,0,1,2,16,30,34,50.2,Minnesota Vikings,14,12,31,24,64,25,17,162,0,0,4,24,49,25,H,10.0,44.0,10,10,19,5,25,9,10,84,0,1,-8,-19,9
328,11/27/2011,Buffalo Bills,24,21,40,28,86,39,26,250,0,0,3,14,85,36,44.6,New York Jets,28,21,45,23,138,35,17,180,1,1,0,0,40,23,V,-9.5,42.5,-4,0,-5,5,-52,4,9,70,-1,-1,14,45,13
329,11/27/2011,Carolina Panthers,27,22,50,35,201,27,20,176,0,1,3,32,92,36,46.0,Indianapolis Colts,19,17,11,23,105,29,15,218,2,0,2,8,15,23,V,3.5,46.5,8,5,39,12,96,-2,5,-42,-2,1,24,77,13
330,11/27/2011,Chicago Bears,20,18,43,27,171,36,18,229,3,0,4,25,61,29,44.8,Oakland Raiders,25,17,20,27,73,37,21,268,1,0,4,33,44,30,V,-3.0,41.0,-5,1,23,0,98,-1,-3,-39,2,0,-8,17,-1
331,11/27/2011,Cincinnati Bengals,23,18,43,32,132,31,21,257,0,1,2,13,35,31,49.0,Cleveland Browns,20,17,40,30,134,34,16,140,1,0,2,11,15,28,H,7.0,38.0,3,1,3,2,-2,-3,5,117,-1,1,2,20,3
332,11/27/2011,Cleveland Browns,20,17,40,30,134,34,16,140,1,0,2,11,15,28,42.8,Cincinnati Bengals,23,18,43,32,132,31,21,257,0,1,2,13,35,31,V,-7.0,38.0,-3,-1,-3,-2,2,3,-5,-117,1,-1,-2,-20,-3
333,11/27/2011,Denver Broncos,16,18,31,51,208,18,9,141,0,0,1,2,63,30,43.0,San Diego Chargers,13,20,35,36,185,36,19,159,0,0,3,29,30,29,V,-5.5,42.0,3,-2,-4,15,23,-18,-10,-18,0,0,-27,33,1
334,11/27/2011,Houston Texans,20,9,13,31,88,28,18,127,0,1,0,0,80,28,43.6,Jacksonville Jaguars,13,14,26,24,105,40,20,150,1,0,7,48,30,31,V,6.5,37.0,7,-5,-13,7,-17,-12,-2,-23,-1,1,-48,50,-3
335,11/27/2011,Indianapolis Colts,19,17,11,23,105,29,15,218,2,0,2,8,15,23,46.0,Carolina Panthers,27,22,50,35,201,27,20,176,0,1,3,32,92,36,H,-3.5,46.5,-8,-5,-39,-12,-96,2,-5,42,2,-1,-24,-77,-13
336,11/27/2011,Jacksonville Jaguars,13,14,26,24,105,40,20,150,1,0,7,48,30,31,44.9,Houston Texans,20,9,13,31,88,28,18,127,0,1,0,0,80,28,H,-6.5,37.0,-7,5,13,-7,17,12,2,23,1,-1,48,-50,3
337,11/27/2011,Kansas City Chiefs,9,15,40,35,96,27,17,156,3,1,1,5,20,26,36.3,Pittsburgh Steelers,13,18,27,28,108,31,21,182,1,1,1,11,50,33,H,-10.5,40.5,-4,-3,13,7,-12,-4,-4,-26,2,0,-6,-30,-7
338,11/27/2011,Minnesota Vikings,14,12,31,24,64,25,17,162,0,0,4,24,49,25,46.7,Atlanta Falcons,24,22,50,29,89,34,27,246,0,1,2,16,30,34,V,-10.0,44.0,-10,-10,-19,-5,-25,-9,-10,-84,0,-1,8,19,-9
339,11/27/2011,New England Patriots,38,29,55,36,104,34,24,353,0,0,1,8,20,32,48.3,Philadelphia Eagles,20,23,31,18,79,47,25,387,1,0,2,7,60,27,V,3.5,50.5,18,6,24,18,25,-13,-1,-34,-1,0,1,-40,5
340,11/27/2011,New York Jets,28,20,45,23,138,35,17,180,1,1,0,0,40,23,41.8,Buffalo Bills,24,21,40,28,86,39,26,250,0,0,3,14,85,36,H,9.5,42.5,4,-1,5,-5,52,-4,-9,-70,1,1,-14,-45,-13
341,11/27/2011,Oakland Raiders,25,17,20,27,73,37,21,268,1,0,4,33,44,30,54.6,Chicago Bears,20,18,43,27,172,36,18,229,3,0,4,25,61,29,H,3.0,41.0,5,-1,-23,0,-99,1,3,39,-2,0,8,-17,1
342,11/27/2011,Philadelphia Eagles,20,23,31,17,73,48,26,393,1,0,2,7,60,27,39.8,New England Patriots,38,29,55,36,104,34,24,353,0,0,1,8,20,32,H,-3.5,50.5,-18,-6,-24,-19,-31,14,2,40,1,0,-1,40,-5
343,11/27/2011,Pittsburgh Steelers,13,18,27,28,108,31,21,182,1,1,1,11,50,33,42.0,Kansas City Chiefs,9,15,40,34,90,28,18,162,3,1,1,5,20,26,V,10.5,40.5,4,3,-13,-6,18,3,3,20,-2,0,6,30,7
344,11/27/2011,San Diego Chargers,13,20,35,36,185,36,19,159,0,0,3,29,30,29,51.7,Denver Broncos,16,18,31,51,207,18,9,141,0,0,1,2,63,30,H,5.5,42.0,-3,2,4,-15,-22,18,10,18,0,0,27,-33,-1
345,11/27/2011,Seattle Seahawks,17,15,38,30,124,30,14,126,1,0,2,18,91,26,44.2,Washington Redskins,23,22,30,29,110,35,26,306,2,0,1,8,115,33,H,3.0,37.5,-6,-7,8,1,14,-5,-12,-180,-1,0,10,-24,-7
346,11/27/2011,St Louis Rams,20,12,23,22,86,32,17,186,0,2,2,17,49,26,47.6,Arizona Cardinals,23,16,33,38,268,23,12,106,2,1,3,8,30,33,H,2.5,40.0,-3,-4,-10,-16,-182,9,5,80,-2,1,9,19,-7
347,11/27/2011,Tampa Bay Buccaneers,17,15,20,25,122,33,18,186,1,4,2,13,30,27,38.4,Tennessee Titans,23,18,41,35,202,34,19,150,2,2,2,10,50,32,V,-3.0,44.0,-6,-3,-21,-10,-80,-1,-1,36,-1,2,3,-20,-5
348,11/27/2011,Tennessee Titans,23,18,41,35,202,34,19,150,2,2,2,10,50,32,29.3,Tampa Bay Buccaneers,17,15,20,25,122,33,18,186,1,4,2,13,30,27,H,3.0,44.0,6,3,21,10,80,1,1,-36,1,-2,-3,20,5
349,11/27/2011,Washington Redskins,23,22,30,29,110,35,26,309,2,0,1,8,115,33,44.3,Seattle Seahawks,17,15,38,30,124,30,14,126,1,0,2,18,91,26,V,-3.0,37.5,6,7,-8,-1,-14,5,12,183,1,0,-10,24,7
350,11/28/2011,New Orleans Saints,49,31,56,30,205,39,25,372,0,0,0,0,104,28,41.5,New York Giants,24,29,45,22,73,47,33,392,1,1,1,14,32,31,H,7.0,51.0,25,2,11,8,132,-8,-8,-20,-1,-1,-14,72,-3
351,11/28/2011,New York Giants,24,29,45,22,73,47,33,392,1,1,1,14,32,31,38.0,New Orleans Saints,49,31,56,30,205,39,25,372,0,0,0,0,104,28,V,-7.0,51.0,-25,-2,-11,-8,-132,8,8,20,1,1,14,-72,3
352,12/01/2011,Philadelphia Eagles,14,20,25,25,132,29,17,198,4,0,2,10,28,29,46.3,Seattle Seahawks,31,15,42,33,174,16,13,173,0,0,3,17,30,30,V,3.0,43.5,-17,5,-17,-8,-42,13,4,25,4,0,-7,-2,-1
353,12/01/2011,Seattle Seahawks,31,15,42,33,174,16,13,173,0,0,3,17,30,30,39.4,Philadelphia Eagles,14,21,25,25,132,29,17,198,4,0,2,10,28,29,H,-3.0,43.5,17,-6,17,8,42,-13,-4,-25,-4,0,7,2,1
354,12/04/2011,Arizona Cardinals,19,17,31,25,103,25,16,224,0,0,5,23,41,28,50.4,Dallas Cowboys,13,20,33,20,75,42,28,261,0,0,5,38,49,31,H,-4.5,46.5,6,-3,-2,5,28,-17,-12,-37,0,0,-15,-8,-3
355,12/04/2011,Atlanta Falcons,10,18,43,18,70,47,20,267,2,0,0,0,43,24,51.3,Houston Texans,17,20,50,44,162,25,12,175,0,1,3,13,35,35,V,2.0,38.0,-7,-2,-7,-26,-92,22,8,92,2,-1,-13,8,-11
356,12/04/2011,Baltimore Ravens,24,24,47,55,290,23,10,158,0,1,1,0,18,37,35.7,Cleveland Browns,10,13,21,17,59,36,18,174,1,0,3,22,37,22,V,7.0,38.5,14,11,26,38,231,-13,-8,-16,-1,1,-22,-19,15
357,12/04/2011,Buffalo Bills,17,18,44,23,97,46,29,282,0,2,1,6,15,31,47.8,Tennessee Titans,23,17,18,31,187,25,16,130,0,0,1,10,20,28,H,1.0,44.0,-6,1,26,-8,-90,21,13,152,0,2,-4,-5,3
358,12/04/2011,Carolina Panthers,38,26,55,39,163,22,13,222,0,0,2,9,20,32,37.0,Tampa Bay Buccaneers,19,16,38,27,78,27,16,207,1,0,2,22,73,27,V,2.5,46.5,19,10,17,12,85,-5,-3,15,-1,0,-13,-53,5
359,12/04/2011,Chicago Bears,3,11,0,24,93,24,11,88,3,0,7,45,35,27,43.9,Kansas City Chiefs,10,13,35,37,113,31,17,139,0,1,2,18,60,32,H,9.0,35.0,-7,-2,-35,-13,-20,-7,-6,-51,3,-1,27,-25,-5
360,12/04/2011,Cincinnati Bengals,7,13,18,22,104,30,14,128,1,1,3,24,109,27,45.3,Pittsburgh Steelers,35,22,20,33,136,23,15,159,0,0,3,17,29,32,V,-7.0,43.0,-28,-9,-2,-11,-32,7,-1,-31,1,1,7,80,-5
361,12/04/2011,Cleveland Browns,10,13,21,17,59,36,18,174,1,0,3,22,37,22,39.4,Baltimore Ravens,24,24,47,55,290,23,10,158,0,1,1,0,18,37,H,-7.0,38.5,-14,-11,-26,-38,-231,13,8,16,1,-1,22,19,-15
362,12/04/2011,Dallas Cowboys,13,20,33,20,75,42,28,261,0,0,5,38,49,31,37.8,Arizona Cardinals,19,15,31,25,103,25,16,224,0,0,5,23,41,28,V,4.5,46.5,-6,5,2,-5,-28,17,12,37,0,0,15,8,3
363,12/04/2011,Denver Broncos,35,13,27,32,150,15,10,186,0,2,2,16,73,22,51.3,Minnesota Vikings,32,28,40,30,129,48,30,360,2,1,3,29,54,37,V,-1.5,37.5,3,-15,-13,2,21,-33,-20,-174,-2,1,-13,19,-15
364,12/04/2011,Detroit Lions,17,24,18,22,87,44,31,379,1,0,3,29,107,35,46.3,New Orleans Saints,31,21,50,23,100,36,26,338,0,0,2,4,30,24,V,-9.0,54.5,-14,3,-32,-1,-13,8,5,41,1,0,25,77,11
365,12/04/2011,Green Bay Packers,38,29,58,28,89,47,28,360,1,0,2,9,30,33,43.6,New York Giants,35,24,45,20,100,40,23,347,1,1,1,0,55,26,V,7.0,54.0,3,5,13,8,-11,7,5,13,0,-1,9,-25,7
366,12/04/2011,Houston Texans,17,20,50,44,162,25,12,175,0,1,3,13,35,35,52.8,Atlanta Falcons,10,18,43,18,70,47,20,267,2,0,0,0,43,24,H,-2.0,38.0,7,2,7,26,92,-22,-8,-92,-2,1,13,-8,11
367,12/04/2011,Indianapolis Colts,24,26,67,31,99,37,30,338,1,1,2,15,29,35,47.3,New England Patriots,31,24,55,24,73,38,29,289,0,0,1,0,20,24,V,-20.5,48.5,-7,2,12,7,26,-1,1,49,1,1,15,9,11
368,12/04/2011,Kansas City Chiefs,10,14,35,37,113,31,17,139,0,1,2,18,60,32,40.8,Chicago Bears,3,11,0,24,93,24,11,88,3,0,7,45,35,27,V,-9.0,35.0,7,3,35,13,20,7,6,51,-3,1,-27,25,5
369,12/04/2011,Miami Dolphins,34,24,57,44,209,25,13,153,0,0,1,9,79,38,55.8,Oakland Raiders,14,19,18,14,46,41,20,258,1,0,2,15,91,21,H,3.0,43.0,20,5,39,30,163,-16,-7,-105,-1,0,-6,-12,17
370,12/04/2011,Minnesota Vikings,32,27,40,30,129,48,30,360,2,1,3,29,54,37,49.8,Denver Broncos,35,13,27,32,150,15,10,186,0,2,2,16,73,22,H,1.5,37.5,-3,14,13,-2,-21,33,20,174,2,-1,13,-19,15
371,12/04/2011,New England Patriots,31,25,55,24,73,38,29,289,0,0,1,0,20,24,47.0,Indianapolis Colts,24,26,67,31,99,37,30,338,1,1,2,15,29,35,H,20.5,48.5,7,-1,-12,-7,-26,1,-1,-49,-1,-1,-15,-9,-11
372,12/04/2011,New Orleans Saints,31,22,50,23,100,36,26,338,0,0,2,4,30,24,45.3,Detroit Lions,17,25,18,22,87,44,31,379,1,0,3,29,107,35,H,9.0,54.5,14,-3,32,1,13,-8,-5,-41,-1,0,-25,-77,-11
373,12/04/2011,New York Giants,35,24,45,20,100,40,23,347,1,1,1,0,55,26,43.3,Green Bay Packers,38,28,58,28,89,47,28,360,1,0,2,9,30,33,H,-7.0,54.0,-3,-4,-13,-8,11,-7,-5,-13,0,1,-9,25,-7
374,12/04/2011,New York Jets,34,16,31,30,101,32,19,165,0,1,0,0,40,32,44.4,Washington Redskins,19,17,31,23,100,46,19,204,1,2,2,17,50,27,V,3.0,38.5,15,-1,0,7,1,-14,0,-39,-1,-1,-17,-10,5
375,12/04/2011,Oakland Raiders,14,18,18,14,46,41,20,258,1,0,2,15,91,21,45.9,Miami Dolphins,34,23,57,44,209,25,13,153,0,0,1,9,79,38,V,-3.0,43.0,-20,-5,-39,-30,-163,16,7,105,1,0,6,12,-17
376,12/04/2011,Pittsburgh Steelers,35,22,20,33,136,23,15,159,0,0,3,17,29,32,54.0,Cincinnati Bengals,7,13,18,22,104,30,14,128,1,1,3,24,109,27,H,7.0,43.0,28,9,2,11,32,-7,1,31,-1,-1,-7,-80,5
377,12/04/2011,San Francisco 49ers,26,18,29,34,144,25,17,245,0,0,4,29,72,36,46.2,St Louis Rams,0,10,23,23,31,22,12,126,1,1,4,30,35,23,H,14.5,38.5,26,8,6,11,113,3,5,119,-1,-1,-1,37,13
378,12/04/2011,St Louis Rams,0,10,23,23,31,22,12,126,1,1,4,30,35,23,39.8,San Francisco 49ers,26,18,29,34,144,25,17,245,0,0,4,29,72,36,V,-14.5,38.5,-26,-8,-6,-11,-113,-3,-5,-119,1,1,1,-37,-13
379,12/04/2011,Tampa Bay Buccaneers,19,15,38,27,78,27,16,207,1,0,2,22,73,27,42.5,Carolina Panthers,38,26,55,39,163,22,13,222,0,0,2,9,20,32,H,-2.5,46.5,-19,-11,-17,-12,-85,5,3,-15,1,0,13,53,-5
380,12/04/2011,Tennessee Titans,23,18,18,31,187,25,16,130,0,0,1,10,20,28,47.4,Buffalo Bills,17,18,44,23,97,46,29,282,0,2,1,6,15,31,V,-1.0,44.0,6,0,-26,8,90,-21,-13,-152,0,-2,4,5,-3
381,12/04/2011,Washington Redskins,19,17,31,23,100,46,19,204,1,2,2,17,50,27,37.3,New York Jets,34,15,31,30,101,32,19,165,0,1,0,0,40,32,H,-3.0,38.5,-15,2,0,-7,-1,14,0,39,1,1,17,10,-5
382,12/05/2011,Jacksonville Jaguars,14,17,56,31,129,33,19,177,1,0,2,18,26,31,38.8,San Diego Chargers,38,19,40,26,139,28,22,294,0,0,0,0,55,28,H,-3.0,39.5,-24,-2,16,5,-10,5,-3,-117,1,0,18,-29,3
383,12/05/2011,San Diego Chargers,38,19,40,26,139,28,22,294,0,0,0,0,55,28,44.3,Jacksonville Jaguars,14,17,56,31,129,33,19,177,1,0,2,18,26,31,V,3.0,39.5,24,2,-16,-5,10,-5,3,117,-1,0,-18,29,-3
384,12/08/2011,Cleveland Browns,3,19,44,30,98,36,19,206,2,0,3,16,54,32,34.8,Pittsburgh Steelers,14,21,25,28,147,23,16,269,1,2,2,11,97,27,V,-14.0,40.0,-11,-2,19,2,-49,13,3,-63,1,-2,5,-43,5
385,12/08/2011,Pittsburgh Steelers,14,20,25,28,147,23,16,269,1,2,2,11,97,27,41.5,Cleveland Browns,3,19,44,30,98,36,19,206,2,0,3,16,54,32,H,14.0,40.0,11,1,-19,-2,49,-13,-3,63,-1,2,-5,43,-5
386,12/11/2011,Arizona Cardinals,21,11,21,23,55,29,20,270,2,1,2,14,45,29,46.4,San Francisco 49ers,19,12,18,21,90,37,18,143,0,0,5,32,35,31,H,-3.5,40.0,2,-1,3,2,-35,-8,2,127,2,1,-18,10,-2
387,12/11/2011,Atlanta Falcons,31,17,47,28,86,38,22,308,0,0,3,12,50,30,48.0,Carolina Panthers,23,20,38,23,157,39,19,259,2,0,2,17,50,29,V,3.0,47.5,8,-3,9,5,-71,-1,3,49,-2,0,-5,0,1
388,12/11/2011,Baltimore Ravens,24,24,54,37,146,31,23,212,1,1,2,15,40,36,48.3,Indianapolis Colts,10,12,14,16,50,37,17,117,1,0,4,19,15,23,H,16.5,41.5,14,12,40,21,96,-6,6,95,0,1,-4,25,13
389,12/11/2011,Buffalo Bills,10,17,36,20,103,37,15,185,3,0,1,10,5,24,37.5,San Diego Chargers,37,23,57,32,150,33,24,216,0,1,2,24,50,35,V,-7.0,49.0,-27,-6,-21,-12,-47,4,-9,-31,3,-1,-14,-45,-11
390,12/11/2011,Carolina Panthers,23,18,38,23,157,39,19,259,2,0,2,17,50,29,43.3,Atlanta Falcons,31,17,47,28,86,38,22,308,0,0,3,12,50,30,H,-3.0,47.5,-8,1,-9,-5,71,1,-3,-49,2,0,5,0,-1
391,12/11/2011,Chicago Bears,10,12,13,38,159,19,12,86,0,1,4,29,69,28,47.7,Denver Broncos,13,20,29,34,124,40,21,221,1,1,5,15,28,31,V,-3.5,35.5,-3,-8,-16,4,35,-21,-9,-135,-1,0,14,41,-3
392,12/11/2011,Cincinnati Bengals,19,16,38,29,101,28,16,184,0,2,1,5,27,28,46.5,Houston Texans,20,25,56,28,144,44,26,268,1,3,5,32,50,31,H,3.0,37.0,-1,-9,-18,1,-43,-16,-10,-84,-1,-1,-27,-23,-3
393,12/11/2011,Dallas Cowboys,34,23,50,24,139,31,21,305,0,1,3,16,51,25,45.0,New York Giants,37,27,43,31,110,47,27,400,1,0,0,0,55,34,H,4.5,50.5,-3,-4,7,-7,29,-16,-6,-95,-1,1,16,-4,-9
394,12/11/2011,Denver Broncos,13,20,29,34,124,40,21,221,1,1,5,15,28,31,45.8,Chicago Bears,10,11,13,38,159,19,12,86,0,1,4,29,69,28,H,3.5,35.5,3,9,16,-4,-35,21,9,135,1,0,-14,-41,3
395,12/11/2011,Detroit Lions,34,14,50,21,72,29,20,208,0,0,5,19,76,31,47.8,Minnesota Vikings,28,29,57,35,269,44,23,156,3,3,4,43,37,28,H,10.0,47.0,6,-15,-7,-14,-197,-15,-3,52,-3,-3,-24,39,3
396,12/11/2011,Green Bay Packers,46,22,27,24,136,32,17,255,1,0,4,26,35,28,41.0,Oakland Raiders,16,24,38,29,117,43,24,238,4,1,1,7,89,31,H,11.5,49.5,30,-2,-11,-5,19,-11,-7,17,-3,-1,19,-54,-3
397,12/11/2011,Houston Texans,20,25,56,28,144,44,26,268,1,3,5,32,50,31,50.5,Cincinnati Bengals,19,16,38,29,101,28,16,184,0,2,1,5,27,28,V,-3.0,37.0,1,9,18,-1,43,16,10,84,1,1,27,23,3
398,12/11/2011,Indianapolis Colts,10,12,14,16,50,37,17,117,1,0,4,19,15,23,44.8,Baltimore Ravens,24,24,54,37,146,31,23,212,1,1,2,15,40,36,V,-16.5,41.5,-14,-12,-40,-21,-96,6,-6,-95,0,-1,4,-25,-13
399,12/11/2011,Jacksonville Jaguars,41,20,33,33,116,33,19,209,2,0,1,8,80,32,41.3,Tampa Bay Buccaneers,14,15,27,24,110,32,17,170,3,4,3,14,97,27,H,-3.0,42.0,27,5,6,9,6,1,2,39,-1,-4,-6,-17,5
400,12/11/2011,Kansas City Chiefs,10,13,17,21,65,32,16,156,1,0,5,39,128,22,51.6,New York Jets,37,24,33,42,159,21,13,155,0,1,3,26,22,37,V,-10.5,35.5,-27,-11,-16,-21,-94,11,3,1,1,-1,13,106,-15
401,12/11/2011,Miami Dolphins,10,11,20,26,109,29,17,95,1,2,9,60,81,28,53.2,Philadelphia Eagles,26,17,27,32,51,30,15,188,1,1,4,20,69,31,H,3.0,44.5,-16,-6,-7,-6,58,-1,2,-93,0,1,40,12,-3
402,12/11/2011,Minnesota Vikings,28,30,57,35,269,44,23,156,3,3,4,43,37,28,48.0,Detroit Lions,34,13,50,21,72,29,20,208,0,0,5,19,76,31,V,-10.0,47.0,-6,17,7,14,197,15,3,-52,3,3,24,-39,-3
403,12/11/2011,New England Patriots,34,21,45,20,79,37,22,352,1,0,1,5,47,23,45.0,Washington Redskins,27,26,50,34,170,33,20,293,1,1,2,8,73,36,V,7.5,47.0,7,-5,-5,-14,-91,4,2,59,0,-1,-3,-26,-13
404,12/11/2011,New Orleans Saints,22,23,58,26,114,47,36,323,0,0,2,14,95,37,49.0,Tennessee Titans,17,17,10,17,59,36,18,314,0,0,2,12,54,22,V,3.5,48.0,5,6,48,9,55,11,18,9,0,0,2,41,15
405,12/11/2011,New York Giants,37,28,43,31,110,47,27,400,1,0,0,0,55,34,44.8,Dallas Cowboys,34,24,50,24,139,31,21,305,0,1,3,16,51,25,V,-4.5,50.5,3,4,-7,7,-29,16,6,95,1,-1,-16,4,9
406,12/11/2011,New York Jets,37,24,33,42,159,21,13,155,0,1,3,26,22,37,45.1,Kansas City Chiefs,10,14,17,21,65,32,16,156,1,0,5,39,128,22,H,10.5,35.5,27,10,16,21,94,-11,-3,-1,-1,1,-13,-106,15
407,12/11/2011,Oakland Raiders,16,23,38,29,117,43,24,238,4,1,1,7,89,31,49.6,Green Bay Packers,46,22,27,24,136,32,17,255,1,0,4,26,35,28,V,-11.5,49.5,-30,1,11,5,-19,11,7,-17,3,1,-19,54,3
408,12/11/2011,Philadelphia Eagles,26,19,27,32,51,30,15,188,1,1,4,20,69,31,46.3,Miami Dolphins,10,11,20,26,109,29,17,95,1,2,9,60,81,28,V,-3.0,44.5,16,8,7,6,-58,1,-2,93,0,-1,-40,-12,3
409,12/11/2011,San Diego Chargers,37,23,57,32,150,33,24,216,0,1,2,24,50,35,40.0,Buffalo Bills,10,18,36,20,96,37,15,185,3,0,1,10,5,24,H,7.0,49.0,27,5,21,12,54,-4,9,31,-3,1,14,45,11
410,12/11/2011,San Francisco 49ers,19,13,18,21,90,37,18,143,0,0,5,32,35,31,53.3,Arizona Cardinals,21,12,21,23,55,29,20,270,2,1,2,14,45,29,V,3.5,40.0,-2,1,-3,-2,35,8,-2,-127,-2,-1,18,-10,2
411,12/11/2011,Tampa Bay Buccaneers,14,15,27,24,110,32,17,170,3,4,3,14,97,27,37.8,Jacksonville Jaguars,41,21,33,33,116,33,19,209,2,0,1,8,80,32,V,3.0,42.0,-27,-6,-6,-9,-6,-1,-2,-39,1,4,6,17,-5
412,12/11/2011,Tennessee Titans,17,18,10,17,59,36,18,314,0,0,2,12,54,22,45.4,New Orleans Saints,22,24,58,26,121,47,36,323,0,0,2,14,95,37,H,-3.5,48.0,-5,-6,-48,-9,-62,-11,-18,-9,0,0,-2,-41,-15
413,12/11/2011,Washington Redskins,27,26,50,34,170,33,20,293,1,1,2,8,73,36,37.0,New England Patriots,34,23,45,20,79,37,22,352,1,0,1,5,47,23,H,-7.5,47.0,-7,3,5,14,91,-4,-2,-59,0,1,3,26,13
414,12/12/2011,Seattle Seahawks,30,22,50,32,145,34,21,214,0,1,2,10,61,31,40.0,St Louis Rams,13,18,21,31,114,29,12,167,1,0,3,26,30,28,H,9.5,37.0,17,4,29,1,31,5,9,47,-1,1,-16,31,3
415,12/12/2011,St Louis Rams,13,19,21,31,114,29,12,167,1,0,3,26,30,28,44.5,Seattle Seahawks,30,21,50,32,145,34,21,214,0,1,2,10,61,31,V,-9.5,37.0,-17,-2,-29,-1,-31,-5,-9,-47,1,-1,16,-31,-3
416,12/15/2011,Atlanta Falcons,41,21,40,35,97,32,24,276,0,0,1,4,31,38,49.8,Jacksonville Jaguars,14,11,30,19,116,22,12,91,1,3,5,50,40,21,H,13.5,42.0,27,10,10,16,-19,10,12,185,-1,-3,-46,-9,17
417,12/15/2011,Jacksonville Jaguars,14,13,30,19,116,22,12,91,1,3,5,50,40,21,42.7,Atlanta Falcons,41,21,40,35,97,32,24,276,0,0,1,4,31,38,V,-13.5,42.0,-27,-8,-10,-16,19,-10,-12,-185,1,3,46,9,-17
418,12/17/2011,Dallas Cowboys,31,29,54,37,160,30,23,239,0,1,2,10,15,37,39.3,Tampa Bay Buccaneers,15,8,42,13,58,27,17,132,0,1,3,16,46,22,V,7.0,47.0,16,21,12,24,102,3,6,107,0,0,-6,-31,15
419,12/17/2011,Tampa Bay Buccaneers,15,8,42,13,58,27,17,132,0,1,3,16,46,22,50.5,Dallas Cowboys,31,28,54,37,160,30,23,239,0,1,2,10,15,37,H,-7.0,47.0,-16,-20,-12,-24,-102,-3,-6,-107,0,0,6,31,-15
420,12/18/2011,Arizona Cardinals,20,24,50,24,74,46,28,289,1,0,4,24,13,30,44.4,Cleveland Browns,17,16,36,29,120,31,18,213,0,1,2,13,74,29,H,6.5,37.5,3,8,14,-5,-46,15,10,76,1,-1,11,-61,1
421,12/18/2011,Baltimore Ravens,14,18,58,14,89,35,24,201,2,0,7,43,25,25,55.5,San Diego Chargers,34,23,60,37,145,23,17,270,0,0,0,0,35,34,V,2.5,44.0,-20,-5,-2,-23,-56,12,7,-69,2,0,43,-10,-9
422,12/18/2011,Buffalo Bills,23,21,0,19,113,47,31,291,3,0,3,25,92,31,47.6,Miami Dolphins,30,17,23,38,254,20,10,194,0,3,2,23,62,28,H,1.5,40.5,-7,4,-23,-19,-141,27,21,97,3,-3,2,30,3
423,12/18/2011,Carolina Panthers,28,21,64,34,166,24,14,150,0,0,2,10,40,32,50.0,Houston Texans,13,18,22,25,150,30,19,208,2,1,2,4,60,27,V,-6.0,45.5,15,3,42,9,16,-6,-5,-58,-2,-1,6,-20,5
424,12/18/2011,Chicago Bears,14,13,30,31,132,25,11,89,4,1,4,34,45,28,39.7,Seattle Seahawks,38,18,38,33,60,31,19,226,0,1,1,1,36,31,H,3.5,35.0,-24,-5,-8,-2,72,-6,-8,-137,4,0,33,9,-3
425,12/18/2011,Cincinnati Bengals,20,19,27,34,110,26,15,173,1,0,1,6,101,29,33.0,St Louis Rams,13,18,15,24,95,36,25,210,0,0,3,19,109,30,V,7.0,39.0,7,1,12,10,15,-10,-10,-37,1,0,-13,-8,-1
426,12/18/2011,Cleveland Browns,17,16,36,29,120,31,18,213,0,1,2,13,74,29,39.1,Arizona Cardinals,20,24,50,24,74,46,28,289,1,0,4,24,13,30,V,-6.5,37.5,-3,-8,-14,5,46,-15,-10,-76,-1,1,-11,61,-1
427,12/18/2011,Denver Broncos,23,23,40,31,252,23,11,141,0,3,4,53,39,26,53.7,New England Patriots,41,26,42,36,141,34,23,310,0,0,2,10,30,33,H,-7.5,47.5,-18,-3,-2,-5,111,-11,-12,-169,0,3,43,9,-7
428,12/18/2011,Detroit Lions,28,25,47,19,57,52,29,375,0,1,2,16,72,28,42.3,Oakland Raiders,27,27,11,22,132,40,32,345,0,1,3,22,86,31,V,1.5,47.5,1,-2,36,-3,-75,12,-3,30,0,0,-6,-14,-3
429,12/18/2011,Green Bay Packers,14,16,43,18,102,35,17,213,0,0,4,22,35,23,53.4,Kansas City Chiefs,19,22,33,39,139,31,23,301,0,0,0,0,55,36,V,11.5,46.0,-5,-6,10,-21,-37,4,-6,-88,0,0,22,-20,-13
430,12/18/2011,Houston Texans,13,19,22,25,150,30,19,208,2,1,2,4,60,27,29.0,Carolina Panthers,28,21,64,34,166,24,14,150,0,0,2,10,40,32,H,6.0,45.5,-15,-2,-42,-9,-16,6,5,58,2,1,-6,20,-5
431,12/18/2011,Indianapolis Colts,27,11,25,34,205,17,11,82,0,1,0,0,25,28,46.0,Tennessee Titans,13,21,38,19,66,56,38,322,2,1,1,9,70,31,H,-6.5,41.5,14,-10,-13,15,139,-39,-27,-240,-2,0,-9,-45,-3
432,12/18/2011,Kansas City Chiefs,19,22,33,39,139,31,23,299,0,0,0,0,55,36,49.5,Green Bay Packers,14,16,43,18,102,35,17,213,0,0,4,22,35,23,H,-11.5,46.0,5,6,-10,21,37,-4,6,86,0,0,-22,20,13
433,12/18/2011,Miami Dolphins,30,16,23,38,254,20,10,194,0,3,2,23,62,28,47.2,Buffalo Bills,23,22,0,19,113,47,31,291,3,0,3,25,92,31,V,-1.5,40.5,7,-6,23,19,141,-27,-21,-97,-3,3,-2,-30,-3
434,12/18/2011,Minnesota Vikings,20,10,29,18,105,32,14,102,1,0,4,18,84,21,48.4,New Orleans Saints,42,37,73,38,161,41,32,412,0,2,0,0,65,38,H,-7.5,53.5,-22,-27,-44,-20,-56,-9,-18,-310,1,-2,18,19,-17
435,12/18/2011,New England Patriots,41,25,42,36,141,34,23,310,0,0,2,10,30,33,41.0,Denver Broncos,23,21,40,31,252,23,11,141,0,3,4,53,39,26,V,7.5,47.5,18,4,2,5,-111,11,12,169,0,-3,-43,-9,7
436,12/18/2011,New Orleans Saints,42,36,73,38,161,41,32,412,0,2,0,0,65,38,52.0,Minnesota Vikings,20,11,29,18,105,32,14,102,1,0,4,18,84,21,V,7.5,53.5,22,25,44,20,56,9,18,310,-1,2,-18,-19,17
437,12/18/2011,New York Giants,10,22,33,18,91,40,23,233,3,0,3,24,75,25,49.5,Washington Redskins,23,19,53,40,123,24,15,177,2,0,1,8,48,34,H,6.0,46.5,-13,3,-20,-22,-32,16,8,56,1,0,16,27,-9
438,12/18/2011,New York Jets,19,13,23,27,94,29,16,147,2,2,4,30,93,29,39.3,Philadelphia Eagles,45,18,50,33,160,22,15,260,1,3,3,14,62,30,V,-3.0,44.0,-26,-5,-27,-6,-66,7,1,-113,1,-1,16,31,-1
439,12/18/2011,Oakland Raiders,27,26,11,22,132,40,32,347,0,1,3,22,86,31,47.8,Detroit Lions,28,25,47,19,57,52,29,375,0,1,2,16,72,28,H,-1.5,47.5,-1,1,-36,3,75,-12,3,-28,0,0,6,14,3
440,12/18/2011,Philadelphia Eagles,45,19,50,33,160,22,15,260,1,3,3,14,62,30,34.5,New York Jets,19,13,23,27,94,29,16,147,2,2,4,30,93,29,H,3.0,44.0,26,6,27,6,66,-7,-1,113,-1,1,-16,-31,1
441,12/18/2011,San Diego Chargers,34,23,60,37,145,23,17,270,0,0,0,0,35,34, ,Baltimore Ravens,14,18,58,14,89,35,24,201,2,0,7,43,25,25,H,-2.5,44.0,20,5,2,23,56,-12,-7,69,-2,0,-43,10,9
442,12/18/2011,Seattle Seahawks,38,17,38,33,60,31,19,226,0,1,1,1,36,31,39.2,Chicago Bears,14,13,30,31,132,25,11,89,4,1,4,34,45,28,V,-3.5,35.0,24,4,8,2,-72,6,8,137,-4,0,-33,-9,3
443,12/18/2011,St Louis Rams,13,18,15,24,95,36,25,210,0,0,3,19,109,30,42.9,Cincinnati Bengals,20,18,27,34,110,26,15,173,1,0,1,6,101,29,H,-7.0,39.0,-7,0,-12,-10,-15,10,10,37,-1,0,13,8,1
444,12/18/2011,Tennessee Titans,13,20,38,19,66,56,38,322,2,1,1,9,70,31,47.3,Indianapolis Colts,27,10,25,34,205,17,11,82,0,1,0,0,25,28,V,6.5,41.5,-14,10,13,-15,-139,39,27,240,2,0,9,45,3
445,12/18/2011,Washington Redskins,23,17,53,39,123,24,15,177,2,0,2,8,48,34,32.0,New York Giants,10,22,33,18,91,40,23,233,3,0,3,24,75,25,V,-6.0,46.5,13,-5,20,21,32,-16,-8,-56,-1,0,-16,-27,9
446,12/19/2011,Pittsburgh Steelers,3,20,57,19,84,44,25,305,3,1,3,25,72,31,38.3,San Francisco 49ers,20,17,31,30,100,31,18,187,0,0,0,0,49,28,V,-3.0,37.0,-17,3,26,-11,-16,13,7,118,3,1,25,23,3
447,12/19/2011,San Francisco 49ers,20,15,31,30,100,31,18,187,0,0,0,0,49,28,47.0,Pittsburgh Steelers,3,20,57,18,84,44,25,305,3,1,4,25,72,31,H,3.0,37.0,17,-5,-26,12,16,-13,-7,-118,-3,-1,-25,-23,-3
448,12/22/2011,Houston Texans,16,13,10,31,171,16,13,112,0,1,4,20,84,27,41.8,Indianapolis Colts,19,24,41,32,95,41,23,225,0,1,3,19,35,32,V,7.0,40.5,-3,-11,-31,-1,76,-25,-10,-113,0,0,1,49,-5
449,12/22/2011,Indianapolis Colts,19,23,41,32,95,41,23,225,0,1,3,19,35,32,42.0,Houston Texans,16,15,10,31,171,16,13,112,0,1,4,20,84,27,H,-7.0,40.5,3,8,31,1,-76,25,10,113,0,0,-1,-49,5
450,12/24/2011,Arizona Cardinals,16,17,29,18,59,44,23,257,3,0,5,40,87,28,38.3,Cincinnati Bengals,23,21,36,34,165,31,18,136,0,2,2,18,47,31,V,-4.0,41.0,-7,-4,-7,-16,-106,13,5,121,3,-2,22,40,-3
451,12/24/2011,Baltimore Ravens,20,16,41,37,162,24,11,122,1,0,1,10,51,32,45.2,Cleveland Browns,14,19,38,25,117,33,19,139,1,0,2,8,95,27,H,11.0,38.0,6,-3,3,12,45,-9,-8,-17,0,0,2,-44,5
452,12/24/2011,Buffalo Bills,40,14,17,28,160,27,15,191,0,0,1,5,69,29,50.3,Denver Broncos,14,18,15,35,133,30,13,160,4,0,3,25,58,30,H,-3.0,43.5,26,-4,2,-7,27,-3,2,31,-4,0,-20,11,-1
453,12/24/2011,Carolina Panthers,48,20,0,31,270,17,12,163,0,0,1,8,77,27,45.5,Tampa Bay Buccaneers,16,23,45,19,59,38,28,258,1,3,3,16,64,32,H,7.5,48.0,32,-3,-45,12,211,-21,-16,-95,-1,-3,-8,13,-5
454,12/24/2011,Cincinnati Bengals,23,21,36,34,165,31,18,136,0,2,2,18,47,31,43.8,Arizona Cardinals,16,17,29,18,59,44,23,257,3,0,5,40,87,28,H,4.0,41.0,7,4,7,16,106,-13,-5,-121,-3,2,-22,-40,3
455,12/24/2011,Cleveland Browns,14,18,38,25,117,33,19,139,1,0,2,8,95,27,41.5,Baltimore Ravens,20,14,41,37,162,24,11,122,1,0,1,10,51,32,V,-11.0,38.0,-6,4,-3,-12,-45,9,8,17,0,0,-2,44,-5
456,12/24/2011,Dallas Cowboys,7,15,35,23,81,40,24,157,0,0,3,25,47,32,38.0,Philadelphia Eagles,20,20,38,26,105,32,18,281,0,1,2,12,47,27,H,-2.5,50.0,-13,-5,-3,-3,-24,8,6,-124,0,-1,13,0,5
457,12/24/2011,Denver Broncos,14,18,15,35,133,30,13,160,4,0,3,25,58,30,43.9,Buffalo Bills,40,15,17,28,160,27,15,191,0,0,1,5,69,29,V,3.0,43.5,-26,3,-2,7,-27,3,-2,-31,4,0,20,-11,1
458,12/24/2011,Detroit Lions,38,24,69,23,87,36,29,353,0,0,3,20,8,32,41.0,San Diego Chargers,10,20,40,16,70,53,28,297,2,0,1,2,10,27,H,-1.0,53.0,28,4,29,7,17,-17,1,56,-2,0,18,-2,5
459,12/24/2011,Jacksonville Jaguars,17,18,28,28,113,42,21,187,1,0,1,11,28,29,45.8,Tennessee Titans,23,19,25,25,65,40,24,342,2,1,1,8,0,30,V,-8.5,38.5,-6,-1,3,3,48,2,-3,-155,-1,-1,3,28,-1
460,12/24/2011,Kansas City Chiefs,13,26,25,30,135,36,21,300,2,0,0,0,88,31,48.3,Oakland Raiders,16,13,27,25,71,26,16,237,2,0,0,0,92,28,H,3.0,43.0,-3,13,-2,5,64,10,5,63,0,0,0,-4,3
461,12/24/2011,Miami Dolphins,24,20,38,27,115,33,17,266,1,1,5,28,39,29,44.5,New England Patriots,27,25,47,31,119,46,27,281,0,0,4,23,50,30,V,-7.5,49.5,-3,-5,-9,-4,-4,-13,-10,-15,1,1,5,-11,-1
462,12/24/2011,Minnesota Vikings,33,21,36,38,241,18,12,148,0,0,2,4,40,29,43.3,Washington Redskins,26,23,30,24,141,41,26,256,1,1,3,28,64,30,V,-6.0,43.0,7,-2,6,14,100,-23,-14,-108,-1,-1,-24,-24,-1
463,12/24/2011,New England Patriots,27,27,47,31,119,46,27,281,0,0,4,23,50,30,52.2,Miami Dolphins,24,21,38,27,115,33,17,266,1,1,5,28,39,29,H,7.5,49.5,3,6,9,4,4,13,10,15,-1,-1,-5,11,1
464,12/24/2011,New York Giants,29,11,27,26,115,27,9,217,1,0,2,8,45,24,42.8,New York Jets,14,23,19,25,105,59,30,226,2,1,5,32,95,35,V,-3.0,46.0,15,-12,8,1,10,-32,-21,-9,-1,-1,-24,-50,-11
465,12/24/2011,New York Jets,14,22,19,25,105,59,30,226,2,1,5,32,95,35,42.0,New York Giants,29,12,27,26,115,27,9,217,1,0,2,8,45,24,H,3.0,46.0,-15,10,-8,-1,-10,32,21,9,1,1,24,50,11
466,12/24/2011,Oakland Raiders,16,13,27,25,71,26,16,237,2,0,0,0,92,28,54.3,Kansas City Chiefs,13,26,25,30,135,36,21,300,2,0,0,0,88,31,V,-3.0,43.0,3,-13,2,-5,-64,-10,-5,-63,0,0,0,4,-3
467,12/24/2011,Philadelphia Eagles,20,20,38,26,105,32,18,281,0,1,2,12,47,27,42.5,Dallas Cowboys,7,17,35,23,81,40,24,157,0,0,3,25,47,32,V,2.5,50.0,13,3,3,3,24,-8,-6,124,0,1,-13,0,-5
468,12/24/2011,Pittsburgh Steelers,27,18,14,28,169,22,15,208,1,0,0,0,50,29,48.3,St Louis Rams,0,16,38,36,164,24,9,68,0,0,3,23,21,30,H,10.0,34.0,27,2,-24,-8,5,-2,6,140,1,0,-23,29,-1
469,12/24/2011,San Diego Chargers,10,21,40,16,70,53,28,297,2,0,1,2,10,27,41.3,Detroit Lions,38,25,69,23,87,36,29,353,0,0,3,20,8,32,V,1.0,53.0,-28,-4,-29,-7,-17,17,-1,-56,2,0,-18,2,-5
470,12/24/2011,San Francisco 49ers,19,22,21,40,178,26,14,171,0,0,2,8,77,33,54.5,Seattle Seahawks,17,14,38,27,126,28,15,141,0,1,3,22,51,27,V,2.5,37.0,2,8,-17,13,52,-2,-1,30,0,-1,-14,26,6
471,12/24/2011,Seattle Seahawks,17,14,38,27,126,28,15,141,0,1,3,22,51,27,45.2,San Francisco 49ers,19,21,21,40,178,26,14,171,0,0,2,8,77,33,H,-2.5,37.0,-2,-7,17,-13,-52,2,1,-30,0,1,14,-26,-6
472,12/24/2011,St Louis Rams,0,15,38,36,164,24,9,68,0,0,3,23,21,30,40.0,Pittsburgh Steelers,27,19,14,28,169,22,15,208,1,0,0,0,50,29,V,-10.0,34.0,-27,-4,24,8,-5,2,-6,-140,-1,0,23,-29,1
473,12/24/2011,Tampa Bay Buccaneers,16,21,45,19,59,38,28,258,1,3,3,16,64,32,58.0,Carolina Panthers,48,21,0,31,270,17,12,163,0,0,1,8,77,27,V,-7.5,48.0,-32,0,45,-12,-211,21,16,95,1,3,8,-13,5
474,12/24/2011,Tennessee Titans,23,20,25,25,65,40,24,342,2,1,1,8,0,30,43.3,Jacksonville Jaguars,17,18,28,28,113,42,21,187,1,0,1,11,28,29,H,8.5,38.5,6,2,-3,-3,-48,-2,3,155,1,1,-3,-28,1
475,12/24/2011,Washington Redskins,26,24,30,24,141,41,26,256,1,1,3,28,64,30,41.0,Minnesota Vikings,33,21,36,38,241,18,12,148,0,0,2,4,40,29,H,6.0,43.0,-7,3,-6,-14,-100,23,14,108,1,1,24,24,1
476,12/25/2011,Chicago Bears,21,24,50,42,199,28,19,242,2,0,0,0,28,35,47.5,Green Bay Packers,35,19,56,21,81,29,21,282,0,0,1,1,0,24,V,-13.0,42.0,-14,5,-6,21,118,-1,-2,-40,2,0,-1,28,11
477,12/25/2011,Green Bay Packers,35,19,56,21,81,29,21,282,0,0,1,1,0,24,44.5,Chicago Bears,21,24,50,42,199,28,19,242,2,0,0,0,28,35,H,13.0,42.0,14,-5,6,-21,-118,1,2,40,-2,0,1,-28,-11
478,12/26/2011,Atlanta Falcons,16,23,47,14,35,61,40,434,0,1,0,0,57,33,51.0,New Orleans Saints,45,27,77,23,164,39,23,299,2,0,1,8,46,26,V,-7.0,52.5,-29,-4,-30,-9,-129,22,17,135,-2,1,-8,11,7
479,12/26/2011,New Orleans Saints,45,26,77,23,164,39,23,299,2,0,1,8,46,26,52.5,Atlanta Falcons,16,24,47,14,35,61,40,434,0,1,0,0,57,33,H,7.0,52.5,29,2,30,9,129,-22,-17,-135,2,-1,8,-11,-7
480,01/01/2012,Arizona Cardinals,23,20,41,31,131,40,22,257,1,1,2,14,76,31,46.1,Seattle Seahawks,20,19,19,34,178,35,21,191,1,0,4,31,55,29,H,2.5,40.5,3,1,22,-3,-47,5,1,66,0,1,-17,21,2
481,01/01/2012,Atlanta Falcons,45,22,55,38,251,21,13,177,1,1,0,0,20,30,49.5,Tampa Bay Buccaneers,24,16,50,14,35,45,31,259,3,1,2,15,20,29,H,9.5,45.0,21,6,5,24,216,-24,-18,-82,-2,0,-15,0,1
482,01/01/2012,Baltimore Ravens,24,15,38,32,221,19,15,126,0,0,1,4,59,29,46.6,Cincinnati Bengals,16,18,47,24,105,44,22,231,0,1,1,1,35,30,V,2.5,38.0,8,-3,-9,8,116,-25,-7,-105,0,-1,3,24,-1
483,01/01/2012,Buffalo Bills,21,27,14,20,106,46,29,296,4,0,2,11,45,30,41.0,New England Patriots,49,27,50,29,138,35,24,334,0,0,5,26,77,29,V,-10.0,50.0,-28,0,-36,-9,-32,11,5,-38,4,0,-15,-32,1
484,01/01/2012,Carolina Panthers,17,22,0,24,164,25,15,137,1,1,2,21,5,25,45.8,New Orleans Saints,45,34,67,35,208,38,31,409,1,0,0,0,60,34,V,-7.0,55.0,-28,-12,-67,-11,-44,-13,-16,-272,0,1,21,-55,-9
485,01/01/2012,Chicago Bears,17,9,38,25,92,25,15,117,1,2,7,43,20,28,48.6,Minnesota Vikings,13,16,20,27,79,42,21,222,3,0,2,6,38,31,V,-2.5,42.0,4,-7,18,-2,13,-17,-6,-105,-2,2,37,-18,-3
486,01/01/2012,Cincinnati Bengals,16,19,47,24,105,44,22,231,0,1,1,1,35,30,52.8,Baltimore Ravens,24,16,38,32,221,19,15,126,0,0,1,4,59,29,H,-2.5,38.0,-8,3,9,-8,-116,25,7,105,0,1,-3,-24,1
487,01/01/2012,Cleveland Browns,9,14,29,15,72,41,16,168,1,0,2,9,40,20,38.7,Pittsburgh Steelers,13,22,50,36,161,40,23,199,0,2,2,22,37,39,H,-7.0,33.0,-4,-8,-21,-21,-89,1,-7,-31,1,-2,-13,3,-19
488,01/01/2012,Dallas Cowboys,14,18,33,16,49,37,29,251,1,1,6,38,43,25,42.5,New York Giants,31,21,47,31,106,33,24,331,0,0,2,15,28,34,V,-3.0,47.5,-17,-3,-14,-15,-57,4,5,-80,1,1,23,15,-9
489,01/01/2012,Denver Broncos,3,16,28,47,216,21,6,42,0,2,3,18,49,33,45.3,Kansas City Chiefs,7,13,33,30,106,29,15,175,0,1,1,5,36,26,H,2.0,37.5,-4,3,-5,17,110,-8,-9,-133,0,1,13,13,7
490,01/01/2012,Detroit Lions,41,32,36,15,73,59,36,502,2,2,2,18,101,28,48.7,Green Bay Packers,45,26,50,25,79,44,31,471,1,1,2,9,78,31,V,6.5,42.0,-4,6,-14,-10,-6,15,5,31,1,1,9,23,-3
491,01/01/2012,Green Bay Packers,45,28,50,24,81,44,31,469,1,1,3,11,80,31,44.3,Detroit Lions,41,32,36,15,73,59,36,502,2,2,2,18,101,28,H,-6.5,42.0,4,-4,14,9,8,-15,-5,-33,-1,-1,-7,-21,3
492,01/01/2012,Houston Texans,22,23,36,30,152,32,22,235,0,1,3,23,55,34,45.2,Tennessee Titans,23,16,43,22,86,35,22,275,0,1,3,22,47,25,H,-2.0,38.5,-1,7,-7,8,66,-3,0,-40,0,0,1,8,9
493,01/01/2012,Indianapolis Colts,13,19,43,22,56,40,27,242,2,1,3,22,40,29,43.7,Jacksonville Jaguars,19,13,38,35,190,19,11,71,0,1,3,21,10,30,V,-3.0,37.0,-6,6,5,-13,-134,21,16,171,2,0,1,30,-1
494,01/01/2012,Jacksonville Jaguars,19,15,38,35,190,19,11,71,0,1,3,21,10,30,42.0,Indianapolis Colts,13,20,43,22,56,40,27,242,2,1,3,22,40,29,H,3.0,37.0,6,-5,-5,13,134,-21,-16,-171,-2,0,-1,-30,1
495,01/01/2012,Kansas City Chiefs,7,14,33,30,106,29,15,175,0,1,1,5,36,26,46.9,Denver Broncos,3,16,28,47,216,22,6,50,1,2,2,10,51,33,V,-2.0,37.5,4,-2,5,-17,-110,7,9,125,-1,-1,-5,-15,-7
496,01/01/2012,Miami Dolphins,19,13,53,27,88,31,21,115,2,0,1,7,35,31,46.8,New York Jets,17,20,36,27,129,33,22,245,3,0,2,3,40,28,H,2.0,39.0,2,-7,17,0,-41,-2,-1,-130,-1,0,4,-5,3
497,01/01/2012,Minnesota Vikings,13,17,20,27,79,42,21,222,3,0,2,6,38,31,46.8,Chicago Bears,17,10,38,25,92,25,15,117,1,2,7,43,20,28,H,2.5,42.0,-4,7,-18,2,-13,17,6,105,2,-2,-37,18,3
498,01/01/2012,New England Patriots,49,27,50,29,138,36,24,342,1,0,4,18,77,29,49.5,Buffalo Bills,21,26,14,21,112,45,28,283,4,0,2,11,45,30,H,10.0,50.0,28,1,36,8,26,-9,-4,59,-3,0,7,32,-1
499,01/01/2012,New Orleans Saints,45,33,67,35,208,38,31,409,1,0,0,0,60,34,62.0,Carolina Panthers,17,21,0,24,164,25,15,137,1,1,2,21,5,25,H,7.0,55.0,28,12,67,11,44,13,16,272,0,-1,-21,55,9
500,01/01/2012,New York Giants,31,20,47,31,106,33,24,331,0,0,2,15,28,34,41.8,Dallas Cowboys,14,18,33,16,49,37,29,251,1,1,6,38,43,25,H,3.0,47.5,17,2,14,15,57,-4,-5,80,-1,-1,-23,-15,9
501,01/01/2012,New York Jets,17,20,36,27,129,33,22,245,3,0,2,3,40,28,39.2,Miami Dolphins,19,14,53,26,82,32,22,128,2,0,1,7,35,31,V,-2.0,39.0,-2,6,-17,1,47,1,0,117,1,0,-4,5,-3
502,01/01/2012,Oakland Raiders,26,28,62,24,103,43,28,417,1,0,0,0,64,29,58.0,San Diego Chargers,38,26,70,31,153,26,19,310,1,0,0,0,68,30,H,3.0,48.5,-12,2,-8,-7,-50,17,9,107,0,0,0,-4,-1
503,01/01/2012,Philadelphia Eagles,34,23,45,19,75,39,24,315,1,1,2,20,75,29,50.5,Washington Redskins,10,21,38,25,130,45,22,247,1,0,1,9,71,30,H,7.0,44.5,24,2,7,-6,-55,-6,2,68,0,1,11,4,-1
504,01/01/2012,Pittsburgh Steelers,13,21,50,36,161,40,23,199,0,2,2,22,37,39,45.5,Cleveland Browns,9,13,29,15,72,41,16,168,1,0,2,9,40,20,V,7.0,33.0,4,8,21,21,89,-1,7,31,-1,2,13,-3,19
505,01/01/2012,San Diego Chargers,38,23,70,32,151,26,19,312,1,0,-1,-2,68,30, ,Oakland Raiders,26,26,62,24,103,43,28,417,1,0,0,0,64,29,V,-3.0,48.5,12,-3,8,8,48,-17,-9,-105,0,0,-2,4,1
506,01/01/2012,San Francisco 49ers,34,21,38,36,110,32,22,211,0,0,3,22,80,35,56.6,St Louis Rams,27,18,33,24,109,34,14,199,2,0,4,27,50,24,V,12.5,34.5,7,3,5,12,1,-2,8,12,-2,0,-5,30,11
507,01/01/2012,Seattle Seahawks,20,20,19,33,176,35,21,190,1,0,5,32,55,29,44.4,Arizona Cardinals,23,20,41,31,131,40,22,257,1,1,2,14,76,31,V,-2.5,40.5,-3,0,-22,2,45,-5,-1,-67,0,-1,18,-21,-2
508,01/01/2012,St Louis Rams,27,18,33,25,111,34,14,200,2,0,3,26,50,24,51.0,San Francisco 49ers,34,21,38,36,110,32,22,211,0,0,3,22,80,35,H,-12.5,34.5,-7,-3,-5,-11,1,2,-8,-11,2,0,4,-30,-11
509,01/01/2012,Tampa Bay Buccaneers,24,19,50,14,35,45,31,259,3,1,2,15,20,29,49.3,Atlanta Falcons,45,20,55,38,251,21,13,177,1,1,0,0,20,30,V,-9.5,45.0,-21,-1,-5,-24,-216,24,18,82,2,0,15,0,-1
510,01/01/2012,Tennessee Titans,23,18,43,22,86,35,22,275,0,1,3,22,47,25,47.7,Houston Texans,22,21,36,30,152,32,22,235,0,1,3,23,55,34,V,2.0,38.5,1,-3,7,-8,-66,3,0,40,0,0,-1,-8,-9
511,01/01/2012,Washington Redskins,10,21,38,25,130,45,22,247,1,0,1,9,71,30,37.0,Philadelphia Eagles,34,22,45,19,75,39,24,315,1,1,2,20,75,29,V,-7.0,44.5,-24,-1,-7,6,55,6,-2,-68,0,-1,-11,-4,1
