,Date,TeamName,ScoreOff,RushAttOff,RushYdsOff,PassAttOff,PassCompOff,PassYdsOff,PassIntOff,Opponent,ScoreDef,RushAttDef,RushYdsDef,PassAttDef,PassCompDef,PassYdsDef,PassIntDef,ScoreDiff,RushAvgOff,PassCompRateOff,PassYardsAttOff,RushAvgDef,PassCompRateDef,PassYardsAttDef
1,08/30/2007,Boise State,56,55,371,28,16,198,1,Weber State,7,26,74,30,11,71,0,49,6.75,0.57,7.07,2.85,0.37,2.37
3,08/30/2007,Cincinnati,59,47,314,36,24,301,1,S E Missouri St,3,37,175,22,12,87,2,56,6.68,0.67,8.36,4.73,0.55,3.95
5,08/30/2007,Kent State,23,51,202,26,17,161,2,Iowa State,14,39,158,23,14,148,2,9,3.96,0.65,6.19,4.05,0.61,6.43
6,08/30/2007,Louisiana State,45,50,198,22,14,149,0,Mississippi State,0,26,10,33,14,136,6,45,3.96,0.64,6.77,0.38,0.42,4.12
7,08/30/2007,Louisville,73,41,261,23,18,394,0,Murray State,10,35,130,31,19,141,0,63,6.37,0.78,17.13,3.71,0.61,4.55
8,08/30/2007,Miami-Ohio,14,38,178,24,14,118,2,Ball State,13,34,140,36,19,198,0,1,4.68,0.58,4.92,4.12,0.53,5.5
10,08/30/2007,Nevada-Las Vegas,23,38,173,20,12,141,0,Utah State,16,40,97,19,13,137,0,7,4.55,0.6,7.05,2.42,0.68,7.21
11,08/30/2007,New Mexico State,35,27,153,37,25,289,4,S E Louisiana,14,37,123,28,14,145,1,21,5.67,0.68,7.81,3.32,0.5,5.18
12,08/30/2007,Oregon State,24,44,241,30,12,129,2,Utah,7,30,18,37,17,178,0,17,5.48,0.4,4.3,0.6,0.46,4.81
13,08/30/2007,Rutgers,38,41,235,25,16,328,0,Buffalo,3,34,70,32,19,165,0,35,5.73,0.64,13.12,2.06,0.59,5.16
14,08/30/2007,Tulsa,35,55,216,31,22,307,1,UL-Monroe,17,43,212,21,7,66,0,18,3.93,0.71,9.9,4.93,0.33,3.14
18,08/31/2007,Navy,30,56,361,7,3,78,0,Temple,19,25,74,29,21,199,2,11,6.45,0.43,11.14,2.96,0.72,6.86
21,08/31/2007,Washington,42,41,302,21,15,142,0,Syracuse,12,29,8,32,20,199,0,30,7.37,0.71,6.76,0.28,0.62,6.22
22,09/01/2007,Air Force,34,60,279,18,11,176,1,So Carolina State,3,34,70,28,11,90,1,31,4.65,0.61,9.78,2.06,0.39,3.21
23,09/01/2007,Akron,22,35,133,29,17,154,0,Army,14,29,58,44,23,184,2,8,3.8,0.59,5.31,2.0,0.52,4.18
24,09/01/2007,Alabama,52,44,313,34,25,262,0,Western Carolina,6,39,76,27,14,171,0,46,7.11,0.74,7.71,1.95,0.52,6.33
26,09/01/2007,Arizona State,45,53,250,32,23,270,0,San Jose State,3,26,40,23,11,75,2,42,4.72,0.72,8.44,1.54,0.48,3.26
27,09/01/2007,Arkansas,46,50,350,22,13,157,0,Troy,26,31,162,49,17,214,1,20,7.0,0.59,7.14,5.23,0.35,4.37
30,09/01/2007,Auburn,23,37,62,30,17,229,2,Kansas State,13,16,27,58,33,289,2,10,1.68,0.57,7.63,1.69,0.57,4.98
32,09/01/2007,Boston College,38,27,54,52,32,408,2,Wake Forest,28,24,2,60,45,366,4,10,2.0,0.62,7.85,0.08,0.75,6.1
33,09/01/2007,Bowling Green,32,22,100,53,35,412,0,Minnesota,31,48,246,31,15,188,2,1,4.55,0.66,7.77,5.12,0.48,6.06
34,09/01/2007,Brigham Young,20,32,104,39,26,288,0,Arizona,7,19,32,38,28,223,0,13,3.25,0.67,7.38,1.68,0.74,5.87
35,09/01/2007,California,45,37,230,28,19,241,0,Tennessee,31,27,111,47,32,271,0,14,6.22,0.68,8.61,4.11,0.68,5.77
37,09/01/2007,Colorado,31,28,129,32,18,201,1,Colorado State,28,56,157,27,20,229,1,3,4.61,0.56,6.28,2.8,0.74,8.48
39,09/01/2007,Connecticut,45,47,189,30,22,298,1,Duke,14,28,15,29,15,154,3,31,4.02,0.73,9.93,0.54,0.52,5.31
43,09/01/2007,Florida,49,33,185,21,16,325,0,Western Kentucky,3,32,48,21,15,156,0,46,5.61,0.76,15.48,1.5,0.71,7.43
44,09/01/2007,Florida Atlantic,27,42,216,27,12,195,0,Middle Tennessee,14,32,18,32,20,199,2,13,5.14,0.44,7.22,0.56,0.62,6.22
46,09/01/2007,Fresno State,24,49,266,29,17,209,0,Sacramento State,3,28,42,23,13,60,0,21,5.43,0.59,7.21,1.5,0.57,2.61
47,09/01/2007,Georgia,35,47,142,24,18,234,0,Oklahoma State,14,34,70,31,17,196,1,21,3.02,0.75,9.75,2.06,0.55,6.32
48,09/01/2007,Georgia Tech,33,43,265,24,11,121,0,Notre Dame,3,41,-8,22,15,130,0,30,6.16,0.46,5.04,-0.2,0.68,5.91
49,09/01/2007,Hawaii,63,10,37,59,45,540,2,Northern Colorado,6,34,50,29,18,132,1,57,3.7,0.76,9.15,1.47,0.62,4.55
53,09/01/2007,Indiana,55,51,217,22,13,299,1,Indiana State,7,29,46,36,20,130,2,48,4.25,0.59,13.59,1.59,0.56,3.61
54,09/01/2007,Iowa,16,46,250,29,12,133,0,Northern Illinois,3,21,21,42,26,214,3,13,5.43,0.41,4.59,1.0,0.62,5.1
55,09/01/2007,Kansas,52,43,230,35,26,308,0,Central Michigan,7,28,114,38,20,180,0,45,5.35,0.74,8.8,4.07,0.53,4.74
57,09/01/2007,Kentucky,50,44,288,33,23,280,1,Eastern Kentucky,10,30,130,31,16,72,2,40,6.55,0.7,8.48,4.33,0.52,2.32
58,09/01/2007,Louisiana Tech,28,36,190,23,12,71,0,Central Arkansas,7,42,110,52,30,276,5,21,5.28,0.52,3.09,2.62,0.58,5.31
60,09/01/2007,Maryland,31,47,221,30,23,207,3,Villanova,14,22,11,28,17,176,1,17,4.7,0.77,6.9,0.5,0.61,6.29
62,09/01/2007,Miami-Florida,31,40,260,21,9,81,1,Marshall,3,32,51,35,19,183,4,28,6.5,0.43,3.86,1.59,0.54,5.23
64,09/01/2007,Michigan State,55,48,298,30,22,295,0,U-A-B,18,32,12,39,21,214,1,37,6.21,0.73,9.83,0.38,0.54,5.49
67,09/01/2007,Mississippi,23,29,74,30,19,201,0,Memphis,21,35,124,61,41,343,4,2,2.55,0.63,6.7,3.54,0.67,5.62
68,09/01/2007,Missouri,40,33,70,54,37,359,0,Illinois,34,34,119,40,23,316,2,6,2.12,0.69,6.65,3.5,0.57,7.9
69,09/01/2007,Nebraska,52,70,413,26,15,212,1,Nevada-Reno,10,24,77,27,9,108,1,42,5.9,0.58,8.15,3.21,0.33,4.0
73,09/01/2007,North Carolina,37,34,100,19,14,227,1,James Madison,14,44,150,22,14,100,2,23,2.94,0.74,11.95,3.41,0.64,4.55
76,09/01/2007,Northwestern,27,49,163,31,25,254,0,Northeastern,0,24,109,32,19,151,0,27,3.33,0.81,8.19,4.54,0.59,4.72
78,09/01/2007,Ohio,36,46,206,31,17,226,0,Gardner-Webb,14,24,68,47,27,265,2,22,4.48,0.55,7.29,2.83,0.57,5.64
79,09/01/2007,Ohio State,38,41,147,31,21,270,0,Youngstown State,6,34,85,19,11,91,0,32,3.59,0.68,8.71,2.5,0.58,4.79
80,09/01/2007,Oklahoma,79,45,265,28,25,403,0,North Texas,10,31,15,38,19,232,3,69,5.89,0.89,14.39,0.48,0.5,6.11
82,09/01/2007,Oregon,48,49,339,15,9,134,0,Houston,27,49,315,39,22,230,2,21,6.92,0.6,8.93,6.43,0.56,5.9
83,09/01/2007,Penn State,59,48,236,41,25,313,0,Florida Intl,0,31,-3,26,12,117,0,59,4.92,0.61,7.63,-0.1,0.46,4.5
84,09/01/2007,Pittsburgh,27,42,130,24,16,195,0,Eastern Michigan,3,23,39,29,16,106,1,24,3.1,0.67,8.12,1.7,0.55,3.66
85,09/01/2007,Purdue,52,34,244,32,14,244,1,Toledo,24,43,172,42,20,154,2,28,7.18,0.44,7.62,4.0,0.48,3.67
88,09/01/2007,South Carolina,28,41,195,29,21,238,1,UL-Lafayette,14,47,252,19,12,63,0,14,4.76,0.72,8.21,5.36,0.63,3.32
89,09/01/2007,South Florida,28,33,135,39,23,238,0,Elon,13,30,33,55,34,226,1,15,4.09,0.59,6.1,1.1,0.62,4.11
90,09/01/2007,Southern Cal,38,43,214,34,22,206,2,Idaho,10,32,98,35,16,155,0,28,4.98,0.65,6.06,3.06,0.46,4.43
91,09/01/2007,Southern Miss,35,55,310,29,12,122,0,Tennessee-Martin,13,24,72,31,18,185,1,22,5.64,0.41,4.21,3.0,0.58,5.97
94,09/01/2007,Texas,21,38,117,33,22,223,2,Arkansas State,13,34,125,37,24,272,1,8,3.08,0.67,6.76,3.68,0.65,7.35
95,09/01/2007,Texas A+M,38,35,261,23,11,129,0,Montana State,7,37,99,48,26,304,1,31,7.46,0.48,5.61,2.68,0.54,6.33
96,09/01/2007,Texas Christian,27,45,181,30,18,205,0,Baylor,0,25,51,55,26,231,4,27,4.02,0.6,6.83,2.04,0.47,4.2
100,09/01/2007,U-C-F,25,43,206,24,12,93,0,No Carolina State,23,32,85,38,24,272,2,2,4.79,0.5,3.88,2.66,0.63,7.16
101,09/01/2007,U.C.L.A.,45,50,338,29,16,286,0,Stanford,17,26,52,59,27,331,0,28,6.76,0.55,9.86,2.0,0.46,5.61
103,09/01/2007,UTEP,10,25,114,25,8,81,1,New Mexico,6,50,189,40,25,190,0,4,4.56,0.32,3.24,3.78,0.62,4.75
104,09/01/2007,Vanderbilt,41,35,162,26,19,284,0,Richmond,17,35,149,30,18,161,3,24,4.63,0.73,10.92,4.26,0.6,5.37
106,09/01/2007,Virginia Tech,17,31,33,33,22,245,1,East Carolina,7,35,142,31,16,119,1,10,1.06,0.67,7.42,4.06,0.52,3.84
109,09/01/2007,West Virginia,62,45,316,22,13,226,0,Western Michigan,24,32,32,43,26,245,2,38,7.02,0.59,10.27,1.0,0.6,5.7
112,09/01/2007,Wisconsin,42,46,182,30,20,304,0,Washington State,21,32,157,28,17,171,1,21,3.96,0.67,10.13,4.91,0.61,6.11
113,09/01/2007,Wyoming,23,54,218,34,25,253,1,Virginia,3,17,7,29,14,103,2,20,4.04,0.74,7.44,0.41,0.48,3.55
114,09/03/2007,Clemson,24,42,132,24,14,160,0,Florida State,18,28,114,35,17,142,0,6,3.14,0.58,6.67,4.07,0.49,4.06
117,09/03/2007,Texas Tech,49,18,80,66,50,473,0,S-M-U,9,31,115,34,16,155,2,40,4.44,0.76,7.17,3.71,0.47,4.56
118,09/06/2007,Cincinnati,34,33,30,23,15,199,0,Oregon State,3,21,36,54,32,274,6,31,0.91,0.65,8.65,1.71,0.59,5.07
119,09/06/2007,Louisville,58,53,328,39,25,401,0,Middle Tennessee,42,29,265,26,14,290,2,16,6.19,0.64,10.28,9.14,0.54,11.15
123,09/07/2007,Rutgers,41,43,210,19,14,266,1,Navy,24,54,254,12,5,35,3,17,4.88,0.74,14.0,4.7,0.42,2.92
124,09/08/2007,Air Force,20,63,334,14,8,56,0,Utah,12,33,73,39,20,240,2,8,5.3,0.57,4.0,2.21,0.51,6.15
126,09/08/2007,Alabama,24,48,221,28,14,150,1,Vanderbilt,10,26,57,41,18,175,1,14,4.6,0.5,5.36,2.19,0.44,4.27
127,09/08/2007,Arizona,45,33,195,48,26,295,1,Northern Arizona,24,28,56,41,22,187,0,21,5.91,0.54,6.15,2.0,0.54,4.56
128,09/08/2007,Arizona State,33,44,138,37,19,269,1,Colorado,14,27,39,46,16,165,1,19,3.14,0.51,7.27,1.44,0.35,3.59
129,09/08/2007,Army,14,28,46,33,21,230,1,Rhode Island,7,60,158,13,11,145,0,7,1.64,0.64,6.97,2.63,0.85,11.15
131,09/08/2007,Ball State,38,42,153,39,19,306,0,Eastern Michigan,16,28,107,26,16,155,1,22,3.64,0.49,7.85,3.82,0.62,5.96
132,09/08/2007,Baylor,42,26,98,51,30,423,0,Rice,17,38,110,30,23,239,1,25,3.77,0.59,8.29,2.89,0.77,7.97
134,09/08/2007,Boston College,37,39,231,34,15,142,1,No Carolina State,17,24,56,54,29,351,5,20,5.92,0.44,4.18,2.33,0.54,6.5
137,09/08/2007,Buffalo,42,45,224,22,20,190,1,Temple,7,25,-36,27,15,177,2,35,4.98,0.91,8.64,-1.44,0.56,6.56
138,09/08/2007,California,34,31,245,29,19,146,0,Colorado State,28,42,157,30,21,301,2,6,7.9,0.66,5.03,3.74,0.7,10.03
139,09/08/2007,Central Michigan,52,42,218,32,22,244,0,Toledo,31,36,101,42,26,381,0,21,5.19,0.69,7.62,2.81,0.62,9.07
140,09/08/2007,Clemson,49,28,184,34,26,319,0,UL-Monroe,26,53,271,30,13,148,0,23,6.57,0.76,9.38,5.11,0.43,4.93
143,09/08/2007,Connecticut,38,42,183,29,18,196,1,Maine,0,31,64,26,15,88,2,38,4.36,0.62,6.76,2.06,0.58,3.38
145,09/08/2007,East Carolina,34,33,64,42,31,406,0,North Carolina,31,30,79,32,20,344,1,3,1.94,0.74,9.67,2.63,0.62,10.75
147,09/08/2007,Florida,59,46,264,25,18,236,0,Troy,31,26,53,52,29,283,1,28,5.74,0.72,9.44,2.04,0.56,5.44
150,09/08/2007,Florida State,34,46,188,35,22,332,1,U-A-B,24,28,119,36,17,226,0,10,4.09,0.63,9.49,4.25,0.47,6.28
153,09/08/2007,Georgia Tech,69,55,389,12,10,109,0,Samford,14,28,84,29,15,156,0,55,7.07,0.83,9.08,3.0,0.52,5.38
154,09/08/2007,Hawaii,45,20,45,61,43,548,1,Louisiana Tech,44,49,223,36,23,187,-1,1,2.25,0.7,8.98,4.55,0.64,5.19
155,09/08/2007,Idaho,20,41,235,22,7,101,0,Cal-San Luis Obispo,13,51,171,24,10,175,0,7,5.73,0.32,4.59,3.35,0.42,7.29
156,09/08/2007,Illinois,21,52,277,26,12,123,1,Western Illinois,0,34,81,21,11,71,1,21,5.33,0.46,4.73,2.38,0.52,3.38
157,09/08/2007,Indiana,37,53,221,40,20,221,1,Western Michigan,27,30,30,54,29,354,2,10,4.17,0.5,5.52,1.0,0.54,6.56
158,09/08/2007,Iowa,35,41,118,37,24,290,2,Syracuse,0,30,24,20,7,79,1,35,2.88,0.65,7.84,0.8,0.35,3.95
160,09/08/2007,Kansas,62,39,221,24,14,280,0,S E Louisiana,0,29,-31,34,22,106,0,62,5.67,0.58,11.67,-1.07,0.65,3.12
161,09/08/2007,Kansas State,34,27,153,36,25,272,2,San Jose State,14,31,73,41,28,220,0,20,5.67,0.69,7.56,2.35,0.68,5.37
163,09/08/2007,Kentucky,56,39,266,22,15,218,0,Kent State,20,59,324,29,12,129,2,36,6.82,0.68,9.91,5.49,0.41,4.45
164,09/08/2007,Louisiana State,48,41,297,32,22,301,0,Virginia Tech,7,28,71,29,9,78,1,41,7.24,0.69,9.41,2.54,0.31,2.69
167,09/08/2007,Maryland,26,41,135,25,18,135,0,Florida Intl,10,27,82,23,8,81,2,16,3.29,0.72,5.4,3.04,0.35,3.52
171,09/08/2007,Michigan State,28,41,142,29,17,250,2,Bowling Green,17,25,47,51,32,295,2,11,3.46,0.59,8.62,1.88,0.63,5.78
172,09/08/2007,Minnesota,41,53,306,40,26,271,1,Miami-Ohio,35,34,159,54,30,418,2,6,5.77,0.65,6.78,4.68,0.56,7.74
174,09/08/2007,Mississippi State,38,54,266,31,20,223,1,Tulane,17,17,44,29,16,199,1,21,4.93,0.65,7.19,2.59,0.55,6.86
175,09/08/2007,Missouri,38,37,218,43,31,330,0,Mississippi,25,38,229,41,23,305,1,13,5.89,0.72,7.67,6.03,0.56,7.44
176,09/08/2007,Nebraska,20,34,115,41,24,258,2,Wake Forest,17,53,236,24,12,140,2,3,3.38,0.59,6.29,4.45,0.5,5.83
179,09/08/2007,New Mexico,44,40,158,25,18,342,0,New Mexico State,34,28,108,64,47,473,2,10,3.95,0.72,13.68,3.86,0.73,7.39
185,09/08/2007,Northwestern,36,26,204,45,20,227,0,Nevada-Reno,31,50,204,36,22,337,1,5,7.85,0.44,5.04,4.08,0.61,9.36
187,09/08/2007,Ohio,31,44,152,28,17,264,1,UL-Lafayette,23,51,274,28,17,256,0,8,3.45,0.61,9.43,5.37,0.61,9.14
188,09/08/2007,Ohio State,20,41,196,31,20,167,2,Akron,2,19,3,32,17,66,0,18,4.78,0.65,5.39,0.16,0.53,2.06
189,09/08/2007,Oklahoma,51,45,116,28,22,295,0,Miami-Florida,13,35,52,24,11,87,0,38,2.58,0.79,10.54,1.49,0.46,3.62
190,09/08/2007,Oklahoma State,42,39,233,25,16,255,1,Florida Atlantic,6,34,28,32,19,175,2,36,5.97,0.64,10.2,0.82,0.59,5.47
191,09/08/2007,Oregon,39,51,331,26,17,293,0,Michigan,7,44,144,40,18,221,2,32,6.49,0.65,11.27,3.27,0.45,5.52
192,09/08/2007,Penn State,31,46,164,22,12,131,1,Notre Dame,10,26,0,32,17,144,1,21,3.57,0.55,5.95,0.0,0.53,4.5
193,09/08/2007,Pittsburgh,34,35,119,23,15,202,2,Grambling,10,31,84,40,19,155,3,24,3.4,0.65,8.78,2.71,0.48,3.88
194,09/08/2007,Purdue,52,38,178,51,39,355,0,Eastern Illinois,6,22,83,38,19,153,0,46,4.68,0.76,6.96,3.77,0.5,4.03
196,09/08/2007,S-M-U,45,32,181,42,30,353,1,North Texas,31,21,12,64,46,601,3,14,5.66,0.71,8.4,0.57,0.72,9.39
199,09/08/2007,South Carolina,16,34,140,31,20,174,0,Georgia,12,31,128,45,19,213,1,4,4.12,0.65,5.61,4.13,0.42,4.73
200,09/08/2007,South Florida,26,52,135,27,18,184,0,Auburn,23,35,125,35,16,165,2,3,2.6,0.67,6.81,3.57,0.46,4.71
204,09/08/2007,Tennessee,39,39,193,36,23,276,0,Southern Miss,19,32,90,41,21,264,1,20,4.95,0.64,7.67,2.81,0.51,6.44
205,09/08/2007,Texas,34,36,176,38,25,239,2,Texas Christian,13,32,43,37,23,208,1,21,4.89,0.66,6.29,1.34,0.62,5.62
206,09/08/2007,Texas A+M,47,63,318,24,13,79,0,Fresno State,45,48,139,31,21,260,1,2,5.05,0.54,3.29,2.9,0.68,8.39
208,09/08/2007,Texas Tech,45,21,77,64,48,484,1,UTEP,31,46,215,28,14,216,0,14,3.67,0.75,7.56,4.67,0.5,7.71
213,09/08/2007,U.C.L.A.,27,37,110,28,13,126,1,Brigham Young,17,25,44,53,30,391,1,10,2.97,0.46,4.5,1.76,0.57,7.38
222,09/08/2007,Washington,24,40,133,26,14,209,1,Boise State,10,32,103,47,29,285,3,14,3.32,0.54,8.04,3.22,0.62,6.06
223,09/08/2007,Washington State,45,35,185,47,38,469,1,San Diego State,17,23,114,47,30,285,1,28,5.29,0.81,9.98,4.96,0.64,6.06
224,09/08/2007,West Virginia,48,52,362,18,13,149,0,Marshall,23,32,121,32,20,266,0,25,6.96,0.72,8.28,3.78,0.62,8.31
225,09/08/2007,Western Kentucky,87,53,331,12,7,100,1,West Virginia Tech,0,34,-27,13,5,42,3,87,6.25,0.58,8.33,-0.79,0.38,3.23
227,09/08/2007,Wisconsin,20,41,210,26,14,138,0,Nevada-Las Vegas,13,27,48,36,23,258,1,7,5.12,0.54,5.31,1.78,0.64,7.17
228,09/08/2007,Wyoming,32,-12,-29,-2,-6,-73,1,Utah State,18,25,126,-4,3,44,-2,14,2.42,3.0,36.5,5.04,-0.75,-11.0
229,09/13/2007,Air Force,20,42,146,28,17,193,1,Texas Christian,17,32,89,45,29,320,2,3,3.48,0.61,6.89,2.78,0.64,7.11
232,09/13/2007,West Virginia,31,47,353,13,8,95,0,Maryland,14,39,89,24,16,180,2,17,7.51,0.62,7.31,2.28,0.67,7.5
234,09/14/2007,Troy,41,48,174,49,34,388,1,Oklahoma State,23,38,241,37,18,191,2,18,3.62,0.69,7.92,6.34,0.49,5.16
236,09/15/2007,Alabama,41,34,123,45,24,327,2,Arkansas,38,53,301,25,12,149,1,3,3.62,0.53,7.27,5.68,0.48,5.96
238,09/15/2007,Arizona State,34,40,268,22,16,211,1,San Diego State,13,30,136,39,23,187,1,21,6.7,0.73,9.59,4.53,0.59,4.79
240,09/15/2007,Arkansas State,45,50,250,34,22,266,1,S-M-U,28,23,96,40,21,251,2,17,5.0,0.65,7.82,4.17,0.52,6.28
243,09/15/2007,Ball State,34,42,262,33,19,277,1,Navy,31,65,521,8,4,64,0,3,6.24,0.58,8.39,8.02,0.5,8.0
244,09/15/2007,Baylor,34,19,28,50,30,411,2,Texas State,27,34,84,56,31,334,0,7,1.47,0.6,8.22,2.47,0.55,5.96
245,09/15/2007,Boise State,24,50,121,30,15,182,0,Wyoming,14,24,35,48,26,227,1,10,2.42,0.5,6.07,1.46,0.54,4.73
246,09/15/2007,Boston College,24,33,92,44,30,435,0,Georgia Tech,10,28,63,39,20,204,0,14,2.79,0.68,9.89,2.25,0.51,5.23
249,09/15/2007,California,42,36,217,36,22,230,1,Louisiana Tech,12,38,121,33,19,153,2,30,6.03,0.61,6.39,3.18,0.58,4.64
251,09/15/2007,Cincinnati,47,42,141,37,26,297,0,Miami-Ohio,10,24,56,54,27,267,3,37,3.36,0.7,8.03,2.33,0.5,4.94
252,09/15/2007,Clemson,38,33,60,22,18,317,0,Furman,10,36,142,43,28,242,3,28,1.82,0.82,14.41,3.94,0.65,5.63
254,09/15/2007,Connecticut,22,49,156,29,19,222,0,Temple,17,39,189,19,9,143,1,5,3.18,0.66,7.66,4.85,0.47,7.53
255,09/15/2007,Duke,20,32,63,23,19,246,0,Northwestern,14,34,138,51,30,368,2,6,1.97,0.83,10.7,4.06,0.59,7.22
257,09/15/2007,Eastern Michigan,21,41,189,24,16,189,0,Northern Illinois,19,36,184,28,20,160,1,2,4.61,0.67,7.88,5.11,0.71,5.71
258,09/15/2007,Florida,59,46,255,19,14,299,1,Tennessee,20,21,37,46,28,261,2,39,5.54,0.74,15.74,1.76,0.61,5.67
259,09/15/2007,Florida Atlantic,42,41,117,44,27,463,0,Minnesota,39,28,135,47,31,335,4,3,2.85,0.61,10.52,4.82,0.66,7.13
261,09/15/2007,Florida State,16,37,95,18,8,126,0,Colorado,6,25,-27,54,34,306,2,10,2.57,0.44,7.0,-1.08,0.63,5.67
263,09/15/2007,Georgia,45,34,140,26,17,222,0,Western Carolina,16,33,63,24,16,138,0,29,4.12,0.65,8.54,1.91,0.67,5.75
265,09/15/2007,Hawaii,49,29,96,39,29,396,0,Nevada-Las Vegas,14,30,143,44,22,206,2,35,3.31,0.74,10.15,4.77,0.5,4.68
266,09/15/2007,Houston,34,35,201,34,24,304,2,Tulane,10,29,85,43,18,228,2,24,5.74,0.71,8.94,2.93,0.42,5.3
268,09/15/2007,Illinois,41,51,378,20,15,130,0,Syracuse,20,34,63,29,19,223,0,21,7.41,0.75,6.5,1.85,0.66,7.69
269,09/15/2007,Indiana,41,49,338,24,19,137,1,Akron,24,41,120,27,19,250,1,17,6.9,0.79,5.71,2.93,0.7,9.26
271,09/15/2007,Iowa State,15,39,143,29,21,157,0,Iowa,13,34,115,23,12,118,0,2,3.67,0.72,5.41,3.38,0.52,5.13
272,09/15/2007,Kansas,45,46,232,39,18,325,0,Toledo,13,37,174,27,14,77,3,32,5.04,0.46,8.33,4.7,0.52,2.85
273,09/15/2007,Kansas State,61,38,221,42,29,325,0,Missouri State,10,40,69,23,12,122,0,51,5.82,0.69,7.74,1.72,0.52,5.3
274,09/15/2007,Kent State,38,36,201,33,18,267,1,Delaware State,7,41,117,21,11,74,1,31,5.58,0.55,8.09,2.85,0.52,3.52
275,09/15/2007,Kentucky,40,35,185,46,30,275,0,Louisville,34,27,101,43,28,366,1,6,5.29,0.65,5.98,3.74,0.65,8.51
276,09/15/2007,Louisiana State,44,40,198,28,21,307,1,Middle Tennessee,0,37,9,15,8,81,0,44,4.95,0.75,10.96,0.24,0.53,5.4
280,09/15/2007,Memphis,35,35,184,27,17,301,1,Jacksonville St,14,45,164,43,24,228,1,21,5.26,0.63,11.15,3.64,0.56,5.3
281,09/15/2007,Miami-Florida,23,40,204,19,10,224,2,Florida Intl,9,37,159,14,6,105,2,14,5.1,0.53,11.79,4.3,0.43,7.5
283,09/15/2007,Michigan,38,61,289,16,7,90,0,Notre Dame,0,33,-6,22,13,85,2,38,4.74,0.44,5.62,-0.18,0.59,3.86
284,09/15/2007,Michigan State,17,51,144,28,14,183,0,Pittsburgh,13,38,207,20,9,85,2,4,2.82,0.5,6.54,5.45,0.45,4.25
288,09/15/2007,Mississippi State,19,43,172,18,5,41,0,Auburn,14,46,216,22,12,107,3,5,4.0,0.28,2.28,4.7,0.55,4.86
289,09/15/2007,Missouri,52,36,272,51,30,347,2,Western Michigan,24,38,132,43,30,240,2,28,7.56,0.59,6.8,3.47,0.7,5.58
293,09/15/2007,Nevada-Reno,52,51,333,26,12,248,3,Nicholls State,17,58,211,1,0,0,0,35,6.53,0.46,9.54,3.64,0.0,0.0
294,09/15/2007,New Mexico,29,39,94,41,28,327,1,Arizona,27,21,38,53,30,446,1,2,2.41,0.68,7.98,1.81,0.57,8.42
295,09/15/2007,New Mexico State,29,32,113,48,36,434,1,UTEP,24,29,79,27,15,266,1,5,3.53,0.75,9.04,2.72,0.56,9.85
296,09/15/2007,No Carolina State,38,45,217,32,16,113,0,Wofford,17,57,211,23,11,142,0,21,4.82,0.5,3.53,3.7,0.48,6.17
302,09/15/2007,Ohio State,33,46,263,25,14,218,0,Washington,14,34,142,37,18,204,3,19,5.72,0.56,8.72,4.18,0.49,5.51
303,09/15/2007,Oklahoma,54,39,343,33,21,274,1,Utah State,3,34,66,24,15,87,2,51,8.79,0.64,8.3,1.94,0.62,3.62
304,09/15/2007,Oregon,52,47,307,23,15,154,0,Fresno State,21,36,60,35,21,267,1,31,6.53,0.65,6.7,1.67,0.6,7.63
305,09/15/2007,Oregon State,61,40,175,42,29,432,0,Idaho State,10,28,35,40,24,300,4,51,4.38,0.69,10.29,1.25,0.6,7.5
306,09/15/2007,Penn State,45,39,191,27,20,202,0,Buffalo,24,35,56,41,29,339,1,21,4.9,0.74,7.48,1.6,0.71,8.27
308,09/15/2007,Purdue,45,37,223,40,29,360,1,Central Michigan,22,33,101,56,35,364,1,23,6.03,0.72,9.0,3.06,0.62,6.5
310,09/15/2007,Rutgers,59,38,240,18,10,297,0,Norfolk State,0,37,10,29,13,112,1,59,6.32,0.56,16.5,0.27,0.45,3.86
314,09/15/2007,South Carolina,38,37,223,29,17,185,4,So Carolina State,3,47,196,21,10,68,3,35,6.03,0.59,6.38,4.17,0.48,3.24
315,09/15/2007,Southern Cal,49,38,313,30,19,144,0,Nebraska,31,28,31,54,36,389,2,18,8.24,0.63,4.8,1.11,0.67,7.2
316,09/15/2007,Southern Miss,28,43,146,28,18,237,1,East Carolina,21,37,97,35,20,203,1,7,3.4,0.64,8.46,2.62,0.57,5.8
317,09/15/2007,Stanford,37,48,276,30,19,245,1,San Jose State,0,25,32,28,13,131,1,37,5.75,0.63,8.17,1.28,0.46,4.68
321,09/15/2007,Texas,35,43,229,47,32,259,1,U-C-F,32,41,192,26,9,134,1,3,5.33,0.68,5.51,4.68,0.35,5.15
322,09/15/2007,Texas A+M,54,42,310,35,19,237,1,UL-Monroe,14,44,215,27,15,133,2,40,7.38,0.54,6.77,4.89,0.56,4.93
323,09/15/2007,Texas Tech,59,27,111,48,34,481,1,Rice,24,42,99,38,20,212,1,35,4.11,0.71,10.02,2.36,0.53,5.58
326,09/15/2007,Tulsa,55,33,105,37,22,490,1,Brigham Young,47,36,157,58,34,537,2,8,3.18,0.59,13.24,4.36,0.59,9.26
327,09/15/2007,U-A-B,22,45,211,22,9,121,1,Alcorn State,0,29,96,26,14,137,2,22,4.69,0.41,5.5,3.31,0.54,5.27
333,09/15/2007,Utah,44,37,122,33,19,264,0,U.C.L.A.,6,31,83,40,20,290,3,38,3.3,0.58,8.0,2.68,0.5,7.25
335,09/15/2007,Vanderbilt,31,49,183,26,18,200,0,Mississippi,17,32,54,22,11,208,1,14,3.73,0.69,7.69,1.69,0.5,9.45
336,09/15/2007,Virginia,22,69,194,56,32,256,2,North Carolina,20,78,259,72,50,592,2,2,2.81,0.57,4.57,3.32,0.69,8.22
337,09/15/2007,Virginia Tech,28,40,181,33,20,292,0,Ohio,7,36,38,20,10,76,0,21,4.53,0.61,8.85,1.06,0.5,3.8
338,09/15/2007,Wake Forest,21,45,164,12,9,49,0,Army,10,38,91,34,14,165,2,11,3.64,0.75,4.08,2.39,0.41,4.85
340,09/15/2007,Washington State,45,39,138,36,26,307,1,Idaho,28,38,120,35,17,205,4,17,3.54,0.72,8.53,3.16,0.49,5.86
341,09/15/2007,Western Kentucky,26,48,136,41,25,286,1,Eastern Kentucky,6,36,132,24,13,83,1,20,2.83,0.61,6.98,3.67,0.54,3.46
343,09/15/2007,Wisconsin,45,46,253,21,15,210,0,The Citadel,31,36,123,35,23,254,1,14,5.5,0.71,10.0,3.42,0.66,7.26
345,09/20/2007,Miami-Florida,34,40,127,26,21,275,0,Texas A+M,17,33,98,22,12,142,1,17,3.18,0.81,10.58,2.97,0.55,6.45
348,09/20/2007,Western Kentucky,20,49,234,15,9,112,1,Middle Tennessee,17,37,119,24,14,169,0,3,4.78,0.6,7.47,3.22,0.58,7.04
349,09/21/2007,Oklahoma,62,46,285,23,17,268,1,Tulsa,21,36,44,37,23,354,2,41,6.2,0.74,11.65,1.22,0.62,9.57
352,09/22/2007,Akron,27,50,133,23,9,112,1,Kent State,20,49,220,21,8,155,2,7,2.66,0.39,4.87,4.49,0.38,7.38
355,09/22/2007,Arizona State,44,36,35,36,25,361,1,Oregon State,32,32,190,48,28,324,5,12,0.97,0.69,10.03,5.94,0.58,6.75
359,09/22/2007,Auburn,55,47,229,24,14,193,0,New Mexico State,20,35,120,46,30,259,3,35,4.87,0.58,8.04,3.43,0.65,5.63
361,09/22/2007,Baylor,34,42,229,46,22,172,1,Buffalo,21,27,87,46,29,276,3,13,5.45,0.48,3.74,3.22,0.63,6.0
362,09/22/2007,Boston College,37,37,202,53,36,371,2,Army,17,29,44,33,16,215,1,20,5.46,0.68,7.0,1.52,0.48,6.52
363,09/22/2007,Bowling Green,48,27,96,47,30,351,2,Temple,35,43,102,41,27,299,0,13,3.56,0.64,7.47,2.37,0.66,7.29
364,09/22/2007,Brigham Young,31,44,159,33,23,293,1,Air Force,6,32,133,21,10,98,1,25,3.61,0.7,8.88,4.16,0.48,4.67
366,09/22/2007,California,45,38,186,30,16,235,1,Arizona,27,20,21,62,42,309,2,18,4.89,0.53,7.83,1.05,0.68,4.98
368,09/22/2007,Cincinnati,40,39,217,27,20,219,0,Marshall,14,35,80,32,21,257,1,26,5.56,0.74,8.11,2.29,0.66,8.03
369,09/22/2007,Clemson,42,50,340,39,25,268,0,No Carolina State,20,23,55,34,19,147,3,22,6.8,0.64,6.87,2.39,0.56,4.32
370,09/22/2007,Colorado,42,63,359,30,19,275,2,Miami-Ohio,0,17,44,32,11,95,0,42,5.7,0.63,9.17,2.59,0.34,2.97
372,09/22/2007,Connecticut,34,46,115,25,12,174,0,Pittsburgh,14,23,72,51,31,277,4,20,2.5,0.48,6.96,3.13,0.61,5.43
375,09/22/2007,Eastern Michigan,38,34,115,21,14,214,0,Howard,15,45,257,35,21,177,2,23,3.38,0.67,10.19,5.71,0.6,5.06
376,09/22/2007,Florida,30,45,246,34,20,261,0,Mississippi,24,21,80,32,19,310,1,6,5.47,0.59,7.68,3.81,0.59,9.69
377,09/22/2007,Florida Atlantic,30,28,84,45,21,322,0,North Texas,20,27,165,61,38,301,3,10,3.0,0.47,7.16,6.11,0.62,4.93
379,09/22/2007,Georgia,26,40,153,36,19,224,2,Alabama,23,35,164,35,17,185,0,3,3.82,0.53,6.22,4.69,0.49,5.29
381,09/22/2007,Hawaii,66,26,147,45,28,363,2,Charleston Southern,10,40,72,41,19,239,3,56,5.65,0.62,8.07,1.8,0.46,5.83
382,09/22/2007,Houston,38,44,153,31,22,247,1,Colorado State,27,39,115,26,16,227,1,11,3.48,0.71,7.97,2.95,0.62,8.73
384,09/22/2007,Illinois,27,55,288,28,13,98,2,Indiana,14,35,134,52,26,263,1,13,5.24,0.46,3.5,3.83,0.5,5.06
388,09/22/2007,Kansas,55,36,224,40,26,391,1,Florida Intl,3,36,122,36,16,133,2,52,6.22,0.65,9.78,3.39,0.44,3.69
390,09/22/2007,Kentucky,42,36,170,39,21,265,0,Arkansas,29,51,338,28,13,157,2,13,4.72,0.54,6.79,6.63,0.46,5.61
391,09/22/2007,Louisiana State,28,50,290,20,8,70,1,South Carolina,16,27,17,42,19,244,2,12,5.8,0.4,3.5,0.63,0.45,5.81
397,09/22/2007,Michigan,14,56,166,30,16,170,1,Penn State,9,29,101,31,15,169,0,5,2.96,0.53,5.67,3.48,0.48,5.45
398,09/22/2007,Michigan State,31,49,219,24,11,135,1,Notre Dame,14,35,117,20,11,86,0,17,4.47,0.46,5.62,3.34,0.55,4.3
401,09/22/2007,Mississippi State,31,40,213,19,12,166,1,Gardner-Webb,15,35,131,37,21,203,1,16,5.32,0.63,8.74,3.74,0.57,5.49
402,09/22/2007,Missouri,38,35,240,40,24,341,3,Illinois State,17,41,155,37,22,242,1,21,6.86,0.6,8.52,3.78,0.59,6.54
403,09/22/2007,Navy,46,69,304,21,13,236,1,Duke,43,26,78,36,23,428,1,3,4.41,0.62,11.24,3.0,0.64,11.89
404,09/22/2007,Nebraska,41,36,114,37,29,438,1,Ball State,40,36,188,43,26,422,1,1,3.17,0.78,11.84,5.22,0.6,9.81
405,09/22/2007,Nevada-Las Vegas,27,46,196,27,12,144,2,Utah,0,32,105,40,23,195,1,27,4.26,0.44,5.33,3.28,0.57,4.88
406,09/22/2007,New Mexico,58,44,232,32,25,267,0,Sacramento State,0,30,77,15,5,27,2,58,5.27,0.78,8.34,2.57,0.33,1.8
411,09/22/2007,Northern Illinois,42,45,176,17,10,168,1,Idaho,35,41,163,54,27,423,3,7,3.91,0.59,9.88,3.98,0.5,7.83
415,09/22/2007,Ohio State,58,42,191,20,14,205,1,Northwestern,7,33,0,33,17,120,2,51,4.55,0.7,10.25,0.0,0.52,3.64
416,09/22/2007,Oklahoma State,49,61,366,33,17,244,1,Texas Tech,45,21,72,67,46,646,0,4,6.0,0.52,7.39,3.43,0.69,9.64
417,09/22/2007,Oregon,55,46,222,37,27,367,0,Stanford,31,32,140,44,25,262,1,24,4.83,0.73,9.92,4.38,0.57,5.95
421,09/22/2007,Purdue,45,33,166,48,33,338,1,Minnesota,31,37,232,44,23,237,1,14,5.03,0.69,7.04,6.27,0.52,5.39
424,09/22/2007,San Diego State,52,33,122,34,22,474,0,Portland State,17,18,13,61,42,445,3,35,3.7,0.65,13.94,0.72,0.69,7.3
425,09/22/2007,San Jose State,23,32,98,48,35,426,2,Utah State,20,39,175,21,11,78,2,3,3.06,0.73,8.88,4.49,0.52,3.71
427,09/22/2007,South Florida,37,52,194,33,18,234,0,North Carolina,10,35,79,27,11,85,4,27,3.73,0.55,7.09,2.26,0.41,3.15
428,09/22/2007,Southern Cal,47,35,207,38,30,302,2,Washington State,14,27,64,43,21,183,1,33,5.91,0.79,7.95,2.37,0.49,4.26
430,09/22/2007,Syracuse,38,35,42,26,17,423,0,Louisville,35,28,73,65,45,555,2,3,1.2,0.65,16.27,2.61,0.69,8.54
432,09/22/2007,Tennessee,48,37,188,40,28,335,1,Arkansas State,27,31,178,36,18,199,2,21,5.08,0.7,8.38,5.74,0.5,5.53
433,09/22/2007,Texas,58,40,227,31,20,333,0,Rice,14,30,-11,38,23,279,2,44,5.68,0.65,10.74,-0.37,0.61,7.34
434,09/22/2007,Texas Christian,21,34,142,26,11,108,0,S-M-U,7,47,149,34,19,203,1,14,4.18,0.42,4.15,3.17,0.56,5.97
436,09/22/2007,Toledo,36,30,98,27,19,199,1,Iowa State,35,52,146,34,25,251,1,1,3.27,0.7,7.37,2.81,0.74,7.38
437,09/22/2007,Troy,48,43,271,43,30,297,1,UL-Lafayette,31,46,345,41,21,159,2,17,6.3,0.7,6.91,7.5,0.51,3.88
438,09/22/2007,Tulane,35,43,300,30,12,110,2,S E Louisiana,27,29,63,48,31,278,0,8,6.98,0.4,3.67,2.17,0.65,5.79
439,09/22/2007,U-C-F,56,59,313,21,17,288,0,Memphis,20,36,130,33,16,173,0,36,5.31,0.81,13.71,3.61,0.48,5.24
440,09/22/2007,U.C.L.A.,44,51,333,33,18,204,1,Washington,31,32,124,37,17,216,2,13,6.53,0.55,6.18,3.88,0.46,5.84
442,09/22/2007,UTEP,52,36,206,30,15,243,0,Texas Southern,12,27,95,43,21,189,4,40,5.72,0.5,8.1,3.52,0.49,4.4
445,09/22/2007,Virginia,28,42,121,35,20,233,1,Georgia Tech,23,31,121,40,17,230,1,5,2.88,0.57,6.66,3.9,0.42,5.75
446,09/22/2007,Virginia Tech,44,38,133,27,15,154,0,William + Mary,3,28,5,46,19,257,3,41,3.5,0.56,5.7,0.18,0.41,5.59
447,09/22/2007,Wake Forest,31,41,178,35,22,219,3,Maryland,24,57,200,20,11,115,1,7,4.34,0.63,6.26,3.51,0.55,5.75
450,09/22/2007,West Virginia,48,54,397,25,22,202,0,East Carolina,7,33,106,18,9,54,1,41,7.35,0.88,8.08,3.21,0.5,3.0
451,09/22/2007,Western Michigan,51,36,184,34,24,205,1,Central Conn State,14,55,196,8,3,27,1,37,5.11,0.71,6.03,3.56,0.38,3.38
452,09/22/2007,Wisconsin,17,49,166,23,12,138,1,Iowa,13,26,59,37,17,169,0,4,3.39,0.52,6.0,2.27,0.46,4.57
453,09/22/2007,Wyoming,34,47,267,37,26,174,5,Ohio,33,33,37,30,15,255,2,1,5.68,0.7,4.7,1.12,0.5,8.5
454,09/27/2007,Arkansas State,35,39,134,37,16,255,0,Memphis,31,45,177,25,12,218,0,4,3.44,0.43,6.89,3.93,0.48,8.72
455,09/27/2007,Boise State,38,41,199,28,19,307,1,Southern Miss,16,36,116,31,16,202,0,22,4.85,0.68,10.96,3.22,0.52,6.52
458,09/28/2007,South Florida,21,38,139,20,11,135,2,West Virginia,13,48,188,38,23,249,3,8,3.66,0.55,6.75,3.92,0.61,6.55
463,09/29/2007,Arizona,48,45,221,31,22,346,0,Washington State,20,25,71,58,35,347,2,28,4.91,0.71,11.16,2.84,0.6,5.98
464,09/29/2007,Arizona State,41,41,174,28,21,266,1,Stanford,3,26,-2,35,20,237,1,38,4.24,0.75,9.5,-0.08,0.57,6.77
465,09/29/2007,Arkansas,66,55,446,25,15,267,0,North Texas,7,35,140,41,15,189,2,59,8.11,0.6,10.68,4.0,0.37,4.61
466,09/29/2007,Army,37,39,154,26,11,175,1,Temple,21,40,104,43,24,359,2,16,3.95,0.42,6.73,2.6,0.56,8.35
467,09/29/2007,Auburn,20,44,99,26,17,227,0,Florida,17,28,111,27,20,201,1,3,2.25,0.65,8.73,3.96,0.74,7.44
468,09/29/2007,Ball State,49,48,274,30,21,233,0,Buffalo,14,27,83,19,14,136,1,35,5.71,0.7,7.77,3.07,0.74,7.16
470,09/29/2007,Boston College,24,37,119,42,24,204,0,Massachusetts,14,30,69,32,17,208,0,10,3.22,0.57,4.86,2.3,0.53,6.5
471,09/29/2007,Bowling Green,41,32,124,50,35,301,0,Western Kentucky,21,46,311,23,14,102,4,20,3.88,0.7,6.02,6.76,0.61,4.43
472,09/29/2007,Brigham Young,31,43,112,40,18,251,1,New Mexico,24,36,115,38,20,231,2,7,2.6,0.45,6.28,3.19,0.53,6.08
474,09/29/2007,California,31,33,115,43,28,285,0,Oregon,24,39,191,44,31,306,2,7,3.48,0.65,6.63,4.9,0.7,6.95
475,09/29/2007,Central Michigan,35,38,177,28,19,204,0,Northern Illinois,10,39,203,49,24,318,4,25,4.66,0.68,7.29,5.21,0.49,6.49
476,09/29/2007,Cincinnati,52,50,263,32,21,284,3,San Diego State,23,24,65,33,24,312,1,29,5.26,0.66,8.88,2.71,0.73,9.45
478,09/29/2007,Colorado,27,46,161,36,22,220,2,Oklahoma,24,27,118,19,8,112,2,3,3.5,0.61,6.11,4.37,0.42,5.89
480,09/29/2007,Connecticut,44,42,262,26,17,203,1,Akron,10,38,106,31,19,145,1,34,6.24,0.65,7.81,2.79,0.61,4.68
482,09/29/2007,East Carolina,37,40,173,26,11,156,1,Houston,35,46,139,41,30,345,2,2,4.32,0.42,6.0,3.02,0.73,8.41
487,09/29/2007,Florida State,21,35,82,30,19,266,1,Alabama,14,27,89,53,28,240,0,7,2.34,0.63,8.87,3.3,0.53,4.53
488,09/29/2007,Fresno State,17,43,170,22,8,92,1,Louisiana Tech,6,38,100,49,23,182,0,11,3.95,0.36,4.18,2.63,0.47,3.71
489,09/29/2007,Georgia,45,45,328,22,13,144,0,Mississippi,17,33,158,35,24,228,1,28,7.29,0.59,6.55,4.79,0.69,6.51
490,09/29/2007,Georgia Tech,13,46,189,16,7,67,1,Clemson,3,32,34,39,17,194,1,10,4.11,0.44,4.19,1.06,0.44,4.97
491,09/29/2007,Hawaii,48,25,91,51,32,394,5,Idaho,20,34,90,41,19,213,5,28,3.64,0.63,7.73,2.65,0.46,5.2
494,09/29/2007,Illinois,27,38,216,27,11,120,2,Penn State,20,36,129,38,21,298,3,7,5.68,0.41,4.44,3.58,0.55,7.84
495,09/29/2007,Indiana,38,35,73,26,19,322,1,Iowa,20,37,120,42,24,308,1,18,2.09,0.73,12.38,3.24,0.57,7.33
498,09/29/2007,Kansas State,41,35,95,38,22,177,0,Texas,21,32,113,43,20,217,4,20,2.71,0.58,4.66,3.53,0.47,5.05
499,09/29/2007,Kent State,33,50,233,25,12,169,0,Ohio,25,30,88,40,22,271,2,8,4.66,0.48,6.76,2.93,0.55,6.78
500,09/29/2007,Kentucky,45,40,209,35,27,305,1,Florida Atlantic,17,35,123,28,15,184,2,28,5.22,0.77,8.71,3.51,0.54,6.57
501,09/29/2007,Louisiana State,34,38,134,32,17,257,1,Tulane,9,33,88,32,12,139,1,25,3.53,0.53,8.03,2.67,0.38,4.34
503,09/29/2007,Louisville,29,47,247,35,20,251,1,No Carolina State,10,24,85,39,24,249,2,19,5.26,0.57,7.17,3.54,0.62,6.38
504,09/29/2007,Maryland,34,59,239,28,18,219,0,Rutgers,24,23,82,44,25,310,1,10,4.05,0.64,7.82,3.57,0.57,7.05
505,09/29/2007,Miami-Florida,24,37,185,25,20,245,2,Duke,14,37,61,27,18,241,0,10,5.0,0.8,9.8,1.65,0.67,8.93
506,09/29/2007,Miami-Ohio,17,50,286,26,13,150,3,Syracuse,14,26,66,36,17,236,0,3,5.72,0.5,5.77,2.54,0.47,6.56
507,09/29/2007,Michigan,28,38,120,38,23,260,0,Northwestern,16,34,128,42,22,289,3,12,3.16,0.61,6.84,3.76,0.52,6.88
509,09/29/2007,Middle Tennessee,47,45,147,25,12,258,0,Florida Intl,6,28,72,35,13,73,2,41,3.27,0.48,10.32,2.57,0.37,2.09
513,09/29/2007,Navy,31,56,302,7,4,79,0,Air Force,20,52,237,23,18,237,0,11,5.39,0.57,11.29,4.56,0.78,10.3
514,09/29/2007,Nebraska,35,30,130,29,19,239,1,Iowa State,17,51,134,51,26,281,3,18,4.33,0.66,8.24,2.63,0.51,5.51
516,09/29/2007,Nevada-Reno,27,35,128,38,20,330,1,Nevada-Las Vegas,20,39,205,40,18,249,1,7,3.66,0.53,8.68,5.26,0.45,6.22
518,09/29/2007,New Mexico State,20,31,118,43,32,249,1,Arkansas-Pine Bluff,17,31,63,35,16,234,1,3,3.81,0.74,5.79,2.03,0.46,6.69
526,09/29/2007,Ohio State,30,47,250,29,18,209,0,Minnesota,7,29,45,44,27,232,2,23,5.32,0.62,7.21,1.55,0.61,5.27
528,09/29/2007,Oklahoma State,39,48,297,30,20,287,2,Sam Houston State,3,29,85,50,22,270,1,36,6.19,0.67,9.57,2.93,0.44,5.4
533,09/29/2007,Purdue,33,42,119,37,22,252,2,Notre Dame,19,26,49,52,34,377,2,14,2.83,0.59,6.81,1.88,0.65,7.25
537,09/29/2007,San Jose State,34,26,15,34,25,330,0,UC-Davis,14,29,91,45,27,195,4,20,0.58,0.74,9.71,3.14,0.6,4.33
538,09/29/2007,South Carolina,38,35,123,37,19,279,1,Mississippi State,21,42,140,27,12,118,1,17,3.51,0.51,7.54,3.33,0.44,4.37
539,09/29/2007,Southern Cal,27,38,214,38,21,246,2,Washington,24,33,100,28,13,90,1,3,5.63,0.55,6.47,3.03,0.46,3.21
544,09/29/2007,Texas A+M,34,65,352,29,16,200,1,Baylor,10,16,60,36,12,194,2,24,5.42,0.55,6.9,3.75,0.33,5.39
545,09/29/2007,Texas Christian,24,48,201,32,16,197,0,Colorado State,12,28,55,39,21,216,3,12,4.19,0.5,6.16,1.96,0.54,5.54
546,09/29/2007,Texas Tech,75,25,94,52,35,534,0,Northwestern St(LA),7,36,15,20,8,103,1,68,3.76,0.67,10.27,0.42,0.4,5.15
548,09/29/2007,Troy,24,26,101,49,29,288,2,UL-Monroe,7,40,189,26,18,114,1,17,3.88,0.59,5.88,4.72,0.69,4.38
550,09/29/2007,Tulsa,38,49,362,37,19,333,2,U-A-B,30,36,161,46,22,242,1,8,7.39,0.51,9.0,4.47,0.48,5.26
552,09/29/2007,U-C-F,37,50,300,24,13,166,0,UL-Lafayette,19,39,160,29,14,154,0,18,6.0,0.54,6.92,4.1,0.48,5.31
553,09/29/2007,U.C.L.A.,40,50,133,25,14,220,1,Oregon State,14,38,102,35,22,146,2,26,2.66,0.56,8.8,2.68,0.63,4.17
556,09/29/2007,UTEP,48,52,308,36,18,250,2,S-M-U,45,45,257,29,15,259,1,3,5.92,0.5,6.94,5.71,0.52,8.93
557,09/29/2007,Utah,34,36,144,29,18,181,2,Utah State,18,46,136,24,17,139,0,16,4.0,0.62,6.24,2.96,0.71,5.79
559,09/29/2007,Vanderbilt,30,44,173,28,14,168,4,Eastern Michigan,7,30,62,26,13,111,5,23,3.93,0.5,6.0,2.07,0.5,4.27
560,09/29/2007,Virginia,44,42,173,31,16,169,0,Pittsburgh,14,34,107,31,18,181,1,30,4.12,0.52,5.45,3.15,0.58,5.84
561,09/29/2007,Virginia Tech,17,36,165,20,11,76,1,North Carolina,10,45,124,25,16,182,1,7,4.58,0.55,3.8,2.76,0.64,7.28
565,09/29/2007,Western Michigan,42,58,261,29,21,229,1,Toledo,28,36,224,23,9,158,1,14,4.5,0.72,7.9,6.22,0.39,6.87
566,09/29/2007,Wisconsin,37,52,214,25,17,247,2,Michigan State,34,37,241,36,22,323,0,3,4.12,0.68,9.88,6.51,0.61,8.97
568,10/02/2007,Memphis,24,35,99,46,30,346,0,Marshall,21,34,185,32,23,220,1,3,2.83,0.65,7.52,5.44,0.72,6.88
569,10/03/2007,Rice,31,41,169,21,9,67,1,Southern Miss,29,37,189,45,25,233,4,2,4.12,0.43,3.19,5.11,0.56,5.18
572,10/04/2007,South Carolina,38,36,86,30,17,256,0,Kentucky,23,38,157,40,23,227,1,15,2.39,0.57,8.53,4.13,0.57,5.68
574,10/05/2007,Utah,44,49,260,33,25,322,0,Louisville,35,16,26,58,39,467,0,9,5.31,0.76,9.76,1.62,0.67,8.05
575,10/06/2007,Air Force,31,42,309,14,9,123,0,Nevada-Las Vegas,14,47,184,39,24,287,0,17,7.36,0.64,8.79,3.91,0.62,7.36
576,10/06/2007,Akron,39,31,112,41,23,389,1,Western Michigan,38,44,116,40,27,375,0,1,3.61,0.56,9.49,2.64,0.68,9.38
577,10/06/2007,Alabama,30,46,190,27,15,157,1,Houston,24,38,143,38,21,261,2,6,4.13,0.56,5.81,3.76,0.55,6.87
579,10/06/2007,Arizona State,23,45,79,27,19,217,2,Washington State,20,25,82,51,27,369,1,3,1.76,0.7,8.04,3.28,0.53,7.24
580,10/06/2007,Arkansas,34,53,257,22,13,116,1,Chattanooga,15,41,161,22,4,11,1,19,4.85,0.59,5.27,3.93,0.18,0.5
582,10/06/2007,Army,20,37,47,29,21,193,0,Tulane,17,45,247,25,16,154,0,3,1.27,0.72,6.66,5.49,0.64,6.16
583,10/06/2007,Auburn,35,39,239,18,14,165,1,Vanderbilt,7,38,133,31,12,88,1,28,6.13,0.78,9.17,3.5,0.39,2.84
586,10/06/2007,Boston College,55,35,146,34,25,325,0,Bowling Green,24,23,64,58,37,401,6,31,4.17,0.74,9.56,2.78,0.64,6.91
588,10/06/2007,Buffalo,31,56,251,20,11,146,0,Ohio,10,32,90,41,23,186,2,21,4.48,0.55,7.3,2.81,0.56,4.54
589,10/06/2007,Central Michigan,58,45,298,38,30,360,1,Ball State,38,39,141,38,18,228,0,20,6.62,0.79,9.47,3.62,0.47,6.0
590,10/06/2007,Cincinnati,28,40,150,37,20,257,1,Rutgers,23,43,98,38,22,334,3,5,3.75,0.54,6.95,2.28,0.58,8.79
592,10/06/2007,Colorado,43,42,157,27,17,293,1,Baylor,23,18,55,60,36,410,2,20,3.74,0.63,10.85,3.06,0.6,6.83
595,10/06/2007,East Carolina,52,37,160,27,15,210,0,U-C-F,38,42,187,48,28,308,3,14,4.32,0.56,7.78,4.45,0.58,6.42
600,10/06/2007,Florida State,27,35,124,28,16,257,0,No Carolina State,10,34,96,32,19,172,3,17,3.54,0.57,9.18,2.82,0.59,5.38
601,10/06/2007,Fresno State,49,35,307,16,10,168,0,Nevada-Reno,41,39,211,50,30,491,0,8,8.77,0.62,10.5,5.41,0.6,9.82
604,10/06/2007,Hawaii,52,19,47,38,28,465,1,Utah State,37,44,123,29,21,247,0,15,2.47,0.74,12.24,2.8,0.72,8.52
607,10/06/2007,Illinois,31,44,289,19,12,121,0,Wisconsin,26,31,127,49,27,392,2,5,6.57,0.63,6.37,4.1,0.55,8.0
608,10/06/2007,Indiana,40,42,228,36,24,235,1,Minnesota,20,29,112,44,24,280,2,20,5.43,0.67,6.53,3.86,0.55,6.36
611,10/06/2007,Kansas,30,39,170,36,22,267,3,Kansas State,24,21,53,49,32,310,3,6,4.36,0.61,7.42,2.52,0.65,6.33
614,10/06/2007,Louisiana State,28,52,247,28,14,144,1,Florida,24,32,156,26,12,158,1,4,4.75,0.5,5.14,4.88,0.46,6.08
616,10/06/2007,Maryland,28,35,88,17,10,255,0,Georgia Tech,26,43,175,34,22,309,0,2,2.51,0.59,15.0,4.07,0.65,9.09
618,10/06/2007,Miami-Ohio,20,36,101,22,16,310,0,Kent State,13,45,203,33,19,260,2,7,2.81,0.73,14.09,4.51,0.58,7.88
619,10/06/2007,Michigan,33,37,255,28,18,204,2,Eastern Michigan,22,36,135,36,18,169,2,11,6.89,0.64,7.29,3.75,0.5,4.69
623,10/06/2007,Mississippi,24,23,65,32,16,167,3,Louisiana Tech,0,48,150,31,17,151,0,24,2.83,0.5,5.22,3.12,0.55,4.87
624,10/06/2007,Mississippi State,30,45,165,20,11,119,2,U-A-B,13,23,71,35,16,217,1,17,3.67,0.55,5.95,3.09,0.46,6.2
625,10/06/2007,Missouri,41,36,195,49,34,411,0,Nebraska,6,25,74,43,25,223,1,35,5.42,0.69,8.39,2.96,0.58,5.19
630,10/06/2007,North Carolina,33,46,183,23,15,218,0,Miami-Florida,27,36,109,33,17,302,4,6,3.98,0.65,9.48,3.03,0.52,9.15
633,10/06/2007,Northwestern,48,34,91,49,38,520,0,Michigan State,41,33,275,31,17,194,0,7,2.68,0.78,10.61,8.33,0.55,6.26
634,10/06/2007,Notre Dame,20,38,46,28,18,94,0,U.C.L.A.,6,37,89,38,16,193,4,14,1.21,0.64,3.36,2.41,0.42,5.08
636,10/06/2007,Ohio State,23,45,181,29,17,200,3,Purdue,7,17,4,60,31,268,0,16,4.02,0.59,6.9,0.24,0.52,4.47
637,10/06/2007,Oklahoma,28,41,170,32,21,244,0,Texas,21,29,61,26,19,324,1,7,4.15,0.66,7.62,2.1,0.73,12.46
639,10/06/2007,Oregon State,31,41,187,35,20,164,2,Arizona,16,27,9,38,18,222,3,15,4.56,0.57,4.69,0.33,0.47,5.84
640,10/06/2007,Penn State,27,50,256,32,18,233,2,Iowa,7,28,48,29,16,146,0,20,5.12,0.56,7.28,1.71,0.55,5.03
643,10/06/2007,San Diego State,24,44,148,27,14,230,0,Colorado State,20,39,139,27,14,188,1,4,3.36,0.52,8.52,3.56,0.52,6.96
644,10/06/2007,San Jose State,28,48,134,30,22,302,1,Idaho,20,43,183,15,8,68,2,8,2.79,0.73,10.07,4.26,0.53,4.53
645,10/06/2007,South Florida,35,44,302,27,17,122,1,Florida Atlantic,23,35,152,47,23,259,1,12,6.86,0.63,4.52,4.34,0.49,5.51
647,10/06/2007,Stanford,24,39,86,30,11,149,1,Southern Cal,23,38,88,42,25,371,4,1,2.21,0.37,4.97,2.32,0.6,8.83
649,10/06/2007,Temple,16,41,150,33,18,202,1,Northern Illinois,15,36,146,28,13,113,0,1,3.66,0.55,6.12,4.06,0.46,4.04
650,10/06/2007,Tennessee,35,44,190,23,18,221,0,Georgia,14,25,69,34,16,174,1,21,4.32,0.78,9.61,2.76,0.47,5.12
652,10/06/2007,Texas A+M,24,43,150,21,12,218,0,Oklahoma State,23,41,200,27,17,259,0,1,3.49,0.57,10.38,4.88,0.63,9.59
654,10/06/2007,Texas Tech,42,17,29,49,40,460,2,Iowa State,17,46,100,26,15,187,0,25,1.71,0.82,9.39,2.17,0.58,7.19
655,10/06/2007,Toledo,35,55,267,23,19,226,2,Liberty,34,31,181,19,10,101,0,1,4.85,0.83,9.83,5.84,0.53,5.32
656,10/06/2007,Troy,34,39,299,39,24,195,0,Florida Intl,16,34,81,41,19,248,2,18,7.67,0.62,5.0,2.38,0.46,6.05
662,10/06/2007,UL-Lafayette,38,36,300,20,10,114,0,North Texas,29,40,144,57,35,383,3,9,8.33,0.5,5.7,3.6,0.61,6.72
663,10/06/2007,UL-Monroe,30,52,235,23,15,195,0,Arkansas State,13,28,170,35,14,206,2,17,4.52,0.65,8.48,6.07,0.4,5.89
664,10/06/2007,UTEP,48,48,219,29,23,351,0,Tulsa,47,43,239,45,27,409,2,1,4.56,0.79,12.1,5.56,0.6,9.09
667,10/06/2007,Virginia,23,37,151,38,22,223,1,Middle Tennessee,21,39,127,34,17,181,0,2,4.08,0.58,5.87,3.26,0.5,5.32
668,10/06/2007,Virginia Tech,41,41,154,14,7,65,0,Clemson,23,23,8,67,38,372,2,18,3.76,0.5,4.64,0.35,0.57,5.55
669,10/06/2007,Wake Forest,41,42,115,30,22,221,1,Duke,36,31,95,47,21,291,2,5,2.74,0.73,7.37,3.06,0.45,6.19
671,10/06/2007,West Virginia,55,54,251,21,18,235,0,Syracuse,14,37,94,16,6,108,2,41,4.65,0.86,11.19,2.54,0.38,6.75
674,10/06/2007,Wyoming,24,51,232,26,12,134,1,Texas Christian,21,43,134,39,22,210,1,3,4.55,0.46,5.15,3.12,0.56,5.38
675,10/07/2007,Boise State,58,43,233,36,24,371,0,New Mexico State,0,26,-19,28,15,108,3,58,5.42,0.67,10.31,-0.73,0.54,3.86
677,10/10/2007,Navy,48,70,331,14,9,166,0,Pittsburgh,45,48,227,28,20,191,1,3,4.73,0.64,11.86,4.73,0.71,6.82
680,10/11/2007,Wake Forest,24,48,180,27,19,215,2,Florida State,21,24,47,48,24,283,2,3,3.75,0.7,7.96,1.96,0.5,5.9
681,10/12/2007,Hawaii,42,26,56,75,44,545,4,San Jose State,35,25,42,47,27,302,3,7,2.15,0.59,7.27,1.68,0.57,6.43
683,10/13/2007,Air Force,45,69,385,5,3,52,0,Colorado State,21,43,224,29,16,156,4,24,5.58,0.6,10.4,5.21,0.55,5.38
685,10/13/2007,Alabama,27,40,113,40,26,265,1,Mississippi,24,31,136,40,22,284,3,3,2.82,0.65,6.62,4.39,0.55,7.1
687,10/13/2007,Arizona State,44,49,296,31,20,227,1,Washington,20,32,146,30,10,142,1,24,6.04,0.65,7.32,4.56,0.33,4.73
689,10/13/2007,Arkansas State,52,62,406,23,17,275,0,UL-Lafayette,21,27,133,20,7,137,0,31,6.55,0.74,11.96,4.93,0.35,6.85
691,10/13/2007,Auburn,9,53,189,23,13,101,0,Arkansas,7,25,67,27,13,126,1,2,3.57,0.57,4.39,2.68,0.48,4.67
692,10/13/2007,Ball State,35,29,75,31,21,288,1,Western Kentucky,12,54,222,33,22,189,3,23,2.59,0.68,9.29,4.11,0.67,5.73
694,10/13/2007,Boston College,27,34,168,49,32,291,1,Notre Dame,14,21,27,49,18,195,2,13,4.94,0.65,5.94,1.29,0.37,3.98
696,10/13/2007,Brigham Young,24,45,227,33,21,214,3,Nevada-Las Vegas,14,25,96,26,16,121,1,10,5.04,0.64,6.48,3.84,0.62,4.65
697,10/13/2007,Buffalo,43,43,263,16,8,172,0,Toledo,33,49,211,52,32,307,2,10,6.12,0.5,10.75,4.31,0.62,5.9
699,10/13/2007,Central Michigan,47,36,177,39,30,251,1,Army,23,38,114,35,24,283,5,24,4.92,0.77,6.44,3.0,0.69,8.09
705,10/13/2007,East Carolina,45,32,208,34,19,299,4,UTEP,42,37,128,57,40,461,1,3,6.5,0.56,8.79,3.46,0.7,8.09
707,10/13/2007,Fresno State,37,47,238,22,17,178,0,Idaho,24,45,279,26,9,144,0,13,5.06,0.77,8.09,6.2,0.35,5.54
708,10/13/2007,Georgia,20,35,167,31,16,201,0,Vanderbilt,17,38,179,15,9,131,0,3,4.77,0.52,6.48,4.71,0.6,8.73
709,10/13/2007,Georgia Tech,17,50,264,29,11,114,1,Miami-Florida,14,38,167,18,8,56,0,3,5.28,0.38,3.93,4.39,0.44,3.11
710,10/13/2007,Houston,56,45,274,36,26,474,2,Rice,48,34,86,44,24,355,1,8,6.09,0.72,13.17,2.53,0.55,8.07
714,10/13/2007,Iowa,10,47,141,25,17,182,0,Illinois,6,35,137,20,12,150,1,4,3.0,0.68,7.28,3.91,0.6,7.5
716,10/13/2007,Kansas,48,50,236,37,18,211,0,Baylor,10,19,48,43,22,154,4,38,4.72,0.49,5.7,2.53,0.51,3.58
717,10/13/2007,Kansas State,47,39,249,28,15,214,0,Colorado,20,36,188,41,19,223,3,27,6.38,0.54,7.64,5.22,0.46,5.44
719,10/13/2007,Kentucky,43,41,125,38,21,250,2,Louisiana State,37,50,261,37,18,142,1,6,3.05,0.55,6.58,5.22,0.49,3.84
721,10/13/2007,Louisiana Tech,22,26,98,47,27,269,0,New Mexico State,21,36,65,40,29,319,0,1,3.77,0.57,5.72,1.81,0.72,7.98
722,10/13/2007,Louisville,28,38,97,38,28,350,0,Cincinnati,24,33,136,46,26,324,2,4,2.55,0.74,9.21,4.12,0.57,7.04
726,10/13/2007,Miami-Ohio,47,53,262,24,16,237,0,Bowling Green,14,26,25,32,19,207,1,33,4.94,0.67,9.88,0.96,0.59,6.47
727,10/13/2007,Michigan,48,43,189,30,22,269,0,Purdue,21,25,39,47,29,253,2,27,4.4,0.73,8.97,1.56,0.62,5.38
728,10/13/2007,Michigan State,52,67,368,23,20,190,0,Indiana,27,17,22,19,13,171,0,25,5.49,0.87,8.26,1.29,0.68,9.0
729,10/13/2007,Middle Tennessee,21,47,260,27,16,230,1,Memphis,7,28,91,36,14,157,0,14,5.53,0.59,8.52,3.25,0.39,4.36
736,10/13/2007,New Mexico,20,46,153,21,12,191,0,Wyoming,3,30,48,35,21,190,0,17,3.33,0.57,9.1,1.6,0.6,5.43
739,10/13/2007,North Texas,31,39,171,30,16,202,1,UL-Monroe,21,40,130,45,21,291,3,10,4.38,0.53,6.73,3.25,0.47,6.47
741,10/13/2007,Northwestern,49,28,119,59,41,470,0,Minnesota,48,44,239,38,25,341,2,1,4.25,0.69,7.97,5.43,0.66,8.97
743,10/13/2007,Ohio,48,40,241,32,21,269,1,Eastern Michigan,42,40,177,35,23,248,0,6,6.02,0.66,8.41,4.42,0.66,7.09
744,10/13/2007,Ohio State,48,36,138,25,20,263,0,Kent State,3,48,161,15,6,62,1,45,3.83,0.8,10.52,3.35,0.4,4.13
745,10/13/2007,Oklahoma,41,33,118,34,24,266,0,Missouri,31,30,57,49,38,361,3,10,3.58,0.71,7.82,1.9,0.78,7.37
746,10/13/2007,Oklahoma State,45,51,317,20,12,234,0,Nebraska,14,50,206,18,10,129,2,31,6.22,0.6,11.7,4.12,0.56,7.17
747,10/13/2007,Oregon,53,51,213,35,26,338,0,Washington State,7,30,63,36,15,251,2,46,4.18,0.74,9.66,2.1,0.42,6.97
748,10/13/2007,Oregon State,31,42,153,33,18,186,0,California,28,39,184,37,20,294,1,3,3.64,0.55,5.64,4.72,0.54,7.95
749,10/13/2007,Penn State,38,47,221,29,16,216,0,Wisconsin,7,34,87,34,17,244,2,31,4.7,0.55,7.45,2.56,0.5,7.18
752,10/13/2007,Rutgers,38,45,228,30,20,310,1,Syracuse,14,28,112,32,15,158,1,24,5.07,0.67,10.33,4.0,0.47,4.94
755,10/13/2007,South Carolina,21,32,110,26,17,172,1,North Carolina,15,36,113,43,22,285,3,6,3.44,0.65,6.62,3.14,0.51,6.63
756,10/13/2007,South Florida,64,44,178,36,20,365,0,U-C-F,12,40,61,27,11,84,1,52,4.05,0.56,10.14,1.52,0.41,3.11
757,10/13/2007,Southern Cal,20,43,146,31,19,130,2,Arizona,13,16,22,43,30,233,0,7,3.4,0.61,4.19,1.38,0.7,5.42
758,10/13/2007,Southern Miss,28,40,209,27,18,206,1,S-M-U,7,38,170,31,19,191,2,21,5.22,0.67,7.63,4.47,0.61,6.16
761,10/13/2007,Temple,24,39,136,34,23,242,2,Akron,20,37,152,21,12,145,2,4,3.49,0.68,7.12,4.11,0.57,6.9
762,10/13/2007,Tennessee,33,42,211,36,22,259,1,Mississippi State,21,36,135,33,18,203,0,12,5.02,0.61,7.19,3.75,0.55,6.15
763,10/13/2007,Texas,56,39,216,31,23,298,0,Iowa State,3,29,93,37,19,135,2,53,5.54,0.74,9.61,3.21,0.51,3.65
765,10/13/2007,Texas Christian,38,48,150,34,23,344,0,Stanford,36,49,170,30,15,194,0,2,3.12,0.68,10.12,3.47,0.5,6.47
766,10/13/2007,Texas Tech,35,29,108,37,30,425,0,Texas A+M,7,43,233,30,17,133,1,28,3.72,0.81,11.49,5.42,0.57,4.43
769,10/13/2007,Tulsa,38,42,193,39,24,385,0,Marshall,31,38,184,37,21,260,0,7,4.6,0.62,9.87,4.84,0.57,7.03
770,10/13/2007,U-A-B,26,25,110,32,17,262,0,Tulane,21,45,240,39,19,264,2,5,4.4,0.53,8.19,5.33,0.49,6.77
775,10/13/2007,Utah,23,46,282,32,24,232,1,San Diego State,7,29,62,32,15,149,1,16,6.13,0.75,7.25,2.14,0.47,4.66
777,10/13/2007,Virginia,17,44,148,25,15,184,2,Connecticut,16,33,78,33,17,176,0,1,3.36,0.6,7.36,2.36,0.52,5.33
778,10/13/2007,Virginia Tech,43,38,99,30,21,346,1,Duke,14,36,72,28,14,122,1,29,2.61,0.7,11.53,2.0,0.5,4.36
782,10/13/2007,Western Michigan,17,48,170,29,20,226,1,Northern Illinois,13,33,130,26,14,203,0,4,3.54,0.69,7.79,3.94,0.54,7.81
785,10/14/2007,Boise State,69,43,233,36,24,371,0,Nevada-Reno,67,26,-19,28,15,108,3,2,5.42,0.67,10.31,-0.73,0.54,3.86
787,10/18/2007,Rutgers,30,42,170,32,13,230,0,South Florida,27,38,115,35,17,247,1,3,4.05,0.41,7.19,3.03,0.49,7.06
790,10/18/2007,Utah,27,50,107,20,13,120,1,Texas Christian,20,27,94,46,21,191,4,7,2.14,0.65,6.0,3.48,0.46,4.15
791,10/19/2007,Connecticut,21,39,175,18,9,130,0,Louisville,17,31,93,43,29,228,3,4,4.49,0.5,7.22,3.0,0.67,5.3
794,10/19/2007,Northwestern,26,34,155,42,25,361,1,Eastern Michigan,14,29,99,48,28,282,3,12,4.56,0.6,8.6,3.41,0.58,5.88
795,10/20/2007,Air Force,20,57,256,11,7,74,0,Wyoming,12,44,144,31,20,260,3,8,4.49,0.64,6.73,3.27,0.65,8.39
796,10/20/2007,Alabama,41,38,147,46,32,363,0,Tennessee,17,19,103,38,23,259,2,24,3.87,0.7,7.89,5.42,0.61,6.82
798,10/20/2007,Arkansas,44,54,293,18,12,144,1,Mississippi,8,34,112,34,14,182,4,36,5.43,0.67,8.0,3.29,0.41,5.35
802,10/20/2007,Ball State,27,24,72,48,25,358,0,Western Michigan,23,44,196,38,21,237,3,4,3.0,0.52,7.46,4.45,0.55,6.24
804,10/20/2007,Boise State,45,83,411,71,48,681,3,Louisiana Tech,31,95,604,68,35,498,3,14,4.95,0.68,9.59,6.36,0.51,7.32
805,10/20/2007,Bowling Green,31,37,197,25,14,184,0,Kent State,20,56,254,13,8,128,0,11,5.32,0.56,7.36,4.54,0.62,9.85
806,10/20/2007,Brigham Young,42,47,221,30,15,156,1,Eastern Washington,7,29,42,35,21,224,3,35,4.7,0.5,5.2,1.45,0.6,6.4
811,10/20/2007,Clemson,70,61,341,27,23,315,1,Central Michigan,14,24,76,37,21,216,2,56,5.59,0.85,11.67,3.17,0.57,5.84
813,10/20/2007,Colorado State,48,49,279,19,13,218,0,Nevada-Las Vegas,23,38,222,39,25,337,3,25,5.69,0.68,11.47,5.84,0.64,8.64
815,10/20/2007,Florida,45,37,171,26,18,256,0,Kentucky,37,35,97,50,35,415,0,8,4.62,0.69,9.85,2.77,0.7,8.3
816,10/20/2007,Florida Atlantic,39,42,126,45,26,308,0,UL-Lafayette,32,53,317,24,14,121,2,7,3.0,0.58,6.84,5.98,0.58,5.04
819,10/20/2007,Fresno State,30,43,251,26,16,132,0,San Jose State,0,30,140,44,22,254,1,30,5.84,0.62,5.08,4.67,0.5,5.77
820,10/20/2007,Georgia Tech,34,51,292,25,14,218,0,Army,10,33,118,28,12,148,3,24,5.73,0.56,8.72,3.58,0.43,5.29
821,10/20/2007,Houston,49,59,335,34,21,205,0,U-A-B,10,18,26,34,12,198,4,39,5.68,0.62,6.03,1.44,0.35,5.82
827,10/20/2007,Kansas,19,33,180,28,20,153,0,Colorado,14,33,66,45,27,287,2,5,5.45,0.71,5.46,2.0,0.6,6.38
831,10/20/2007,Louisiana State,30,33,169,35,22,319,1,Auburn,24,35,97,28,18,199,0,6,5.12,0.63,9.11,2.77,0.64,7.11
834,10/20/2007,Memphis,38,51,247,38,25,324,1,Rice,35,20,105,45,29,313,2,3,4.84,0.66,8.53,5.25,0.64,6.96
835,10/20/2007,Miami-Florida,37,45,153,22,11,173,3,Florida State,29,47,158,33,14,208,2,8,3.4,0.5,7.86,3.36,0.42,6.3
837,10/20/2007,Michigan,27,46,115,33,21,228,2,Illinois,17,31,137,26,14,116,1,10,2.5,0.64,6.91,4.42,0.54,4.46
839,10/20/2007,Middle Tennessee,24,49,205,24,11,179,1,Arkansas State,7,33,22,19,9,116,3,17,4.18,0.46,7.46,0.67,0.47,6.11
843,10/20/2007,Missouri,41,50,212,20,14,210,1,Texas Tech,10,15,-9,69,44,397,4,31,4.24,0.7,10.5,-0.6,0.64,5.75
847,10/20/2007,Nevada-Reno,31,109,698,49,26,413,0,Utah State,28,82,380,55,38,459,2,3,6.4,0.53,8.43,4.63,0.69,8.35
848,10/20/2007,New Mexico,20,36,102,37,20,263,2,San Diego State,17,43,166,26,18,133,0,3,2.83,0.54,7.11,3.86,0.69,5.12
849,10/20/2007,New Mexico State,45,24,88,49,36,404,0,Idaho,31,43,234,35,19,212,2,14,3.67,0.73,8.24,5.44,0.54,6.06
850,10/20/2007,No Carolina State,34,28,49,44,29,335,1,East Carolina,20,34,72,53,28,254,1,14,1.75,0.66,7.61,2.12,0.53,4.79
855,10/20/2007,Ohio State,24,47,229,23,15,193,1,Michigan State,17,28,59,24,12,126,1,7,4.87,0.65,8.39,2.11,0.5,5.25
856,10/20/2007,Oklahoma,17,45,133,28,16,183,1,Iowa State,7,34,95,32,19,174,1,10,2.96,0.57,6.54,2.79,0.59,5.44
857,10/20/2007,Oklahoma State,41,59,329,26,11,181,1,Kansas State,39,23,125,51,36,404,0,2,5.58,0.42,6.96,5.43,0.71,7.92
858,10/20/2007,Oregon,55,62,465,30,19,196,1,Washington,34,29,164,31,12,257,1,21,7.5,0.63,6.53,5.66,0.39,8.29
859,10/20/2007,Penn State,36,47,192,32,22,195,1,Indiana,31,30,68,48,30,318,0,5,4.09,0.69,6.09,2.27,0.62,6.62
860,10/20/2007,Pittsburgh,24,46,260,29,18,167,1,Cincinnati,17,28,121,32,21,237,1,7,5.65,0.62,5.76,4.32,0.66,7.41
861,10/20/2007,Purdue,31,42,116,49,29,315,1,Iowa,6,29,77,40,17,177,1,25,2.76,0.59,6.43,2.66,0.42,4.42
867,10/20/2007,Southern Cal,38,36,227,38,21,235,0,Notre Dame,0,30,48,33,17,117,1,38,6.31,0.55,6.18,1.6,0.52,3.55
868,10/20/2007,Stanford,21,45,96,27,19,181,2,Arizona,20,32,130,41,28,238,1,1,2.13,0.7,6.7,4.06,0.68,5.8
869,10/20/2007,Syracuse,20,42,179,28,15,265,2,Buffalo,12,27,73,48,32,286,0,8,4.26,0.54,9.46,2.7,0.67,5.96
870,10/20/2007,Temple,24,34,110,19,14,188,0,Miami-Ohio,17,27,56,59,33,314,2,7,3.24,0.74,9.89,2.07,0.56,5.32
872,10/20/2007,Texas,31,46,177,36,25,293,2,Baylor,10,18,8,56,32,284,4,21,3.85,0.69,8.14,0.44,0.57,5.07
873,10/20/2007,Texas A+M,36,66,359,22,13,100,0,Nebraska,14,26,130,44,26,275,0,22,5.44,0.59,4.55,5.0,0.59,6.25
875,10/20/2007,Toledo,43,49,277,39,19,204,0,Ohio,40,36,258,30,16,302,4,3,5.65,0.49,5.23,7.17,0.53,10.07
876,10/20/2007,Troy,45,35,137,43,28,356,4,North Texas,7,35,26,41,23,179,1,38,3.91,0.65,8.28,0.74,0.56,4.37
877,10/20/2007,Tulane,41,50,361,24,13,160,0,S-M-U,34,32,84,37,28,354,1,7,7.22,0.54,6.67,2.62,0.76,9.57
880,10/20/2007,U-C-F,44,48,229,29,21,224,0,Tulsa,23,25,59,61,35,320,4,21,4.77,0.72,7.72,2.36,0.57,5.25
881,10/20/2007,U.C.L.A.,30,45,183,28,19,190,0,California,21,30,67,34,22,232,3,9,4.07,0.68,6.79,2.23,0.65,6.82
883,10/20/2007,UL-Monroe,23,40,160,24,17,270,0,Florida Intl,14,38,125,36,15,198,1,9,4.0,0.71,11.25,3.29,0.42,5.5
885,10/20/2007,Vanderbilt,17,47,146,16,8,123,1,South Carolina,16,22,26,43,23,256,3,1,3.11,0.5,7.69,1.18,0.53,5.95
886,10/20/2007,Virginia,18,39,191,36,23,248,0,Maryland,17,38,130,19,13,103,0,1,4.9,0.64,6.89,3.42,0.68,5.42
887,10/20/2007,Wake Forest,44,44,196,28,22,213,0,Navy,24,67,328,12,4,39,0,20,4.45,0.79,7.61,4.9,0.33,3.25
889,10/20/2007,West Virginia,38,42,262,20,12,84,1,Mississippi State,13,33,45,35,18,169,0,25,6.24,0.6,4.2,1.36,0.51,4.83
890,10/20/2007,Western Kentucky,56,63,380,14,11,130,0,Indiana State,7,40,137,20,9,142,3,49,6.03,0.79,9.29,3.42,0.45,7.1
892,10/20/2007,Wisconsin,44,55,331,20,12,100,1,Northern Illinois,3,18,-13,25,12,112,2,41,6.02,0.6,5.0,-0.72,0.48,4.48
895,10/21/2007,Southern Miss,33,41,160,30,23,310,0,Marshall,24,31,99,38,20,309,3,9,3.9,0.77,10.33,3.19,0.53,8.13
897,10/25/2007,Boston College,14,18,32,53,25,285,2,Virginia Tech,10,41,116,25,15,149,0,4,1.78,0.47,5.38,2.83,0.6,5.96
898,10/25/2007,New Mexico,34,48,156,28,16,169,1,Air Force,31,49,212,18,11,110,0,3,3.25,0.57,6.04,4.33,0.61,6.11
900,10/26/2007,Boise State,34,43,282,29,18,158,0,Fresno State,21,26,89,39,21,263,1,13,6.56,0.62,5.45,3.42,0.54,6.74
903,10/27/2007,Arizona,48,24,25,51,38,511,1,Washington,41,46,236,30,17,336,2,7,1.04,0.75,10.02,5.13,0.57,11.2
904,10/27/2007,Arizona State,31,53,144,29,17,219,0,California,20,25,84,36,18,275,2,11,2.72,0.59,7.55,3.36,0.5,7.64
905,10/27/2007,Arkansas,58,42,249,31,17,190,1,Florida Intl,10,41,158,29,10,123,5,48,5.93,0.55,6.13,3.85,0.34,4.24
907,10/27/2007,Auburn,42,48,231,26,16,189,0,Mississippi,28,29,70,28,14,123,1,14,4.81,0.62,7.27,2.41,0.5,4.39
911,10/27/2007,Buffalo,26,51,155,14,11,125,0,Akron,10,39,142,39,19,185,2,16,3.04,0.79,8.93,3.64,0.49,4.74
913,10/27/2007,Central Michigan,41,51,221,43,33,359,1,Kent State,32,40,136,28,18,247,0,9,4.33,0.77,8.35,3.4,0.64,8.82
914,10/27/2007,Clemson,30,56,249,26,20,179,0,Maryland,17,32,97,31,19,217,1,13,4.45,0.77,6.88,3.03,0.61,7.0
915,10/27/2007,Colorado,31,44,217,27,16,132,0,Texas Tech,26,12,39,63,46,431,4,5,4.93,0.59,4.89,3.25,0.73,6.84
917,10/27/2007,Connecticut,22,46,159,26,13,194,1,South Florida,15,44,251,30,16,189,2,7,3.46,0.5,7.46,5.7,0.53,6.3
919,10/27/2007,East Carolina,41,35,216,31,20,255,0,U-A-B,6,35,168,37,17,128,2,35,6.17,0.65,8.23,4.8,0.46,3.46
920,10/27/2007,Eastern Michigan,19,52,255,28,15,137,1,Western Michigan,2,23,53,27,13,146,3,17,4.9,0.54,4.89,2.3,0.48,5.41
924,10/27/2007,Florida State,25,39,195,47,35,339,0,Duke,6,19,9,31,17,213,1,19,5.0,0.74,7.21,0.47,0.55,6.87
925,10/27/2007,Georgia,42,44,196,18,11,217,1,Florida,30,35,107,22,14,236,0,12,4.45,0.61,12.06,3.06,0.64,10.73
926,10/27/2007,Hawaii,50,14,67,46,29,425,1,New Mexico State,13,27,77,59,41,365,3,37,4.79,0.63,9.24,2.85,0.69,6.19
927,10/27/2007,Houston,34,56,306,36,23,214,0,UTEP,31,37,193,26,11,176,0,3,5.46,0.64,5.94,5.22,0.42,6.77
929,10/27/2007,Illinois,28,52,324,15,7,145,2,Ball State,17,38,170,33,16,167,1,11,6.23,0.47,9.67,4.47,0.48,5.06
931,10/27/2007,Iowa,34,44,230,15,5,53,0,Michigan State,27,52,165,44,25,308,0,7,5.23,0.33,3.53,3.17,0.57,7.0
933,10/27/2007,Kansas,19,46,227,33,21,180,0,Texas A+M,11,27,74,45,24,244,0,8,4.93,0.64,5.45,2.74,0.53,5.42
934,10/27/2007,Kansas State,51,46,208,36,23,255,1,Baylor,13,26,13,35,20,305,3,38,4.52,0.64,7.08,0.5,0.57,8.71
937,10/27/2007,Louisiana Tech,31,53,288,29,23,230,1,Utah State,21,35,106,26,17,220,1,10,5.43,0.79,7.93,3.03,0.65,8.46
938,10/27/2007,Louisville,24,39,120,30,21,236,1,Pittsburgh,17,35,107,21,11,163,0,7,3.08,0.7,7.87,3.06,0.52,7.76
939,10/27/2007,Marshall,34,77,353,71,35,536,3,Rice,21,68,290,79,53,608,1,13,4.58,0.49,7.55,4.26,0.67,7.7
941,10/27/2007,Memphis,28,25,59,40,27,379,1,Tulane,27,58,350,16,8,105,1,1,2.36,0.68,9.48,6.03,0.5,6.56
943,10/27/2007,Michigan,34,49,307,21,12,254,0,Minnesota,10,36,132,30,14,99,0,24,6.27,0.57,12.1,3.67,0.47,3.3
945,10/27/2007,Middle Tennessee,48,42,132,38,22,203,0,North Texas,28,22,87,45,25,296,4,20,3.14,0.58,5.34,3.95,0.56,6.58
948,10/27/2007,Mississippi State,31,51,200,28,17,152,0,Kentucky,14,27,89,42,24,230,3,17,3.92,0.61,5.43,3.3,0.57,5.48
949,10/27/2007,Missouri,17,28,116,37,28,250,1,Iowa State,3,39,152,48,33,237,0,14,4.14,0.76,6.76,3.9,0.69,4.94
953,10/27/2007,Nevada-Reno,37,45,159,26,15,203,0,Idaho,21,35,56,24,12,156,1,16,3.53,0.58,7.81,1.6,0.5,6.5
955,10/27/2007,No Carolina State,29,30,84,46,26,347,1,Virginia,24,36,94,51,26,275,2,5,2.8,0.57,7.54,2.61,0.51,5.39
960,10/27/2007,Ohio,38,53,264,18,13,166,1,Bowling Green,27,32,158,43,19,249,2,11,4.98,0.72,9.22,4.94,0.44,5.79
961,10/27/2007,Ohio State,37,48,200,26,19,253,1,Penn State,17,23,139,26,16,124,1,20,4.17,0.73,9.73,6.04,0.62,4.77
962,10/27/2007,Oregon,24,47,182,25,16,157,0,Southern Cal,17,33,101,42,26,277,2,7,3.87,0.64,6.28,3.06,0.62,6.6
963,10/27/2007,Oregon State,23,44,173,21,14,142,0,Stanford,6,25,-8,32,16,189,2,17,3.93,0.67,6.76,-0.32,0.5,5.91
966,10/27/2007,Purdue,35,38,225,38,24,182,0,Northwestern,17,29,89,39,20,208,3,18,5.92,0.63,4.79,3.07,0.51,5.33
974,10/27/2007,Tennessee,27,28,101,45,26,216,1,South Carolina,24,39,171,50,34,330,2,3,3.61,0.58,4.8,4.38,0.68,6.6
975,10/27/2007,Texas,28,48,364,29,12,181,1,Nebraska,25,38,132,38,25,315,0,3,7.58,0.41,6.24,3.47,0.66,8.29
978,10/27/2007,Toledo,70,59,382,33,26,430,0,Northern Illinois,21,32,177,28,14,175,1,49,6.47,0.79,13.03,5.53,0.5,6.25
979,10/27/2007,Troy,27,43,200,26,16,168,1,Arkansas State,0,34,116,28,12,121,3,27,4.65,0.62,6.46,3.41,0.43,4.32
981,10/27/2007,Tulsa,29,33,102,45,27,336,2,S-M-U,23,47,158,35,17,192,1,6,3.09,0.6,7.47,3.36,0.49,5.49
984,10/27/2007,UL-Monroe,33,47,207,36,23,201,1,Florida Atlantic,30,33,128,55,35,317,2,3,4.4,0.64,5.58,3.88,0.64,5.76
986,10/27/2007,Utah,27,49,322,22,14,130,1,Colorado State,3,34,131,28,16,140,1,24,6.57,0.64,5.91,3.85,0.57,5.0
988,10/27/2007,Vanderbilt,24,54,290,19,11,121,1,Miami-Ohio,13,27,26,37,18,212,0,11,5.37,0.58,6.37,0.96,0.49,5.73
990,10/27/2007,Wake Forest,37,40,138,16,13,131,0,North Carolina,10,30,77,33,26,236,2,27,3.45,0.81,8.19,2.57,0.79,7.15
992,10/27/2007,Washington State,27,51,274,47,28,271,1,U.C.L.A.,7,29,100,36,17,167,0,20,5.37,0.6,5.77,3.45,0.47,4.64
993,10/27/2007,West Virginia,31,47,254,16,10,144,0,Rutgers,3,40,183,31,15,131,2,28,5.4,0.62,9.0,4.58,0.48,4.23
994,10/27/2007,Western Kentucky,50,52,373,17,12,165,0,No Carolina Central,14,37,162,27,16,171,3,36,7.17,0.71,9.71,4.38,0.59,6.33
996,10/27/2007,Wisconsin,33,55,279,21,12,144,1,Indiana,3,31,145,33,17,113,2,30,5.07,0.57,6.86,4.68,0.52,3.42
997,10/27/2007,Wyoming,29,46,208,33,13,156,2,Nevada-Las Vegas,24,41,43,39,21,223,2,5,4.52,0.39,4.73,1.05,0.54,5.72
999,10/28/2007,U-C-F,34,53,219,16,12,162,0,Southern Miss,17,31,159,29,20,144,3,17,4.13,0.75,10.12,5.13,0.69,4.97
1001,11/01/2007,Virginia Tech,27,46,185,33,22,296,0,Georgia Tech,3,26,105,29,12,166,5,24,4.02,0.67,8.97,4.04,0.41,5.72
1003,11/02/2007,Bowling Green,44,38,216,37,27,301,0,Akron,20,46,243,31,14,192,2,24,5.68,0.73,8.14,5.28,0.45,6.19
1004,11/02/2007,Nevada-Reno,40,47,285,28,15,237,1,New Mexico State,38,30,103,49,35,407,0,2,6.06,0.54,8.46,3.43,0.71,8.31
1006,11/02/2007,Ohio,23,49,219,21,14,185,0,Temple,7,31,48,26,17,161,1,16,4.47,0.67,8.81,1.55,0.65,6.19
1008,11/03/2007,Air Force,30,67,437,12,9,105,1,Army,10,26,17,33,14,164,0,20,6.52,0.75,8.75,0.65,0.42,4.97
1010,11/03/2007,Arizona,34,34,128,36,21,341,0,U.C.L.A.,27,41,145,28,10,143,0,7,3.76,0.58,9.47,3.54,0.36,5.11
1012,11/03/2007,Arkansas,48,58,542,11,9,109,0,South Carolina,36,33,110,51,27,364,0,12,9.34,0.82,9.91,3.33,0.53,7.14
1013,11/03/2007,Arkansas State,27,41,177,30,19,174,0,Florida Intl,24,42,140,19,9,110,2,3,4.32,0.63,5.8,3.33,0.47,5.79
1015,11/03/2007,Auburn,35,36,115,29,15,259,1,Tennessee Tech,3,34,136,28,19,168,2,32,3.19,0.52,8.93,4.0,0.68,6.0
1018,11/03/2007,Boise State,42,31,144,41,32,290,1,San Jose State,7,32,50,30,16,100,0,35,4.65,0.78,7.07,1.56,0.53,3.33
1020,11/03/2007,Brigham Young,35,38,106,31,22,355,1,Colorado State,16,43,150,35,18,161,1,19,2.79,0.71,11.45,3.49,0.51,4.6
1022,11/03/2007,California,20,41,166,40,27,179,1,Washington State,17,23,49,45,21,305,1,3,4.05,0.68,4.47,2.13,0.47,6.78
1023,11/03/2007,Cincinnati,38,38,137,32,14,238,1,South Florida,33,37,99,54,31,382,4,5,3.61,0.44,7.44,2.68,0.57,7.07
1024,11/03/2007,Clemson,47,32,152,29,19,198,0,Duke,10,30,28,29,17,170,1,37,4.75,0.66,6.83,0.93,0.59,5.86
1027,11/03/2007,Connecticut,38,39,256,21,10,140,0,Rutgers,19,33,168,54,32,343,1,19,6.56,0.48,6.67,5.09,0.59,6.35
1029,11/03/2007,East Carolina,56,44,491,26,12,150,0,Memphis,40,28,77,61,34,416,2,16,11.16,0.46,5.77,2.75,0.56,6.82
1031,11/03/2007,Florida,49,36,210,29,23,288,1,Vanderbilt,22,33,93,35,18,162,2,27,5.83,0.79,9.93,2.82,0.51,4.63
1033,11/03/2007,Florida State,27,31,81,46,30,371,0,Boston College,17,21,63,53,26,415,3,10,2.61,0.65,8.07,3.0,0.49,7.83
1034,11/03/2007,Fresno State,38,47,255,18,13,131,1,Utah State,27,38,155,26,18,214,0,11,5.43,0.72,7.28,4.08,0.69,8.23
1035,11/03/2007,Georgia,44,37,240,32,19,225,1,Troy,34,32,115,52,34,373,2,10,6.49,0.59,7.03,3.59,0.65,7.17
1037,11/03/2007,Illinois,44,50,448,21,14,207,1,Minnesota,17,31,95,35,21,242,1,27,8.96,0.67,9.86,3.06,0.6,6.91
1038,11/03/2007,Indiana,38,31,108,35,22,354,1,Ball State,20,32,67,49,27,345,2,18,3.48,0.63,10.11,2.09,0.55,7.04
1039,11/03/2007,Iowa,28,34,70,36,21,299,0,Northwestern,17,33,116,55,28,277,3,11,2.06,0.58,8.31,3.52,0.51,5.04
1040,11/03/2007,Iowa State,31,40,120,26,17,228,1,Kansas State,20,29,78,45,28,347,2,11,3.0,0.65,8.77,2.69,0.62,7.71
1041,11/03/2007,Kansas,76,49,218,41,30,354,0,Nebraska,39,23,79,50,25,405,4,37,4.45,0.73,8.63,3.43,0.5,8.1
1043,11/03/2007,Louisiana State,41,34,87,46,25,388,3,Alabama,34,33,20,40,14,234,1,7,2.56,0.54,8.43,0.61,0.35,5.85
1044,11/03/2007,Louisiana Tech,28,53,211,26,16,227,1,Idaho,16,26,67,49,17,218,3,12,3.98,0.62,8.73,2.58,0.35,4.45
1049,11/03/2007,Miami-Ohio,31,39,216,26,20,259,0,Buffalo,28,27,103,45,33,217,0,3,5.54,0.77,9.96,3.81,0.73,4.82
1050,11/03/2007,Michigan,28,30,100,33,18,211,1,Michigan State,24,43,191,35,19,161,1,4,3.33,0.55,6.39,4.44,0.54,4.6
1052,11/03/2007,Middle Tennessee,43,35,98,29,22,401,1,UL-Monroe,40,47,360,38,24,264,2,3,2.8,0.76,13.83,7.66,0.63,6.95
1054,11/03/2007,Mississippi,38,31,195,28,10,177,1,Northwestern St(LA),31,43,194,34,24,305,1,7,6.29,0.36,6.32,4.51,0.71,8.97
1055,11/03/2007,Missouri,55,42,169,45,27,429,1,Colorado,10,30,84,28,14,112,1,45,4.02,0.6,9.53,2.8,0.5,4.0
1056,11/03/2007,Navy,46,66,257,9,6,81,0,Notre Dame,44,63,235,27,17,140,0,2,3.89,0.67,9.0,3.73,0.63,5.19
1059,11/03/2007,No Carolina State,19,35,110,40,19,207,0,Miami-Florida,16,60,314,14,1,84,3,3,3.14,0.48,5.18,5.23,0.07,6.0
1060,11/03/2007,North Carolina,16,36,110,26,16,149,2,Maryland,13,33,93,36,20,209,1,3,3.06,0.62,5.73,2.82,0.56,5.81
1063,11/03/2007,Ohio State,38,36,211,28,17,166,0,Wisconsin,17,37,12,30,18,269,0,21,5.86,0.61,5.93,0.32,0.6,8.97
1064,11/03/2007,Oklahoma,42,43,186,30,21,284,0,Texas A+M,14,34,128,28,15,155,0,28,4.33,0.7,9.47,3.76,0.54,5.54
1066,11/03/2007,Oregon,35,41,200,26,15,200,0,Arizona State,23,41,110,37,22,379,1,12,4.88,0.58,7.69,2.68,0.59,10.24
1068,11/03/2007,Penn State,26,41,251,36,22,210,0,Purdue,19,23,68,48,27,255,0,7,6.12,0.61,5.83,2.96,0.56,5.31
1069,11/03/2007,Pittsburgh,20,41,141,30,21,153,0,Syracuse,17,31,30,37,19,235,0,3,3.44,0.7,5.1,0.97,0.51,6.35
1071,11/03/2007,Rice,56,34,163,58,32,395,3,UTEP,48,33,49,57,30,373,0,8,4.79,0.55,6.81,1.48,0.53,6.54
1073,11/03/2007,San Diego State,27,24,58,45,20,249,2,Wyoming,24,47,91,30,22,159,1,3,2.42,0.44,5.53,1.94,0.73,5.3
1077,11/03/2007,Southern Cal,24,36,100,34,20,187,0,Oregon State,3,37,91,28,11,85,1,21,2.78,0.59,5.5,2.46,0.39,3.04
1078,11/03/2007,Southern Miss,37,56,338,24,11,118,0,U-A-B,7,26,65,37,17,179,1,30,6.04,0.46,4.92,2.5,0.46,4.84
1081,11/03/2007,Tennessee,59,39,273,27,19,193,0,UL-Lafayette,7,48,234,29,16,130,2,52,7.0,0.7,7.15,4.88,0.55,4.48
1082,11/03/2007,Texas,38,42,307,28,20,282,3,Oklahoma State,35,45,164,42,30,430,0,3,7.31,0.71,10.07,3.64,0.71,10.24
1084,11/03/2007,Texas Christian,37,60,238,22,13,183,1,New Mexico,0,26,28,32,9,91,1,37,3.97,0.59,8.32,1.08,0.28,2.84
1085,11/03/2007,Texas Tech,38,17,73,59,44,490,0,Baylor,7,35,91,47,25,191,1,31,4.29,0.75,8.31,2.6,0.53,4.06
1086,11/03/2007,Toledo,52,44,324,29,17,276,0,Eastern Michigan,28,44,217,34,18,200,2,24,7.36,0.59,9.52,4.93,0.53,5.88
1089,11/03/2007,Tulsa,49,49,281,27,18,319,1,Tulane,25,38,114,39,23,287,1,24,5.73,0.67,11.81,3.0,0.59,7.36
1091,11/03/2007,U-C-F,47,52,269,22,14,203,1,Marshall,13,26,88,35,19,249,3,34,5.17,0.64,9.23,3.38,0.54,7.11
1098,11/03/2007,Virginia,17,25,82,43,20,225,0,Wake Forest,16,50,140,26,20,175,1,1,3.28,0.47,5.23,2.8,0.77,6.73
1100,11/03/2007,Washington,27,63,388,32,16,151,1,Stanford,9,26,116,31,17,137,0,18,6.16,0.5,4.72,4.46,0.55,4.42
1102,11/03/2007,Western Kentucky,28,46,259,25,14,225,2,Chattanooga,21,47,238,28,16,163,2,7,5.63,0.56,9.0,5.06,0.57,5.82
1105,11/04/2007,Houston,38,60,264,30,20,288,0,S-M-U,28,29,109,33,19,351,1,10,4.4,0.67,9.6,3.76,0.58,10.64
1107,11/06/2007,Central Michigan,34,43,149,38,23,235,1,Western Michigan,31,35,107,37,27,311,1,3,3.47,0.61,6.18,3.06,0.73,8.41
1109,11/07/2007,Akron,48,35,177,28,17,242,1,Ohio,37,33,120,37,17,239,0,11,5.06,0.61,8.64,3.64,0.46,6.46
1111,11/08/2007,Brigham Young,27,34,112,44,26,305,1,Texas Christian,22,39,130,37,24,222,1,5,3.29,0.59,6.93,3.33,0.65,6.0
1114,11/08/2007,West Virginia,38,46,216,25,16,181,0,Louisville,31,27,37,46,27,345,2,7,4.7,0.64,7.24,1.37,0.59,7.5
1116,11/09/2007,Bowling Green,39,39,193,33,21,226,1,Eastern Michigan,32,52,269,18,12,134,0,7,4.95,0.64,6.85,5.17,0.67,7.44
1118,11/09/2007,Rutgers,41,72,404,12,3,42,1,Army,6,20,97,24,7,55,1,35,5.61,0.25,3.5,4.85,0.29,2.29
1119,11/10/2007,Air Force,41,63,285,16,10,120,0,Notre Dame,24,38,58,40,22,246,0,17,4.52,0.62,7.5,1.53,0.55,6.15
1121,11/10/2007,Arizona State,24,45,152,31,16,200,0,U.C.L.A.,20,33,119,29,14,181,1,4,3.38,0.52,6.45,3.61,0.48,6.24
1126,11/10/2007,Boise State,52,45,190,32,28,294,0,Utah State,0,30,82,24,12,154,3,52,4.22,0.88,9.19,2.73,0.5,6.42
1129,11/10/2007,Cincinnati,27,39,144,33,21,276,0,Connecticut,3,22,22,37,18,182,1,24,3.69,0.64,8.36,1.0,0.49,4.92
1130,11/10/2007,Clemson,44,34,145,36,27,266,0,Wake Forest,10,37,83,35,24,204,1,34,4.26,0.75,7.39,2.24,0.69,5.83
1136,11/10/2007,Florida,51,48,233,32,22,304,1,South Carolina,31,26,68,44,26,316,1,20,4.85,0.69,9.5,2.62,0.59,7.18
1137,11/10/2007,Florida Atlantic,34,39,105,42,22,268,2,Arkansas State,31,35,125,33,19,131,1,3,2.69,0.52,6.38,3.57,0.58,3.97
1140,11/10/2007,Georgia,45,43,180,19,11,237,1,Auburn,20,35,83,30,14,133,4,25,4.19,0.58,12.47,2.37,0.47,4.43
1141,11/10/2007,Georgia Tech,41,52,259,25,11,218,1,Duke,24,28,24,29,12,122,0,17,4.98,0.44,8.72,0.86,0.41,4.21
1142,11/10/2007,Hawaii,37,24,137,40,29,410,1,Fresno State,30,44,182,26,15,209,0,7,5.71,0.72,10.25,4.14,0.58,8.04
1144,11/10/2007,Illinois,28,51,260,22,12,140,0,Ohio State,21,36,180,23,13,156,3,7,5.1,0.55,6.36,5.0,0.57,6.78
1146,11/10/2007,Iowa,21,40,139,25,14,157,1,Minnesota,16,33,125,41,24,190,1,5,3.48,0.56,6.28,3.79,0.59,4.63
1147,11/10/2007,Iowa State,31,42,162,27,13,189,1,Colorado,28,32,157,40,23,262,0,3,3.86,0.48,7.0,4.91,0.57,6.55
1148,11/10/2007,Kansas,43,36,177,41,28,352,0,Oklahoma State,28,37,195,37,22,276,1,15,4.92,0.68,8.59,5.27,0.59,7.46
1151,11/10/2007,Kentucky,27,37,129,29,17,222,0,Vanderbilt,20,48,239,34,20,193,0,7,3.49,0.59,7.66,4.98,0.59,5.68
1152,11/10/2007,Louisiana State,58,40,321,30,16,274,2,Louisiana Tech,10,35,67,39,20,189,2,48,8.02,0.53,9.13,1.91,0.51,4.85
1154,11/10/2007,Marshall,26,42,239,32,24,238,0,East Carolina,7,28,108,29,16,151,0,19,5.69,0.75,7.44,3.86,0.55,5.21
1155,11/10/2007,Maryland,42,40,135,27,21,337,0,Boston College,35,27,45,56,33,421,2,7,3.38,0.78,12.48,1.67,0.59,7.52
1156,11/10/2007,Memphis,29,26,26,49,35,396,2,Southern Miss,26,38,147,18,12,159,1,3,1.0,0.71,8.08,3.87,0.67,8.83
1159,11/10/2007,Michigan State,48,54,150,31,22,266,0,Purdue,31,25,173,45,29,344,2,17,2.78,0.71,8.58,6.92,0.64,7.64
1162,11/10/2007,Mississippi State,17,42,115,21,9,100,1,Alabama,12,37,153,35,16,121,2,5,2.74,0.43,4.76,4.14,0.46,3.46
1163,11/10/2007,Missouri,40,49,203,35,27,352,0,Texas A+M,26,39,133,28,18,247,1,14,4.14,0.77,10.06,3.41,0.64,8.82
1164,11/10/2007,Navy,74,57,572,6,4,108,0,North Texas,62,28,157,50,40,478,2,12,10.04,0.67,18.0,5.61,0.8,9.56
1165,11/10/2007,Nebraska,73,37,183,43,31,519,0,Kansas State,31,28,108,44,26,320,0,42,4.95,0.72,12.07,3.86,0.59,7.27
1167,11/10/2007,New Mexico,26,31,120,29,21,211,0,Colorado State,23,53,178,19,13,221,0,3,3.87,0.72,7.28,3.36,0.68,11.63
1169,11/10/2007,No Carolina State,31,43,167,42,26,229,2,North Carolina,27,20,12,43,23,291,2,4,3.88,0.62,5.45,0.6,0.53,6.77
1172,11/10/2007,Northern Illinois,27,54,235,29,21,275,2,Kent State,20,39,204,42,21,159,1,7,4.35,0.72,9.48,5.23,0.5,3.79
1173,11/10/2007,Northwestern,31,46,165,34,27,291,3,Indiana,28,27,94,28,18,204,1,3,3.59,0.79,8.56,3.48,0.64,7.29
1176,11/10/2007,Oklahoma,52,37,180,25,20,353,1,Baylor,21,26,170,42,25,280,2,31,4.86,0.8,14.12,6.54,0.6,6.67
1178,11/10/2007,Oregon State,29,55,219,22,10,109,1,Washington,23,31,85,39,16,249,0,6,3.98,0.45,4.95,2.74,0.41,6.38
1179,11/10/2007,Penn State,31,41,202,33,22,260,1,Temple,0,23,4,43,26,238,0,31,4.93,0.67,7.88,0.17,0.6,5.53
1181,11/10/2007,Rice,43,26,181,53,35,364,1,S-M-U,42,50,320,31,13,165,2,1,6.96,0.66,6.87,6.4,0.42,5.32
1183,11/10/2007,San Diego State,38,26,122,23,17,196,1,Nevada-Las Vegas,30,49,275,29,18,207,1,8,4.69,0.74,8.52,5.61,0.62,7.14
1184,11/10/2007,San Jose State,51,44,190,31,19,317,0,New Mexico State,17,25,80,49,30,318,3,34,4.32,0.61,10.23,3.2,0.61,6.49
1186,11/10/2007,South Florida,41,56,346,28,19,236,1,Syracuse,10,17,15,38,21,276,2,31,6.18,0.68,8.43,0.88,0.55,7.26
1187,11/10/2007,Southern Cal,24,48,239,20,11,129,0,California,17,45,200,29,13,199,2,7,4.98,0.55,6.45,4.44,0.45,6.86
1192,11/10/2007,Tennessee,34,43,151,25,12,128,0,Arkansas,13,36,127,29,15,162,3,21,3.51,0.48,5.12,3.53,0.52,5.59
1193,11/10/2007,Texas,59,62,283,30,21,268,1,Texas Tech,43,7,10,48,36,466,1,16,4.56,0.7,8.93,1.43,0.75,9.71
1196,11/10/2007,Troy,21,44,241,26,13,122,1,Western Kentucky,17,49,256,23,12,160,2,4,5.48,0.5,4.69,5.22,0.52,6.96
1197,11/10/2007,Tulane,34,45,208,23,16,277,0,UTEP,19,24,104,45,28,308,1,15,4.62,0.7,12.04,4.33,0.62,6.84
1198,11/10/2007,Tulsa,56,46,202,28,15,313,0,Houston,7,43,198,24,15,126,3,49,4.39,0.54,11.18,4.6,0.62,5.25
1200,11/10/2007,U-C-F,45,52,402,20,12,104,1,U-A-B,31,35,168,41,20,175,2,14,7.73,0.6,5.2,4.8,0.49,4.27
1202,11/10/2007,UL-Lafayette,34,58,376,20,13,152,2,Middle Tennessee,24,40,138,22,13,118,1,10,6.48,0.65,7.6,3.45,0.59,5.36
1203,11/10/2007,UL-Monroe,28,53,212,23,16,178,2,Grambling,14,24,-4,33,14,169,2,14,4.0,0.7,7.74,-0.17,0.42,5.12
1205,11/10/2007,Utah,50,51,278,32,19,227,1,Wyoming,0,30,37,32,13,85,2,50,5.45,0.59,7.09,1.23,0.41,2.66
1208,11/10/2007,Virginia,48,39,130,25,20,288,1,Miami-Florida,0,39,95,21,9,94,3,48,3.33,0.8,11.52,2.44,0.43,4.48
1209,11/10/2007,Virginia Tech,40,54,188,19,11,207,1,Florida State,21,28,116,33,13,151,2,19,3.48,0.58,10.89,4.14,0.39,4.58
1212,11/10/2007,Washington State,33,31,112,47,32,449,0,Stanford,17,47,113,40,22,263,2,16,3.61,0.68,9.55,2.4,0.55,6.58
1214,11/10/2007,Wisconsin,37,52,232,28,14,245,0,Michigan,21,25,47,41,14,273,3,16,4.46,0.5,8.75,1.88,0.34,6.66
1216,11/13/2007,Ball State,41,41,181,20,14,265,0,Toledo,20,39,214,34,20,203,2,21,4.41,0.7,13.25,5.49,0.59,5.97
1219,11/14/2007,Miami-Ohio,7,37,131,31,16,189,3,Akron,0,36,100,34,12,116,2,7,3.54,0.52,6.1,2.78,0.35,3.41
1220,11/15/2007,Arizona,34,30,56,39,21,266,1,Oregon,24,43,238,54,27,225,3,10,1.87,0.54,6.82,5.53,0.5,4.17
1221,11/15/2007,Arkansas State,31,31,167,53,26,313,2,North Texas,27,43,221,30,22,160,1,4,5.39,0.49,5.91,5.14,0.73,5.33
1225,11/16/2007,Eastern Michigan,48,49,214,36,26,227,1,Central Michigan,45,25,231,37,26,246,1,3,4.37,0.72,6.31,9.24,0.7,6.65
1226,11/16/2007,Hawaii,28,21,51,49,35,379,0,Nevada-Reno,26,48,216,20,9,134,1,2,2.43,0.71,7.73,4.5,0.45,6.7
1228,11/17/2007,Air Force,55,64,569,14,8,101,1,San Diego State,23,35,96,47,29,410,1,32,8.89,0.57,7.21,2.74,0.62,8.72
1230,11/17/2007,Arkansas,45,45,206,18,15,223,0,Mississippi State,31,31,80,51,29,421,4,14,4.58,0.83,12.39,2.58,0.57,8.25
1233,11/17/2007,Boise State,58,36,151,37,26,405,0,Idaho,14,44,136,29,12,212,0,44,4.19,0.7,10.95,3.09,0.41,7.31
1234,11/17/2007,Boston College,20,34,60,47,31,315,1,Clemson,17,31,47,40,26,226,1,3,1.76,0.66,6.7,1.52,0.65,5.65
1235,11/17/2007,Bowling Green,31,39,140,30,21,273,0,Buffalo,17,30,159,33,20,215,0,14,3.59,0.7,9.1,5.3,0.61,6.52
1236,11/17/2007,Brigham Young,35,36,135,40,28,362,0,Wyoming,10,24,9,40,24,268,1,25,3.75,0.7,9.05,0.38,0.6,6.7
1241,11/17/2007,Colorado State,42,43,263,16,13,244,0,Georgia Southern,34,60,349,22,14,160,0,8,6.12,0.81,15.25,5.82,0.64,7.27
1242,11/17/2007,Connecticut,30,49,185,24,16,213,0,Syracuse,7,32,135,38,15,120,2,23,3.78,0.67,8.88,4.22,0.39,3.16
1244,11/17/2007,Florida,59,31,155,38,26,346,1,Florida Atlantic,20,36,75,38,20,309,0,39,5.0,0.68,9.11,2.08,0.53,8.13
1247,11/17/2007,Florida State,24,38,154,26,16,204,0,Maryland,16,37,92,35,17,243,1,8,4.05,0.62,7.85,2.49,0.49,6.94
1248,11/17/2007,Georgia,24,49,184,22,12,99,2,Kentucky,13,29,29,42,24,268,1,11,3.76,0.55,4.5,1.0,0.57,6.38
1249,11/17/2007,Georgia Tech,27,44,178,26,15,260,0,North Carolina,25,35,79,35,21,283,0,2,4.05,0.58,10.0,2.26,0.6,8.09
1250,11/17/2007,Houston,35,46,174,32,24,298,1,Marshall,28,36,136,32,20,260,0,7,3.78,0.75,9.31,3.78,0.62,8.12
1252,11/17/2007,Illinois,41,65,321,23,15,220,1,Northwestern,22,18,69,49,29,310,2,19,4.94,0.65,9.57,3.83,0.59,6.33
1253,11/17/2007,Indiana,27,41,219,39,23,216,1,Purdue,24,32,78,45,28,281,1,3,5.34,0.59,5.54,2.44,0.62,6.24
1256,11/17/2007,Kansas,45,37,202,35,30,364,0,Iowa State,7,26,52,43,24,182,1,38,5.46,0.86,10.4,2.0,0.56,4.23
1260,11/17/2007,Louisiana State,41,40,228,25,17,168,0,Mississippi,24,28,201,39,17,265,3,17,5.7,0.68,6.72,7.18,0.44,6.79
1261,11/17/2007,Louisiana Tech,27,38,152,36,22,261,1,San Jose State,23,26,105,47,28,369,0,4,4.0,0.61,7.25,4.04,0.6,7.85
1265,11/17/2007,Memphis,25,43,265,28,14,298,0,U-A-B,9,30,105,39,25,233,2,16,6.16,0.5,10.64,3.5,0.64,5.97
1268,11/17/2007,Michigan State,35,39,145,22,17,280,2,Penn State,31,40,167,37,16,188,0,4,3.72,0.77,12.73,4.18,0.43,5.08
1272,11/17/2007,Missouri,49,36,143,41,28,284,0,Kansas State,32,32,150,41,26,256,1,17,3.97,0.68,6.93,4.69,0.63,6.24
1273,11/17/2007,Navy,35,60,359,6,3,60,0,Northern Illinois,24,44,149,35,21,206,1,11,5.98,0.5,10.0,3.39,0.6,5.89
1281,11/17/2007,Notre Dame,28,48,220,32,16,194,0,Duke,7,27,94,38,18,138,0,21,4.58,0.5,6.06,3.48,0.47,3.63
1282,11/17/2007,Ohio State,14,59,229,13,7,50,1,Michigan,3,24,15,37,12,76,0,11,3.88,0.54,3.85,0.62,0.32,2.05
1284,11/17/2007,Oklahoma State,45,51,343,21,16,202,0,Baylor,14,28,73,40,29,236,2,31,6.73,0.76,9.62,2.61,0.72,5.9
1285,11/17/2007,Oregon State,52,49,218,30,17,213,0,Washington State,17,30,83,46,21,314,7,35,4.45,0.57,7.1,2.77,0.46,6.83
1290,11/17/2007,Rutgers,20,40,111,17,5,108,2,Pittsburgh,16,41,110,28,14,158,1,4,2.78,0.29,6.35,2.68,0.5,5.64
1294,11/17/2007,South Florida,55,49,230,27,19,251,1,Louisville,17,26,130,49,24,273,3,38,4.69,0.7,9.3,5.0,0.49,5.57
1295,11/17/2007,Southern Miss,56,62,363,22,10,205,1,UTEP,30,30,124,42,19,290,1,26,5.85,0.45,9.32,4.13,0.45,6.9
1297,11/17/2007,Temple,24,55,184,27,18,191,0,Kent State,14,23,48,27,11,76,4,10,3.35,0.67,7.07,2.09,0.41,2.81
1298,11/17/2007,Tennessee,25,28,105,43,29,245,0,Vanderbilt,24,41,131,26,14,139,0,1,3.75,0.67,5.7,3.2,0.54,5.35
1299,11/17/2007,Texas Christian,34,58,251,23,12,126,1,Nevada-Las Vegas,10,22,12,30,18,235,1,24,4.33,0.52,5.48,0.55,0.6,7.83
1300,11/17/2007,Texas Tech,34,17,53,72,47,420,2,Oklahoma,27,34,106,45,23,302,1,7,3.12,0.65,5.83,3.12,0.51,6.71
1301,11/17/2007,Tulane,45,54,267,22,11,188,1,Rice,31,15,23,55,35,353,0,14,4.94,0.5,8.55,1.53,0.64,6.42
1302,11/17/2007,Tulsa,49,40,197,34,24,425,0,Army,39,43,163,38,26,328,1,10,4.92,0.71,12.5,3.79,0.68,8.63
1304,11/17/2007,U-C-F,49,39,262,24,14,222,1,S-M-U,20,54,228,38,18,176,3,29,6.72,0.58,9.25,4.22,0.47,4.63
1305,11/17/2007,UL-Lafayette,38,54,287,19,16,177,0,Florida Intl,28,42,264,19,11,127,0,10,5.31,0.84,9.32,6.29,0.58,6.68
1306,11/17/2007,UL-Monroe,21,44,121,24,14,161,0,Alabama,14,35,163,31,21,246,2,7,2.75,0.58,6.71,4.66,0.68,7.94
1308,11/17/2007,Utah,28,44,138,28,17,172,1,New Mexico,10,31,81,41,18,198,0,18,3.14,0.61,6.14,2.61,0.44,4.83
1309,11/17/2007,Utah State,35,45,166,20,14,189,0,New Mexico State,17,22,88,58,42,367,2,18,3.69,0.7,9.45,4.0,0.72,6.33
1311,11/17/2007,Virginia Tech,44,43,182,26,14,176,0,Miami-Florida,14,29,-2,36,21,215,1,30,4.23,0.54,6.77,-0.07,0.58,5.97
1312,11/17/2007,Wake Forest,38,47,136,30,21,216,0,No Carolina State,18,21,57,56,24,286,3,20,2.89,0.7,7.2,2.71,0.43,5.11
1313,11/17/2007,Washington,37,56,334,19,7,108,0,California,23,27,147,28,20,236,1,14,5.96,0.37,5.68,5.44,0.71,8.43
1315,11/17/2007,West Virginia,28,61,295,19,13,140,1,Cincinnati,23,30,84,34,19,323,0,5,4.84,0.68,7.37,2.8,0.56,9.5
1316,11/17/2007,Western Kentucky,52,41,190,19,11,192,1,Morehead State,12,34,39,34,16,207,3,40,4.63,0.58,10.11,1.15,0.47,6.09
1317,11/17/2007,Western Michigan,28,35,122,45,26,367,0,Iowa,19,32,148,38,20,249,2,9,3.49,0.58,8.16,4.62,0.53,6.55
1318,11/17/2007,Wisconsin,41,48,325,15,7,118,1,Minnesota,34,35,149,37,21,352,2,7,6.77,0.47,7.87,4.26,0.57,9.51
1321,11/20/2007,Troy,45,56,263,39,24,288,2,Middle Tennessee,7,28,93,28,18,116,1,38,4.7,0.62,7.38,3.32,0.64,4.14
1323,11/22/2007,Southern Cal,44,37,133,40,26,375,0,Arizona State,21,35,16,31,22,243,0,23,3.59,0.65,9.38,0.46,0.71,7.84
1325,11/23/2007,Arkansas,50,53,385,24,13,128,0,Louisiana State,48,48,204,47,22,209,0,2,7.26,0.54,5.33,4.25,0.47,4.45
1327,11/23/2007,Bowling Green,37,44,201,36,22,242,0,Toledo,10,28,66,40,21,256,3,27,4.57,0.61,6.72,2.36,0.52,6.4
1328,11/23/2007,Central Michigan,35,40,257,54,33,382,2,Akron,32,32,113,38,23,210,1,3,6.42,0.61,7.07,3.53,0.61,5.53
1329,11/23/2007,Colorado,65,52,277,29,17,241,0,Nebraska,51,20,126,58,31,484,3,14,5.33,0.59,8.31,6.3,0.53,8.34
1330,11/23/2007,Colorado State,36,52,152,22,16,245,1,Wyoming,28,27,99,34,21,229,0,8,2.92,0.73,11.14,3.67,0.62,6.74
1331,11/23/2007,Hawaii,39,24,79,53,40,495,2,Boise State,27,35,101,37,22,231,1,12,3.29,0.75,9.34,2.89,0.59,6.24
1334,11/23/2007,Mississippi State,17,25,81,36,15,192,1,Mississippi,14,50,204,30,10,115,1,3,3.24,0.42,5.33,4.08,0.33,3.83
1337,11/23/2007,Texas A+M,38,48,171,38,25,362,2,Texas,30,30,128,32,17,229,1,8,3.56,0.66,9.53,4.27,0.53,7.16
1342,11/24/2007,Auburn,17,41,165,22,12,117,1,Alabama,10,36,112,26,12,113,1,7,4.02,0.55,5.32,3.11,0.46,4.35
1343,11/24/2007,Ball State,27,31,44,35,23,326,0,Northern Illinois,21,28,-1,45,25,262,1,6,1.42,0.66,9.31,-0.04,0.56,5.82
1344,11/24/2007,Boston College,28,25,93,43,26,369,2,Miami-Florida,14,39,83,42,23,198,1,14,3.72,0.6,8.58,2.13,0.55,4.71
1345,11/24/2007,Brigham Young,17,33,155,41,17,269,1,Utah,10,39,115,29,17,129,2,7,4.7,0.41,6.56,2.95,0.59,4.45
1346,11/24/2007,Buffalo,30,26,49,45,35,335,0,Kent State,23,49,217,22,12,184,0,7,1.88,0.78,7.44,4.43,0.55,8.36
1347,11/24/2007,Cincinnati,52,32,113,43,29,431,0,Syracuse,31,34,-15,51,31,428,0,21,3.53,0.67,10.02,-0.44,0.61,8.39
1348,11/24/2007,Clemson,23,46,214,39,28,229,1,South Carolina,21,21,80,31,18,284,2,2,4.65,0.72,5.87,3.81,0.58,9.16
1351,11/24/2007,East Carolina,35,46,219,21,14,222,0,Tulane,12,32,108,38,20,228,1,23,4.76,0.67,10.57,3.38,0.53,6.0
1352,11/24/2007,Florida,45,38,279,28,19,262,0,Florida State,12,25,99,37,20,188,0,33,7.34,0.68,9.36,3.96,0.54,5.08
1353,11/24/2007,Florida Atlantic,55,30,228,32,22,343,1,Florida Intl,23,34,113,49,29,264,1,32,7.6,0.69,10.72,3.32,0.59,5.39
1356,11/24/2007,Fresno State,45,51,236,29,23,313,0,Kansas State,29,17,126,42,27,256,1,16,4.63,0.79,10.79,7.41,0.64,6.1
1357,11/24/2007,Georgia,31,39,218,29,14,214,0,Georgia Tech,17,39,136,32,12,179,2,14,5.59,0.48,7.38,3.49,0.38,5.59
1359,11/24/2007,Houston,59,48,377,24,20,287,0,Texas Southern,6,32,48,26,12,131,2,53,7.85,0.83,11.96,1.5,0.46,5.04
1365,11/24/2007,Marshall,46,33,177,36,26,309,0,U-A-B,39,25,107,50,27,389,0,7,5.36,0.72,8.58,4.28,0.54,7.78
1366,11/24/2007,Maryland,37,49,249,25,20,217,0,No Carolina State,0,16,10,45,26,240,1,37,5.08,0.8,8.68,0.62,0.58,5.33
1367,11/24/2007,Memphis,55,47,196,61,32,343,1,S-M-U,52,41,189,48,35,375,2,3,4.17,0.52,5.62,4.61,0.73,7.81
1370,11/24/2007,Missouri,36,43,151,50,41,368,0,Kansas,28,22,42,49,28,349,2,8,3.51,0.82,7.36,1.91,0.57,7.12
1373,11/24/2007,New Mexico,27,38,173,33,19,210,2,Nevada-Las Vegas,6,34,91,40,15,142,2,21,4.55,0.58,6.36,2.68,0.38,3.55
1375,11/24/2007,North Carolina,20,32,174,24,11,75,2,Duke,14,48,145,31,21,215,0,6,5.44,0.46,3.12,3.02,0.68,6.94
1376,11/24/2007,North Texas,27,34,195,42,20,202,3,Western Kentucky,26,46,226,23,15,123,0,1,5.74,0.48,4.81,4.91,0.65,5.35
1378,11/24/2007,Notre Dame,21,38,117,32,19,196,1,Stanford,14,44,175,33,15,152,2,7,3.08,0.59,6.12,3.98,0.45,4.61
1379,11/24/2007,Ohio,38,38,81,18,9,118,0,Miami-Ohio,29,41,132,45,22,247,2,9,2.13,0.5,6.56,3.22,0.49,5.49
1380,11/24/2007,Oklahoma,49,56,307,17,13,180,1,Oklahoma State,17,39,195,23,9,104,0,32,5.48,0.76,10.59,5.0,0.39,4.52
1387,11/24/2007,San Jose State,27,40,86,47,30,346,1,Nevada-Reno,24,35,174,24,12,252,0,3,2.15,0.64,7.36,4.97,0.5,10.5
1389,11/24/2007,South Florida,48,44,193,23,17,159,0,Pittsburgh,37,34,95,38,24,298,3,11,4.39,0.74,6.91,2.79,0.63,7.84
1390,11/24/2007,Southern Miss,16,46,177,24,13,123,1,Arkansas State,10,42,242,23,9,118,1,6,3.85,0.54,5.12,5.76,0.39,5.13
1394,11/24/2007,Tennessee,52,37,123,45,28,397,3,Kentucky,50,48,134,62,39,430,2,2,3.32,0.62,8.82,2.79,0.63,6.94
1395,11/24/2007,Texas Christian,45,69,376,42,26,318,0,San Diego State,33,21,75,51,26,366,0,12,5.45,0.62,7.57,3.57,0.51,7.18
1397,11/24/2007,Tulsa,48,37,151,39,22,441,1,Rice,43,37,159,67,40,541,1,5,4.08,0.56,11.31,4.3,0.6,8.07
1399,11/24/2007,U-C-F,36,55,213,28,19,267,1,UTEP,20,19,28,37,20,292,2,16,3.87,0.68,9.54,1.47,0.54,7.89
1400,11/24/2007,U.C.L.A.,16,51,156,17,4,64,2,Oregon,0,39,43,39,11,105,3,16,3.06,0.24,3.76,1.1,0.28,2.69
1402,11/24/2007,UL-Monroe,17,52,196,19,11,99,0,UL-Lafayette,11,37,180,38,19,240,1,6,3.77,0.58,5.21,4.86,0.5,6.32
1405,11/24/2007,Utah State,24,44,154,15,11,118,0,Idaho,19,52,237,27,14,191,3,5,3.5,0.73,7.87,4.56,0.52,7.07
1408,11/24/2007,Virginia Tech,33,46,131,26,17,299,1,Virginia,21,36,97,28,17,144,1,12,2.85,0.65,11.5,2.69,0.61,5.14
1409,11/24/2007,Wake Forest,31,43,150,31,21,146,1,Vanderbilt,17,28,16,58,32,333,2,14,3.49,0.68,4.71,0.57,0.55,5.74
1411,11/24/2007,Washington State,42,26,110,40,27,399,0,Washington,35,50,225,37,13,239,2,7,4.23,0.68,9.98,4.5,0.35,6.46
1412,11/24/2007,West Virginia,66,52,517,13,9,107,1,Connecticut,21,50,203,34,18,189,0,45,9.94,0.69,8.23,4.06,0.53,5.56
1414,11/24/2007,Western Michigan,16,40,162,39,24,276,1,Temple,3,27,54,25,6,92,0,13,4.05,0.62,7.08,2.0,0.24,3.68
1415,11/29/2007,Louisville,41,45,240,22,12,237,0,Rutgers,38,37,153,32,21,265,0,3,5.33,0.55,10.77,4.14,0.66,8.28
1417,11/30/2007,Fresno State,30,53,263,19,10,205,0,New Mexico State,23,27,96,53,31,323,0,7,4.96,0.53,10.79,3.56,0.58,6.09
1420,12/01/2007,Arizona State,20,40,97,37,20,247,0,Arizona,17,19,44,52,28,272,2,3,2.42,0.54,6.68,2.32,0.54,5.23
1423,12/01/2007,Brigham Young,48,52,311,26,19,227,1,San Diego State,27,26,68,55,33,288,1,21,5.98,0.73,8.73,2.62,0.6,5.24
1425,12/01/2007,Central Michigan,35,44,267,34,24,185,2,Miami-Ohio,10,25,52,50,29,254,2,25,6.07,0.71,5.44,2.08,0.58,5.08
1426,12/01/2007,Florida Atlantic,38,37,141,34,23,291,0,Troy,32,39,175,50,36,271,1,6,3.81,0.68,8.56,4.49,0.72,5.42
1427,12/01/2007,Florida Intl,38,40,116,20,11,228,1,North Texas,19,26,92,54,31,253,2,19,2.9,0.55,11.4,3.54,0.57,4.69
1428,12/01/2007,Hawaii,35,23,96,50,42,442,0,Washington,28,50,261,18,9,142,1,7,4.17,0.84,8.84,5.22,0.5,7.89
1429,12/01/2007,Louisiana State,21,47,212,33,21,252,1,Tennessee,14,26,94,40,20,249,2,7,4.51,0.64,7.64,3.62,0.5,6.22
1433,12/01/2007,Navy,38,61,287,5,2,7,0,Army,3,40,100,23,12,117,0,35,4.7,0.4,1.4,2.5,0.52,5.09
1434,12/01/2007,Nevada-Reno,49,55,237,29,18,404,0,Louisiana Tech,10,33,55,29,12,173,0,39,4.31,0.62,13.93,1.67,0.41,5.97
1436,12/01/2007,Oklahoma,38,40,166,26,18,209,0,Missouri,17,32,98,39,23,219,1,21,4.15,0.69,8.04,3.06,0.59,5.62
1438,12/01/2007,Oregon State,38,44,214,37,20,245,1,Oregon,31,57,195,28,13,144,1,7,4.86,0.54,6.62,3.42,0.46,5.14
1439,12/01/2007,Pittsburgh,13,52,158,19,10,67,2,West Virginia,9,41,104,16,9,79,0,4,3.04,0.53,3.53,2.54,0.56,4.94
1441,12/01/2007,Southern Cal,24,49,231,36,21,206,1,U.C.L.A.,7,25,12,29,13,156,1,17,4.71,0.58,5.72,0.48,0.45,5.38
1442,12/01/2007,Stanford,20,39,120,33,21,196,1,California,13,24,108,47,22,252,2,7,3.08,0.64,5.94,4.5,0.47,5.36
1446,12/01/2007,U-C-F,44,49,308,13,6,128,0,Tulsa,25,35,32,57,29,438,3,19,6.29,0.46,9.85,0.91,0.51,7.68
1448,12/01/2007,Virginia Tech,30,36,98,33,21,202,1,Boston College,16,25,84,52,33,305,2,14,2.72,0.64,6.12,3.36,0.63,5.87
